source,resource_id,metric_name,service_tag,region,unit,timestamp,avg_value,min_value,max_value,count_value
azure_monitor,vm-dev-01,cpu_utilization,development,centralus,percent,2026-06-15 00:00:00,7.938627637177629,6.0233107315355605,9.992972644542142,264
datadog,svc-api-gateway,request_rate,api,eastus2,rpm,2026-06-22 00:00:00,1204.8622279894846,1101.699882362783,1299.9598258836068,264
azure_monitor,vm-prod-02,memory_utilization,compute,centralus,percent,2026-06-24 00:00:00,59.959321329313774,59.00214197364274,60.98030655702695,264
datadog,svc-api-gateway,error_rate,api,eastus2,percent,2026-06-24 00:00:00,0.49672282562191433,0.30164476720534084,0.6988263580851712,264
azure_monitor,vm-prod-02,memory_utilization,compute,centralus,percent,2026-06-28 00:00:00,60.05833743266862,59.01775021099045,60.99967462494236,264
datadog,svc-api-gateway,error_rate,api,eastus2,percent,2026-06-28 00:00:00,0.501647511575677,0.30045907265508964,0.6997182762321799,264
azure_monitor,vm-prod-01,cpu_utilization,compute,centralus,percent,2026-06-30 00:00:00,45.02426259006369,40.015182442854595,49.994257905223286,264
azure_monitor,vm-dev-01,memory_utilization,development,centralus,percent,2026-07-06 00:00:00,11.976620473517205,11.002790998808644,12.997416354020695,264
azure_monitor,vm-prod-02,cpu_utilization,compute,centralus,percent,2026-07-06 00:00:00,71.1748684731475,67.80403632503682,74.01396186007342,264
azure_monitor,vm-prod-01,memory_utilization,compute,centralus,percent,2026-07-07 00:00:00,55.04177916335172,53.011238516456835,56.983731714860696,283
datadog,svc-api-gateway,request_rate,api,eastus2,rpm,2026-07-08 00:00:00,1201.5499176412832,1100.8178815905458,1299.9858155965364,288
azure_monitor,vm-prod-01,memory_utilization,compute,centralus,percent,2026-07-10 00:00:00,55.04706450816131,53.007038200750955,56.99937188706547,288
azure_cost,vm-prod-01,daily_cost,compute,centralus,usd,2026-06-15 00:00:00,100.23731916330026,96.06108562642025,104.47605341358819,11
azure_cost,vm-dev-01,daily_cost,development,centralus,usd,2026-06-23 00:00:00,10.07235850656207,9.088541000869263,10.960087929920217,11
azure_cost,vm-prod-02,daily_cost,compute,centralus,usd,2026-06-27 00:00:00,147.52544204174092,142.36455660505726,155.43706717784232,11
azure_cost,vm-dev-01,daily_cost,development,centralus,usd,2026-06-29 00:00:00,9.807661925048745,9.330076777177691,10.83130708737039,11
azure_cost,vm-prod-02,daily_cost,compute,centralus,usd,2026-07-04 00:00:00,153.1696327525706,143.0820300378784,157.95436806642414,11
azure_cost,svc-api-gateway,daily_cost,api,eastus2,usd,2026-07-06 00:00:00,49.648692055125814,48.19845202981965,51.90758507353548,11
azure_monitor,vm-prod-01,cpu_utilization,compute,centralus,percent,2026-07-18 00:00:00,45.28380858893687,40.05470180611776,49.82550699435898,24
datadog,svc-api-gateway,request_rate,api,eastus2,rpm,2026-07-22 00:00:00,1201.0317620803667,1117.2148646907751,1299.8740481698433,24
azure_monitor,vm-prod-01,cpu_utilization,compute,centralus,percent,2026-07-27 00:00:00,44.58144735647128,40.30583118399529,49.18885811992887,24
azure_monitor,vm-dev-01,memory_utilization,development,centralus,percent,2026-07-28 00:00:00,12.14988221316163,11.021159208186875,12.932253706567705,24
azure_monitor,vm-prod-02,cpu_utilization,compute,centralus,percent,2026-07-28 00:00:00,66.76261321436726,65.06707406575367,68.74265760896763,24
azure_monitor,vm-prod-01,cpu_utilization,compute,centralus,percent,2026-07-30 00:00:00,44.69711586732515,40.3953571257942,49.55866310315152,24
datadog,svc-api-gateway,request_rate,api,eastus2,rpm,2026-07-31 00:00:00,1203.83164915488,1105.234237792244,1297.737149870001,24
azure_monitor,vm-prod-01,memory_utilization,compute,centralus,percent,2026-08-01 00:00:00,55.057197547636406,53.04496486050334,56.868193051019794,24
azure_monitor,vm-prod-01,cpu_utilization,compute,centralus,percent,2026-08-02 00:00:00,45.65741341824181,40.70813686438512,49.92206076129406,24
azure_monitor,vm-dev-01,memory_utilization,development,centralus,percent,2026-08-03 00:00:00,11.635921028604605,11.014178963546566,12.549458008891579,24
azure_monitor,vm-prod-02,cpu_utilization,compute,centralus,percent,2026-08-03 00:00:00,75.95719430470015,74.31096056980647,78.38093315874721,24
azure_cost,vm-dev-01,daily_cost,development,centralus,usd,2026-07-13 00:00:00,10.835253296109494,10.835253296109494,10.835253296109494,1
azure_cost,vm-prod-02,daily_cost,compute,centralus,usd,2026-07-23 00:00:00,146.28576029579833,146.28576029579833,146.28576029579833,1
azure_cost,svc-api-gateway,daily_cost,api,eastus2,usd,2026-07-28 00:00:00,50.723246343487894,50.723246343487894,50.723246343487894,1
azure_cost,svc-api-gateway,daily_cost,api,eastus2,usd,2026-08-03 00:00:00,49.48020657233769,49.48020657233769,49.48020657233769,1
datadog,vm-scale-06,request_rate,api,westeurope,rpm,2026-07-30 00:00:00,1534.496365714384,756.7810894911108,2312.211641937657,2
azure_cost,vm-scale-06,daily_cost,compute,centralus,usd,2026-07-30 00:00:00,84.17603079125324,84.17603079125324,84.17603079125324,1
datadog,vm-scale-06,request_rate,api,centralus,rpm,2026-07-30 00:00:00,2644.8839891257826,2508.152808609001,2781.615169642564,2
azure_monitor,vm-scale-01,cpu_utilization,compute,westeurope,percent,2026-07-31 00:00:00,62.46049314168958,26.984488636901705,81.97263248120677,5
azure_monitor,vm-scale-08,cpu_utilization,compute,eastus,percent,2026-07-31 00:00:00,56.36864272983623,26.108604033314926,89.53869245061777,6
azure_monitor,vm-scale-05,cpu_utilization,compute,eastus,percent,2026-07-31 00:00:00,57.05794578642848,34.905514713814405,86.57181728981195,6
azure_cost,vm-scale-05,daily_cost,compute,centralus,usd,2026-08-01 00:00:00,167.31817036685135,53.966478941457424,241.66713313227197,5
azure_cost,vm-scale-02,daily_cost,compute,eastus,usd,2026-08-01 00:00:00,169.56837198028038,114.21249087395466,274.3139295884985,3
azure_monitor,vm-scale-04,cpu_utilization,compute,westeurope,percent,2026-08-01 00:00:00,50.34815081216988,19.000899535943056,85.2683762636472,5
azure_cost,vm-scale-01,daily_cost,compute,centralus,usd,2026-08-01 00:00:00,171.65004670005465,86.73913730099973,251.63089877333147,4
azure_cost,vm-scale-07,daily_cost,compute,centralus,usd,2026-08-01 00:00:00,157.24700853479902,66.33365120044989,233.97036800351327,5
azure_monitor,vm-scale-06,cpu_utilization,compute,eastus,percent,2026-08-01 00:00:00,41.51579834463359,18.302014023915138,86.4413783283668,6
azure_cost,vm-scale-06,daily_cost,compute,eastus,usd,2026-08-01 00:00:00,216.23303235238015,161.13022524632026,271.33583945844003,2
datadog,vm-scale-07,request_rate,api,westeurope,rpm,2026-08-01 00:00:00,2660.506738719781,555.6664279692832,4765.347049470279,2
azure_cost,vm-scale-03,daily_cost,compute,centralus,usd,2026-08-01 00:00:00,143.528543839685,73.5267010760775,190.5466315229987,3
datadog,vm-scale-06,request_rate,api,westeurope,rpm,2026-08-02 00:00:00,2313.628555028028,729.4175566005614,4963.148661377524,4
datadog,vm-scale-06,request_rate,api,centralus,rpm,2026-08-02 00:00:00,1449.3546671623205,1248.3507893206663,1650.3585450039748,2
azure_cost,vm-scale-06,daily_cost,compute,centralus,usd,2026-08-02 00:00:00,92.71589292999259,46.6630882325514,154.9876858246218,4
azure_cost,vm-scale-02,daily_cost,compute,westeurope,usd,2026-08-03 00:00:00,112.86824233565672,74.40187168014523,200.04756570749527,4
datadog,vm-scale-04,request_rate,api,centralus,rpm,2026-08-03 00:00:00,2907.7243790759994,479.897293391267,4755.831513843319,8
azure_cost,vm-scale-09,daily_cost,compute,centralus,usd,2026-08-03 00:00:00,166.35791610435055,72.45945560728191,237.50807639212388,6
datadog,vm-scale-03,request_rate,api,eastus,rpm,2026-08-03 00:00:00,3061.3163093576345,1875.4768885993574,4056.4953447590624,5
datadog,vm-scale-04,request_rate,api,eastus,rpm,2026-08-03 00:00:00,4439.747222012261,4006.048894913603,4873.445549110918,2
datadog,vm-scale-05,request_rate,api,eastus,rpm,2026-08-03 00:00:00,1621.589190903938,378.49043826594976,3349.0900366665333,3
azure_monitor,vm-scale-04,cpu_utilization,compute,centralus,percent,2026-08-03 00:00:00,46.592941369366095,18.333801436633856,62.46334978174727,3
azure_monitor,vm-scale-05,cpu_utilization,compute,westeurope,percent,2026-08-03 00:00:00,66.02120570430893,53.6015518888342,77.48241205324766,5
azure_cost,vm-scale-09,daily_cost,compute,eastus,usd,2026-08-03 00:00:00,174.98034544752446,134.31478749741206,248.0138405263789,3
azure_cost,vm-scale-04,daily_cost,compute,eastus,usd,2026-08-04 00:00:00,158.55819434693967,45.775238635299466,257.086414965695,6
azure_monitor,vm-scale-09,cpu_utilization,compute,westeurope,percent,2026-08-04 00:00:00,33.97024921107445,25.424684522059927,42.40872348486572,6
azure_monitor,vm-scale-02,cpu_utilization,compute,eastus,percent,2026-08-05 00:00:00,66.58355326127963,17.794482828070407,90.64669231279579,5
azure_monitor,vm-scale-09,cpu_utilization,compute,westeurope,percent,2026-08-05 00:00:00,45.321647190834554,19.53773010264594,77.62656030439504,8
azure_cost,vm-scale-04,daily_cost,compute,eastus,usd,2026-08-05 00:00:00,149.77410427460103,140.0737544815355,159.47445406766653,2
azure_cost,vm-scale-04,daily_cost,compute,centralus,usd,2026-08-06 00:00:00,182.37626114749767,126.78709126740438,277.9498378899377,6
azure_cost,vm-scale-05,daily_cost,compute,westeurope,usd,2026-08-06 00:00:00,130.26225954555028,48.62413412576629,256.77814070045633,3
azure_cost,vm-scale-01,daily_cost,compute,westeurope,usd,2026-08-06 00:00:00,179.23191960641043,179.23191960641043,179.23191960641043,1
azure_cost,vm-scale-02,daily_cost,compute,westeurope,usd,2026-08-07 00:00:00,108.54508867652545,108.54508867652545,108.54508867652545,1
azure_monitor,vm-scale-05,cpu_utilization,compute,westeurope,percent,2026-08-07 00:00:00,41.86860086534726,22.377822412277613,55.3310794738307,3
azure_cost,vm-scale-09,daily_cost,compute,eastus,usd,2026-08-07 00:00:00,168.25421902659517,45.17532800141196,231.20425485913393,3
datadog,vm-scale-05,request_rate,api,eastus,rpm,2026-08-07 00:00:00,1833.0377328907082,908.3773460952146,2316.6039913796726,3
datadog,vm-scale-04,request_rate,api,eastus,rpm,2026-08-07 00:00:00,3113.3984696359453,1497.8756253831768,4576.488938627608,4
datadog,vm-scale-04,request_rate,api,centralus,rpm,2026-08-07 00:00:00,2915.5927835846123,156.38589790003775,4874.558061597425,3
datadog,vm-scale-03,request_rate,api,eastus,rpm,2026-08-07 00:00:00,1482.1670960098854,140.87076268487704,2819.7675140646616,3
azure_monitor,vm-scale-04,cpu_utilization,compute,centralus,percent,2026-08-07 00:00:00,47.5889312257949,19.23548845530021,82.27976291233253,5
azure_cost,vm-scale-09,daily_cost,compute,centralus,usd,2026-08-07 00:00:00,185.17663301034776,185.17663301034776,185.17663301034776,1
azure_cost,vm-scale-06,daily_cost,compute,centralus,usd,2026-08-08 00:00:00,153.91013750263113,66.07225168723483,217.95768197948615,5
datadog,vm-scale-06,request_rate,api,centralus,rpm,2026-08-08 00:00:00,2744.5443033481106,1183.9557704154129,4305.132836280808,2
datadog,vm-scale-06,request_rate,api,westeurope,rpm,2026-08-08 00:00:00,2363.173275679039,2363.173275679039,2363.173275679039,1
datadog,vm-scale-06,request_rate,api,centralus,rpm,2026-08-09 00:00:00,2747.80360149639,705.6925764178627,3999.60730198002,8
datadog,vm-scale-06,request_rate,api,westeurope,rpm,2026-08-09 00:00:00,2408.1702798210576,271.58332946472575,3344.9069944384723,5
azure_cost,vm-scale-06,daily_cost,compute,centralus,usd,2026-08-09 00:00:00,210.2999662292757,115.71472402143509,272.95103148938745,3
azure_cost,vm-scale-09,daily_cost,compute,centralus,usd,2026-08-10 00:00:00,126.84698474607993,41.29848201647833,260.70025396441645,9
azure_monitor,vm-scale-05,cpu_utilization,compute,westeurope,percent,2026-08-10 00:00:00,58.57787340788395,46.33641179243276,68.17942240723796,4
azure_monitor,vm-scale-04,cpu_utilization,compute,centralus,percent,2026-08-10 00:00:00,63.235206970464695,26.877514236584577,90.46382594988663,4
datadog,vm-scale-04,request_rate,api,centralus,rpm,2026-08-10 00:00:00,3273.032932669568,353.1464155359395,4748.895655528007,5
azure_cost,vm-scale-09,daily_cost,compute,eastus,usd,2026-08-10 00:00:00,112.90745039336312,43.648432778920835,224.46184013463548,5
datadog,vm-scale-05,request_rate,api,eastus,rpm,2026-08-10 00:00:00,3479.7970235008615,1067.5699726441276,4759.899990060533,4
datadog,vm-scale-04,request_rate,api,eastus,rpm,2026-08-10 00:00:00,3225.1551420336896,1418.9002797777525,4661.112048703458,5
datadog,vm-scale-03,request_rate,api,eastus,rpm,2026-08-10 00:00:00,2088.5340174495173,1064.8298836705721,2760.1037678977764,3
azure_cost,vm-scale-02,daily_cost,compute,westeurope,usd,2026-08-10 00:00:00,154.9341112098693,68.38446022043132,231.29531957803658,3
datadog,vm-scale-03,request_rate,api,westeurope,rpm,2026-08-11 00:00:00,3176.3919799040414,2159.0756781199057,4457.589936144147,3
azure_monitor,vm-scale-06,cpu_utilization,compute,centralus,percent,2026-08-11 00:00:00,74.43764924274215,39.22581709950042,89.57620848983655,6
azure_monitor,vm-scale-04,cpu_utilization,compute,eastus,percent,2026-08-11 00:00:00,31.13284347870533,21.265459437166964,37.801209148989656,3
azure_cost,vm-scale-08,daily_cost,compute,eastus,usd,2026-08-11 00:00:00,141.2583686559199,90.63281014268046,215.46267480043085,3
datadog,vm-scale-08,request_rate,api,westeurope,rpm,2026-08-11 00:00:00,1254.7795035826093,224.90043646325458,2284.658570701964,2
azure_monitor,vm-scale-04,cpu_utilization,compute,centralus,percent,2026-08-12 00:00:00,49.83433770878173,41.59040628877115,65.31788024131635,3
azure_cost,vm-scale-09,daily_cost,compute,eastus,usd,2026-08-12 00:00:00,193.99703059172415,40.873134603976595,276.20879236636364,10
azure_cost,vm-scale-09,daily_cost,compute,centralus,usd,2026-08-12 00:00:00,178.034462688864,84.0040964892608,249.30186658274062,8
datadog,vm-scale-05,request_rate,api,eastus,rpm,2026-08-12 00:00:00,2554.7383206376394,1037.4897448302108,4111.985474114579,7
datadog,vm-scale-03,request_rate,api,eastus,rpm,2026-08-12 00:00:00,3507.1209092201607,1462.3251496171358,4671.3381503904875,5
datadog,vm-scale-04,request_rate,api,centralus,rpm,2026-08-12 00:00:00,1066.7035250046597,1066.7035250046597,1066.7035250046597,1
azure_monitor,vm-scale-05,cpu_utilization,compute,westeurope,percent,2026-08-12 00:00:00,62.78720907633361,54.58235915379308,70.99205899887414,2
azure_monitor,vm-scale-03,cpu_utilization,compute,westeurope,percent,2026-08-13 00:00:00,52.12138020520382,21.296556920063303,72.07323946287639,4
azure_cost,vm-scale-01,daily_cost,compute,eastus,usd,2026-08-13 00:00:00,168.327508004482,130.37490197933133,206.28011402963273,2
azure_monitor,vm-scale-01,cpu_utilization,compute,westeurope,percent,2026-08-14 00:00:00,37.44934364074864,31.50911794491632,43.38956933658096,2
azure_monitor,vm-scale-08,cpu_utilization,compute,eastus,percent,2026-08-14 00:00:00,79.99926077909828,72.44384148100252,87.55468007719404,2
azure_monitor,vm-scale-05,cpu_utilization,compute,eastus,percent,2026-08-14 00:00:00,68.62708852510102,68.62708852510102,68.62708852510102,1
azure_monitor,vm-scale-01,cpu_utilization,compute,westeurope,percent,2026-08-15 00:00:00,48.864132845916984,17.95334799119795,84.01213761288358,9
azure_monitor,vm-scale-08,cpu_utilization,compute,eastus,percent,2026-08-15 00:00:00,64.34276422341789,45.46167951008973,85.9018475696523,3
azure_monitor,vm-scale-05,cpu_utilization,compute,eastus,percent,2026-08-15 00:00:00,50.47144585328212,32.169171781065685,60.81145361191685,3
azure_monitor,vm-scale-06,cpu_utilization,compute,centralus,percent,2026-08-16 00:00:00,78.92329453535939,74.64359803830953,83.20299103240924,2
datadog,vm-scale-03,request_rate,api,westeurope,rpm,2026-08-16 00:00:00,4279.176443636788,3964.142327865231,4686.065832309988,4
azure_monitor,vm-scale-04,cpu_utilization,compute,eastus,percent,2026-08-16 00:00:00,44.73684358598953,33.69832215825174,55.775365013727324,2
datadog,vm-scale-08,request_rate,api,westeurope,rpm,2026-08-16 00:00:00,4030.168456402531,3662.410228907994,4397.926683897067,2
azure_cost,vm-scale-04,daily_cost,compute,centralus,usd,2026-08-17 00:00:00,259.338766875228,259.338766875228,259.338766875228,1
azure_cost,vm-scale-01,daily_cost,compute,westeurope,usd,2026-08-17 00:00:00,140.72189458230952,49.778102133979274,237.01026765366265,5
azure_cost,vm-scale-05,daily_cost,compute,westeurope,usd,2026-08-18 00:00:00,161.47937058336308,50.93774140040811,263.9582121724694,9
azure_cost,vm-scale-01,daily_cost,compute,westeurope,usd,2026-08-18 00:00:00,175.82239768052966,90.56650142828312,263.1286617666806,4
azure_cost,vm-scale-04,daily_cost,compute,centralus,usd,2026-08-18 00:00:00,199.31003210715258,189.1773037090143,209.44276050529086,2
azure_monitor,vm-scale-01,cpu_utilization,compute,centralus,percent,2026-08-19 00:00:00,62.047383372061304,51.495392749381566,77.65844441086048,4
datadog,vm-scale-02,request_rate,api,westeurope,rpm,2026-08-19 00:00:00,2212.819709056107,492.7666273098818,4757.9819294333165,7
azure_monitor,vm-scale-05,cpu_utilization,compute,centralus,percent,2026-08-19 00:00:00,74.83427165587452,64.67569475765634,90.88592166686011,5
azure_cost,vm-scale-03,daily_cost,compute,eastus,usd,2026-08-19 00:00:00,229.8549508011842,212.36234452685707,247.34755707551133,2
datadog,vm-scale-01,request_rate,api,eastus,rpm,2026-08-19 00:00:00,1687.8329280277994,851.7198261351342,3290.0880662055315,3
azure_cost,vm-scale-08,daily_cost,compute,westeurope,usd,2026-08-19 00:00:00,137.98022757637114,62.77197984938397,257.67402471347697,4
azure_cost,vm-scale-09,daily_cost,compute,westeurope,usd,2026-08-19 00:00:00,100.32915074724531,42.29241204909214,191.70166675998001,3
datadog,vm-scale-02,request_rate,api,centralus,rpm,2026-08-19 00:00:00,2129.169889867751,609.0713941825138,3191.177313885027,4
azure_monitor,vm-scale-03,cpu_utilization,compute,eastus,percent,2026-08-19 00:00:00,67.07804677104197,55.338472648160916,81.71615280783799,3
azure_monitor,vm-scale-09,cpu_utilization,compute,centralus,percent,2026-08-19 00:00:00,54.08824889792136,32.23060046891555,75.46467962776374,5
azure_cost,vm-scale-05,daily_cost,compute,eastus,usd,2026-08-19 00:00:00,70.58008169089595,59.75849409093896,81.40166929085294,2
datadog,vm-scale-01,request_rate,api,centralus,rpm,2026-08-19 00:00:00,3277.2891525369514,2728.704853297152,3825.873451776751,2
azure_monitor,vm-scale-03,cpu_utilization,compute,westeurope,percent,2026-08-20 00:00:00,53.79228530250782,49.08253365868544,58.50203694633019,2
azure_cost,vm-scale-01,daily_cost,compute,eastus,usd,2026-08-20 00:00:00,183.54844944499217,176.1440536226872,190.9528452672971,2
azure_monitor,vm-scale-07,cpu_utilization,compute,centralus,percent,2026-08-21 00:00:00,52.843067463851774,42.0728166054372,59.26166192428315,3
azure_monitor,vm-scale-09,cpu_utilization,compute,eastus,percent,2026-08-21 00:00:00,82.76633743900288,77.78718624275666,91.39285779424135,3
datadog,vm-scale-09,request_rate,api,centralus,rpm,2026-08-22 00:00:00,1589.5856134928015,276.9959261685781,3005.1087466896824,5
datadog,vm-scale-08,request_rate,api,centralus,rpm,2026-08-22 00:00:00,3028.2962011001105,801.5377869114698,4813.018783915946,3
azure_monitor,vm-scale-03,cpu_utilization,compute,centralus,percent,2026-08-22 00:00:00,38.364141930707206,22.196493611555844,64.30661765799768,5
azure_cost,vm-scale-04,daily_cost,compute,westeurope,usd,2026-08-22 00:00:00,125.24323907160289,64.56705494272911,162.23604965495244,4
azure_cost,vm-scale-02,daily_cost,compute,centralus,usd,2026-08-22 00:00:00,127.92091478080184,64.09344603223803,227.57437961818067,5
azure_monitor,vm-scale-08,cpu_utilization,compute,centralus,percent,2026-08-22 00:00:00,55.46906941345165,52.43351888503269,57.33642785551647,3
azure_monitor,vm-scale-08,cpu_utilization,compute,westeurope,percent,2026-08-22 00:00:00,32.457431699190195,28.879271568511903,36.03559182986848,2
azure_cost,vm-scale-04,daily_cost,compute,eastus,usd,2026-08-23 00:00:00,248.17061347993013,233.28776727321585,259.3876753864489,3
azure_monitor,vm-scale-09,cpu_utilization,compute,westeurope,percent,2026-08-23 00:00:00,57.806472671772944,43.23728204322014,68.05746334917826,4
azure_monitor,vm-scale-02,cpu_utilization,compute,eastus,percent,2026-08-23 00:00:00,57.67091313502392,19.695439535820228,87.82730274066562,5
azure_monitor,vm-scale-08,cpu_utilization,compute,centralus,percent,2026-08-24 00:00:00,83.59533107482213,78.12401623590253,89.44924837164567,3
datadog,vm-scale-08,request_rate,api,centralus,rpm,2026-08-24 00:00:00,4277.041568569714,3918.7647873269384,4635.318349812491,2
azure_monitor,vm-scale-03,cpu_utilization,compute,centralus,percent,2026-08-24 00:00:00,59.721113358461025,40.03156132166292,85.6159961489957,6
datadog,vm-scale-09,request_rate,api,centralus,rpm,2026-08-24 00:00:00,903.9639442620396,903.9639442620396,903.9639442620396,1
azure_cost,vm-scale-02,daily_cost,compute,centralus,usd,2026-08-24 00:00:00,197.06146244175537,79.34314483815058,272.4721644021244,4
azure_monitor,vm-scale-08,cpu_utilization,compute,westeurope,percent,2026-08-24 00:00:00,53.87478461933746,20.471805066937566,87.27776417173736,2
azure_cost,vm-scale-04,daily_cost,compute,westeurope,usd,2026-08-24 00:00:00,111.9525934561965,59.7682040601219,185.39045463394072,5
azure_monitor,vm-scale-07,cpu_utilization,compute,eastus,percent,2026-08-25 00:00:00,52.420311342008006,22.01963444457443,87.43582888878997,6
azure_cost,vm-scale-08,daily_cost,compute,centralus,usd,2026-08-25 00:00:00,192.19190342249442,143.79680216755833,229.5758972190871,3
datadog,vm-scale-09,request_rate,api,eastus,rpm,2026-08-25 00:00:00,897.475072869751,897.475072869751,897.475072869751,1
datadog,vm-scale-05,request_rate,api,westeurope,rpm,2026-08-25 00:00:00,3674.222165700075,2139.6429450689766,4808.617627399801,3
azure_monitor,vm-scale-07,cpu_utilization,compute,westeurope,percent,2026-08-26 00:00:00,52.322590807499445,21.35872073079547,83.14214504504984,6
datadog,vm-scale-07,request_rate,api,centralus,rpm,2026-08-26 00:00:00,1720.9240220604552,464.84289037145436,3832.898419359869,5
datadog,vm-scale-02,request_rate,api,eastus,rpm,2026-08-26 00:00:00,2690.643447662089,539.2159907289249,4310.7881868522645,3
azure_cost,vm-scale-06,daily_cost,compute,westeurope,usd,2026-08-26 00:00:00,81.5557387139088,61.42300006945911,101.68847735835847,2
azure_cost,vm-scale-07,daily_cost,compute,eastus,usd,2026-08-27 00:00:00,200.85003386828615,200.85003386828615,200.85003386828615,1
datadog,vm-scale-07,request_rate,api,eastus,rpm,2026-08-27 00:00:00,3148.8178330985365,225.8017350427623,4521.184056436785,8
datadog,vm-scale-05,request_rate,api,centralus,rpm,2026-08-27 00:00:00,2804.2206985348967,1196.7245450640683,4230.025214002162,3
azure_monitor,vm-scale-02,cpu_utilization,compute,westeurope,percent,2026-08-27 00:00:00,51.566499873049466,29.21004070239895,77.57128164035574,5
datadog,vm-scale-04,request_rate,api,westeurope,rpm,2026-08-27 00:00:00,4582.326827190897,4562.243068343665,4602.41058603813,2
datadog,vm-scale-02,request_rate,api,eastus,rpm,2026-08-28 00:00:00,1818.456787701568,1002.9686556211582,2533.9247020925136,4
azure_monitor,vm-scale-07,cpu_utilization,compute,westeurope,percent,2026-08-28 00:00:00,63.1750261160358,42.107998167133736,78.73542767232698,3
datadog,vm-scale-07,request_rate,api,centralus,rpm,2026-08-28 00:00:00,3171.085100046506,1776.5282777472512,4896.186224357161,3
azure_cost,vm-scale-06,daily_cost,compute,westeurope,usd,2026-08-28 00:00:00,180.42007515505006,136.8149448548777,224.957260916459,4
azure_cost,vm-scale-05,daily_cost,compute,westeurope,usd,2026-08-29 00:00:00,160.59829653063252,115.61971599975946,186.22247712976622,3
azure_cost,vm-scale-01,daily_cost,compute,westeurope,usd,2026-08-29 00:00:00,163.52366336169845,59.65061456123258,270.1053835322099,7
azure_cost,vm-scale-04,daily_cost,compute,centralus,usd,2026-08-29 00:00:00,136.683676629224,84.64990662458405,249.04661814849499,5
azure_monitor,vm-scale-05,cpu_utilization,compute,eastus,percent,2026-08-30 00:00:00,59.39381528730655,27.709744099466903,88.15060059865233,6
azure_monitor,vm-scale-08,cpu_utilization,compute,eastus,percent,2026-08-30 00:00:00,64.1803740412261,31.804957590414773,87.13346634610194,3
azure_monitor,vm-scale-01,cpu_utilization,compute,westeurope,percent,2026-08-30 00:00:00,64.02836446986186,22.74216967119002,90.17031010848484,4
azure_monitor,vm-scale-09,cpu_utilization,compute,westeurope,percent,2026-08-31 00:00:00,35.33882203329746,16.165673679763515,55.57167542189913,4
azure_cost,vm-scale-04,daily_cost,compute,eastus,usd,2026-08-31 00:00:00,119.3035375935164,61.78104789784527,261.7627880278393,4
azure_monitor,vm-scale-02,cpu_utilization,compute,eastus,percent,2026-08-31 00:00:00,72.68591588418141,72.68591588418141,72.68591588418141,1
azure_cost,vm-scale-02,daily_cost,compute,centralus,usd,2026-09-01 00:00:00,137.54940987832282,66.71517613413563,231.64083263764485,5
azure_monitor,vm-scale-08,cpu_utilization,compute,westeurope,percent,2026-09-01 00:00:00,60.11833907706464,18.781687092064416,89.679774259942,6
azure_monitor,vm-scale-03,cpu_utilization,compute,centralus,percent,2026-09-01 00:00:00,49.517641282807034,19.065716117419136,83.4422844129137,5
datadog,vm-scale-08,request_rate,api,centralus,rpm,2026-09-01 00:00:00,880.3720256576721,880.3720256576721,880.3720256576721,1
azure_cost,vm-scale-04,daily_cost,compute,westeurope,usd,2026-09-01 00:00:00,185.96847387537534,77.93806125634913,278.519986335057,8
azure_monitor,vm-scale-08,cpu_utilization,compute,centralus,percent,2026-09-01 00:00:00,72.76949491331658,53.60697862258996,91.93201120404319,2
datadog,vm-scale-09,request_rate,api,centralus,rpm,2026-09-01 00:00:00,1655.3927326973649,331.69447607070083,2979.090989324029,2
datadog,vm-scale-08,request_rate,api,centralus,rpm,2026-09-02 00:00:00,3688.844047231418,2363.5372876344377,4990.02864870051,3
azure_cost,vm-scale-02,daily_cost,compute,centralus,usd,2026-09-02 00:00:00,165.71809302020864,66.54002413601151,256.30308873167724,10
datadog,vm-scale-09,request_rate,api,centralus,rpm,2026-09-02 00:00:00,2764.9735536277663,1141.3013433049384,4773.060404284445,6
azure_monitor,vm-scale-08,cpu_utilization,compute,centralus,percent,2026-09-02 00:00:00,48.07717810509672,30.789409882546856,71.02414527347116,4
azure_monitor,vm-scale-08,cpu_utilization,compute,westeurope,percent,2026-09-02 00:00:00,51.62631110772987,38.86412344455205,64.38849877090769,2
azure_monitor,vm-scale-03,cpu_utilization,compute,centralus,percent,2026-09-02 00:00:00,43.62127085771095,21.10622259519915,66.01485939842688,6
azure_cost,vm-scale-04,daily_cost,compute,westeurope,usd,2026-09-02 00:00:00,80.24289999110077,70.00222562713896,90.48357435506259,2
azure_cost,vm-scale-08,daily_cost,compute,centralus,usd,2026-09-03 00:00:00,141.43793898431605,93.13659217201344,189.73928579661867,2
azure_monitor,vm-scale-07,cpu_utilization,compute,eastus,percent,2026-09-03 00:00:00,43.80752566255271,16.34322399843777,75.68777785205302,3
datadog,vm-scale-05,request_rate,api,westeurope,rpm,2026-09-03 00:00:00,2996.184936226819,1956.853518621617,4134.926083153085,4
datadog,vm-scale-09,request_rate,api,eastus,rpm,2026-09-03 00:00:00,3046.7948708180234,564.8790429158867,4466.05909540732,4
azure_cost,vm-scale-04,daily_cost,compute,centralus,usd,2026-09-04 00:00:00,186.54996695803024,90.59182409419307,278.4785554527942,6
azure_cost,vm-scale-01,daily_cost,compute,westeurope,usd,2026-09-04 00:00:00,161.48882386449966,80.68837741683163,244.0058302130948,3
azure_cost,vm-scale-05,daily_cost,compute,westeurope,usd,2026-09-04 00:00:00,213.8577658923699,198.68473543538107,245.9627782061262,4
azure_monitor,vm-prod-01,memory_utilization,compute,centralus,percent,2026-07-14 00:00:00,55.19158455334712,53.172374508595574,56.83686543020036,24
azure_monitor,vm-prod-01,cpu_utilization,compute,centralus,percent,2026-07-17 00:00:00,43.434015490510156,40.02112477753038,49.282649505341084,24
azure_monitor,vm-prod-02,memory_utilization,compute,centralus,percent,2026-06-15 00:00:00,59.95760795655472,59.01830376309805,60.99805253464603,264
datadog,svc-api-gateway,error_rate,api,eastus2,percent,2026-06-15 00:00:00,0.5128153289086788,0.30194283952285284,0.6989372735741577,264
azure_monitor,vm-dev-01,memory_utilization,development,centralus,percent,2026-06-22 00:00:00,11.968697670478562,11.006048737476247,12.99730780025109,264
azure_monitor,vm-prod-02,cpu_utilization,compute,centralus,percent,2026-06-22 00:00:00,50.17608292976853,46.52502752748844,52.876547779588094,264
azure_monitor,vm-dev-01,cpu_utilization,development,centralus,percent,2026-06-24 00:00:00,8.035071345719134,6.008187769687325,9.991861876909983,264
azure_monitor,vm-dev-01,cpu_utilization,development,centralus,percent,2026-06-28 00:00:00,8.053438573220902,6.004679697532208,9.995843933905427,264
azure_monitor,vm-prod-01,memory_utilization,compute,centralus,percent,2026-06-30 00:00:00,54.86823303691307,53.0087105884621,56.99210431947934,264
datadog,svc-api-gateway,request_rate,api,eastus2,rpm,2026-07-06 00:00:00,1201.5007139319819,1100.3059558763982,1299.623538542881,264
azure_monitor,vm-prod-01,cpu_utilization,compute,centralus,percent,2026-07-07 00:00:00,45.08072016527727,40.060252486634916,49.969043493683486,283
azure_monitor,vm-dev-01,memory_utilization,development,centralus,percent,2026-07-08 00:00:00,11.975043549671115,11.005178468839938,12.987476528270546,288
azure_monitor,vm-prod-02,cpu_utilization,compute,centralus,percent,2026-07-08 00:00:00,71.06531295401757,34.395987619266634,77.01326986313394,288
azure_monitor,vm-prod-01,cpu_utilization,compute,centralus,percent,2026-07-10 00:00:00,45.08003977041426,40.064837895875854,49.877323115208306,288
azure_cost,vm-dev-01,daily_cost,development,centralus,usd,2026-06-13 00:00:00,9.90460654324573,9.003510608931874,10.521106577115889,11
azure_cost,vm-dev-01,daily_cost,development,centralus,usd,2026-06-14 00:00:00,9.924789079968527,9.155334207309316,10.804263997279014,11
azure_cost,vm-prod-02,daily_cost,compute,centralus,usd,2026-06-18 00:00:00,151.77391473505938,144.65096348911533,157.99424878033463,11
azure_cost,vm-dev-01,daily_cost,development,centralus,usd,2026-06-20 00:00:00,9.998633258810171,9.130140498846037,10.95935681016507,11
azure_cost,svc-api-gateway,daily_cost,api,eastus2,usd,2026-06-22 00:00:00,50.273041315682306,48.73779352826527,51.7601420684431,11
azure_cost,vm-prod-01,daily_cost,compute,centralus,usd,2026-06-24 00:00:00,99.9666758252307,95.03051682113995,104.11617855331696,11
azure_cost,vm-prod-01,daily_cost,compute,centralus,usd,2026-06-28 00:00:00,98.98385006471362,95.8324647638486,102.17023128491827,11
azure_cost,vm-prod-02,daily_cost,compute,centralus,usd,2026-07-01 00:00:00,149.6426214470381,142.2400642046296,156.51914750780705,11
azure_cost,svc-api-gateway,daily_cost,api,eastus2,usd,2026-07-08 00:00:00,50.26401841808209,48.456425193748224,51.71558459774841,12
azure_cost,vm-prod-02,daily_cost,compute,centralus,usd,2026-07-11 00:00:00,149.16795542633994,142.62671816684372,157.42672198468213,12
azure_monitor,vm-prod-01,memory_utilization,compute,centralus,percent,2026-07-18 00:00:00,55.53948787958873,53.35489456229686,56.99387869112183,24
azure_monitor,vm-dev-01,memory_utilization,development,centralus,percent,2026-07-22 00:00:00,12.034393495306164,11.045387820743617,12.970072713270518,24
azure_monitor,vm-prod-02,cpu_utilization,compute,centralus,percent,2026-07-22 00:00:00,57.85296354919035,55.9463173550631,60.52554237791203,24
azure_monitor,vm-prod-01,memory_utilization,compute,centralus,percent,2026-07-27 00:00:00,55.13299491040371,53.34736314772018,56.91327090399485,24
datadog,svc-api-gateway,request_rate,api,eastus2,rpm,2026-07-28 00:00:00,1213.5926815801374,1120.6506935624952,1297.1263919337794,24
azure_monitor,vm-prod-01,memory_utilization,compute,centralus,percent,2026-07-30 00:00:00,55.11258082213888,53.238220379131256,56.717638755690956,24
azure_monitor,vm-dev-01,memory_utilization,development,centralus,percent,2026-07-31 00:00:00,12.054399514437256,11.012186501246537,12.956775829887631,24
azure_monitor,vm-prod-02,cpu_utilization,compute,centralus,percent,2026-07-31 00:00:00,71.16499628318444,69.17655406001141,73.43794575344123,24
azure_monitor,vm-prod-01,cpu_utilization,compute,centralus,percent,2026-08-01 00:00:00,45.88786225647244,40.54510813891169,49.96006953002521,24
azure_monitor,vm-prod-01,memory_utilization,compute,centralus,percent,2026-08-02 00:00:00,54.904600868387725,53.1545445242837,56.947270218048494,24
datadog,svc-api-gateway,request_rate,api,eastus2,rpm,2026-08-03 00:00:00,1204.979293966035,1119.8156633394103,1285.9670593657972,24
azure_cost,vm-prod-02,daily_cost,compute,centralus,usd,2026-07-15 00:00:00,151.0085290599565,151.0085290599565,151.0085290599565,1
azure_cost,svc-api-gateway,daily_cost,api,eastus2,usd,2026-07-22 00:00:00,51.352893593459804,51.352893593459804,51.352893593459804,1
azure_cost,vm-dev-01,daily_cost,development,centralus,usd,2026-07-25 00:00:00,10.434185012276563,10.434185012276563,10.434185012276563,1
azure_cost,vm-dev-01,daily_cost,development,centralus,usd,2026-07-29 00:00:00,10.639589382233979,10.639589382233979,10.639589382233979,1
azure_cost,svc-api-gateway,daily_cost,api,eastus2,usd,2026-07-31 00:00:00,50.44070582386571,50.44070582386571,50.44070582386571,1
azure_cost,vm-dev-01,daily_cost,development,centralus,usd,2026-08-04 00:00:00,10.850536243298112,10.850536243298112,10.850536243298112,1
azure_cost,vm-dev-01,daily_cost,development,centralus,usd,2026-08-05 00:00:00,9.434239318526126,9.434239318526126,9.434239318526126,1
azure_cost,vm-scale-02,daily_cost,compute,eastus,usd,2026-07-30 00:00:00,175.97186625293276,131.40013673825018,203.14515416077117,3
azure_cost,vm-scale-05,daily_cost,compute,centralus,usd,2026-07-30 00:00:00,207.3177168050882,207.3177168050882,207.3177168050882,1
datadog,vm-scale-07,request_rate,api,westeurope,rpm,2026-07-30 00:00:00,3305.1702025867535,1757.714016852014,4852.626388321492,2
azure_cost,vm-scale-01,daily_cost,compute,centralus,usd,2026-07-30 00:00:00,215.53308458238487,214.2583664225969,216.80780274217284,2
azure_cost,vm-scale-03,daily_cost,compute,centralus,usd,2026-07-30 00:00:00,154.82211078678063,138.43867460467982,173.702123437175,3
azure_monitor,vm-scale-06,cpu_utilization,compute,eastus,percent,2026-07-30 00:00:00,84.77912640190183,84.77912640190183,84.77912640190183,1
azure_cost,vm-scale-02,daily_cost,compute,westeurope,usd,2026-07-31 00:00:00,105.12244318882225,50.065064391380936,194.56845857399455,5
azure_cost,vm-scale-09,daily_cost,compute,centralus,usd,2026-07-31 00:00:00,159.10829929079804,43.23915196351077,227.88705373156972,3
datadog,vm-scale-04,request_rate,api,eastus,rpm,2026-07-31 00:00:00,2892.6786163566703,2892.6786163566703,2892.6786163566703,1
datadog,vm-scale-05,request_rate,api,eastus,rpm,2026-07-31 00:00:00,1971.2618539284215,210.11837325319124,4913.39810992046,3
azure_monitor,vm-scale-04,cpu_utilization,compute,centralus,percent,2026-07-31 00:00:00,64.83044029355311,31.516856759515434,87.06181991617332,3
azure_monitor,vm-scale-05,cpu_utilization,compute,westeurope,percent,2026-07-31 00:00:00,68.78876667631359,52.01162470821429,90.45755473762912,3
azure_cost,vm-scale-09,daily_cost,compute,eastus,usd,2026-07-31 00:00:00,132.70211257808958,83.7269340974809,208.4026404999725,3
datadog,vm-scale-03,request_rate,api,eastus,rpm,2026-07-31 00:00:00,3074.543095471756,2580.7846033699116,3992.988783085993,3
datadog,vm-scale-04,request_rate,api,centralus,rpm,2026-07-31 00:00:00,1669.7079674360493,277.69020676698153,3462.392635546404,3
azure_cost,vm-scale-06,daily_cost,compute,centralus,usd,2026-08-01 00:00:00,123.57871370471364,65.98703742994934,178.69080018720734,4
datadog,vm-scale-06,request_rate,api,westeurope,rpm,2026-08-01 00:00:00,2997.149528619709,420.5541746421392,4612.3735858512855,7
datadog,vm-scale-06,request_rate,api,centralus,rpm,2026-08-01 00:00:00,2409.4447658478225,429.99451838254134,4089.104368876874,4
azure_cost,vm-scale-05,daily_cost,compute,centralus,usd,2026-08-02 00:00:00,121.29109645506341,49.500619605766744,213.37458030275693,7
azure_cost,vm-scale-02,daily_cost,compute,eastus,usd,2026-08-02 00:00:00,106.14123987340419,78.87243173746153,122.24147387923972,3
azure_cost,vm-scale-07,daily_cost,compute,centralus,usd,2026-08-02 00:00:00,87.6150326648456,83.34520653676422,91.88485879292698,2
azure_cost,vm-scale-03,daily_cost,compute,centralus,usd,2026-08-02 00:00:00,211.2419117720011,51.437417859350774,273.1180546047892,8
azure_monitor,vm-scale-04,cpu_utilization,compute,westeurope,percent,2026-08-02 00:00:00,54.03418292110229,32.59082921488567,70.1713836419831,3
azure_monitor,vm-scale-06,cpu_utilization,compute,eastus,percent,2026-08-02 00:00:00,76.60478056902326,66.04038056760452,87.16918057044201,2
azure_cost,vm-scale-06,daily_cost,compute,eastus,usd,2026-08-02 00:00:00,184.94985067819292,160.94099715859952,208.95870419778632,2
azure_cost,vm-scale-01,daily_cost,compute,centralus,usd,2026-08-02 00:00:00,168.04563229786373,113.69704334292638,222.39422125280106,2
azure_monitor,vm-scale-05,cpu_utilization,compute,eastus,percent,2026-08-03 00:00:00,52.034450713941794,25.345929171119224,78.72297225676436,2
azure_monitor,vm-scale-01,cpu_utilization,compute,westeurope,percent,2026-08-03 00:00:00,53.45341641774506,30.87361554048488,89.59727760660857,4
azure_monitor,vm-scale-08,cpu_utilization,compute,eastus,percent,2026-08-03 00:00:00,42.34447726037041,22.579062043544532,79.27407616119876,7
azure_cost,vm-scale-04,daily_cost,compute,centralus,usd,2026-08-04 00:00:00,161.32202603239108,52.59010522109726,246.82863859534558,6
azure_cost,vm-scale-01,daily_cost,compute,westeurope,usd,2026-08-04 00:00:00,177.82575749767645,81.109503429347,274.5420115660059,2
azure_cost,vm-scale-05,daily_cost,compute,westeurope,usd,2026-08-04 00:00:00,101.73788138896747,61.90432763237287,168.1879967126721,3
azure_cost,vm-scale-01,daily_cost,compute,westeurope,usd,2026-08-05 00:00:00,144.70760534003082,96.14081521524528,213.31132612715615,3
azure_cost,vm-scale-05,daily_cost,compute,westeurope,usd,2026-08-05 00:00:00,167.10438974369882,151.5307617911888,182.67801769620883,2
azure_cost,vm-scale-04,daily_cost,compute,centralus,usd,2026-08-05 00:00:00,201.99151837814554,137.17628499009484,266.8067517661962,2
azure_monitor,vm-scale-09,cpu_utilization,compute,westeurope,percent,2026-08-06 00:00:00,52.87123093732002,32.50382211239531,73.23863976224473,2
azure_monitor,vm-scale-02,cpu_utilization,compute,eastus,percent,2026-08-06 00:00:00,50.33642237952623,28.08509373040443,64.86732696993538,3
azure_cost,vm-scale-04,daily_cost,compute,eastus,usd,2026-08-06 00:00:00,154.1136206152945,53.908075363877366,202.16577136285275,5
azure_monitor,vm-scale-08,cpu_utilization,compute,eastus,percent,2026-08-07 00:00:00,45.155297835007275,27.916403911420964,86.40868108677698,7
azure_monitor,vm-scale-01,cpu_utilization,compute,westeurope,percent,2026-08-07 00:00:00,50.05686686292591,28.49261994380391,63.61302643751983,3
azure_monitor,vm-scale-05,cpu_utilization,compute,eastus,percent,2026-08-07 00:00:00,74.52573393385848,51.52870731293577,90.64855708971142,3
azure_monitor,vm-scale-04,cpu_utilization,compute,westeurope,percent,2026-08-08 00:00:00,44.610299657776466,20.044450326398405,89.32058321217622,6
datadog,vm-scale-07,request_rate,api,westeurope,rpm,2026-08-08 00:00:00,2842.600697697967,1886.816508187474,4726.8967879219,5
azure_monitor,vm-scale-06,cpu_utilization,compute,eastus,percent,2026-08-08 00:00:00,52.08637224379223,30.11339049958042,68.83797430532229,3
azure_cost,vm-scale-01,daily_cost,compute,centralus,usd,2026-08-08 00:00:00,211.85715601688543,135.35351661464335,263.9533034906335,5
azure_cost,vm-scale-02,daily_cost,compute,eastus,usd,2026-08-08 00:00:00,251.31716338410146,250.5812495681889,252.05307720001403,2
azure_cost,vm-scale-03,daily_cost,compute,centralus,usd,2026-08-08 00:00:00,181.3367998199617,126.36377386173118,255.11632432070078,5
azure_cost,vm-scale-07,daily_cost,compute,centralus,usd,2026-08-08 00:00:00,78.45993126141575,41.62644715399138,135.3762954856374,3
azure_cost,vm-scale-05,daily_cost,compute,centralus,usd,2026-08-08 00:00:00,169.8826149937732,123.57730022550827,216.1879297620381,2
azure_cost,vm-scale-06,daily_cost,compute,eastus,usd,2026-08-08 00:00:00,220.48272993401005,220.48272993401005,220.48272993401005,1
datadog,vm-scale-07,request_rate,api,westeurope,rpm,2026-08-09 00:00:00,1366.270825382649,322.85198692250844,2324.9447866230366,5
azure_cost,vm-scale-05,daily_cost,compute,centralus,usd,2026-08-09 00:00:00,212.90402065785753,121.44733006793912,264.02517023709083,4
azure_cost,vm-scale-02,daily_cost,compute,eastus,usd,2026-08-09 00:00:00,215.9919175528639,94.11590277413697,279.15129388151036,3
azure_monitor,vm-scale-04,cpu_utilization,compute,westeurope,percent,2026-08-09 00:00:00,55.874501732961875,31.923846720217806,87.63092128566919,8
azure_cost,vm-scale-06,daily_cost,compute,eastus,usd,2026-08-09 00:00:00,143.9248218522999,65.13570194698531,237.09306496135827,7
azure_monitor,vm-scale-06,cpu_utilization,compute,eastus,percent,2026-08-09 00:00:00,54.72358672967594,17.133363618492474,73.86043597650986,3
azure_cost,vm-scale-03,daily_cost,compute,centralus,usd,2026-08-09 00:00:00,93.66650062562628,93.4814505860042,93.85155066524837,2
azure_cost,vm-scale-07,daily_cost,compute,centralus,usd,2026-08-09 00:00:00,104.63044369703823,85.8752987401925,139.14186298375142,3
azure_cost,vm-scale-01,daily_cost,compute,centralus,usd,2026-08-09 00:00:00,204.14270003878664,178.85451613256456,250.99786579877585,3
azure_monitor,vm-scale-08,cpu_utilization,compute,eastus,percent,2026-08-10 00:00:00,46.98357323823143,28.364216008266194,70.94442240568512,3
azure_monitor,vm-scale-01,cpu_utilization,compute,westeurope,percent,2026-08-10 00:00:00,45.10050983610658,45.10050983610658,45.10050983610658,1
azure_monitor,vm-scale-05,cpu_utilization,compute,eastus,percent,2026-08-10 00:00:00,66.14164956485033,41.351629767747994,90.23018775376951,4
azure_cost,vm-scale-08,daily_cost,compute,centralus,usd,2026-08-11 00:00:00,198.4234815278553,109.35973411568003,250.29942109975997,3
datadog,vm-scale-09,request_rate,api,eastus,rpm,2026-08-11 00:00:00,2296.616765084045,407.51982324087265,4564.117233899594,7
datadog,vm-scale-05,request_rate,api,westeurope,rpm,2026-08-11 00:00:00,2521.7199342791105,513.3359679285572,4056.546557420386,3
azure_monitor,vm-scale-01,cpu_utilization,compute,westeurope,percent,2026-08-12 00:00:00,49.238591983858214,20.399032277590663,83.69949857771174,6
azure_monitor,vm-scale-05,cpu_utilization,compute,eastus,percent,2026-08-12 00:00:00,57.20767421446836,24.253298266200883,90.16205016273584,2
azure_monitor,vm-scale-08,cpu_utilization,compute,eastus,percent,2026-08-12 00:00:00,53.86073922880019,29.564395016326927,73.45131410944137,3
azure_monitor,vm-scale-06,cpu_utilization,compute,westeurope,percent,2026-08-13 00:00:00,83.14169750158266,76.93650014283588,91.3596483701332,3
azure_monitor,vm-scale-02,cpu_utilization,compute,centralus,percent,2026-08-13 00:00:00,49.97961557069972,32.99028102476978,83.35977185090702,4
datadog,vm-scale-01,request_rate,api,westeurope,rpm,2026-08-13 00:00:00,3719.9286014552595,2579.8582452485452,4859.998957661974,2
azure_cost,vm-scale-03,daily_cost,compute,westeurope,usd,2026-08-13 00:00:00,151.73562976512764,90.37461910164791,250.22891494170457,4
azure_monitor,vm-scale-05,cpu_utilization,compute,westeurope,percent,2026-08-14 00:00:00,53.79829312956112,29.888795626963322,73.9831583510329,7
azure_cost,vm-scale-09,daily_cost,compute,centralus,usd,2026-08-14 00:00:00,157.0443518139166,99.2192123347746,214.86949129305856,2
datadog,vm-scale-05,request_rate,api,eastus,rpm,2026-08-14 00:00:00,1991.5834492542283,395.11546919517286,3804.6685314851106,6
datadog,vm-scale-04,request_rate,api,eastus,rpm,2026-08-14 00:00:00,3500.233531753959,1863.5216139461227,4605.306873900327,5
datadog,vm-scale-03,request_rate,api,eastus,rpm,2026-08-14 00:00:00,2219.74445258163,1308.752968482362,3130.735936680898,2
datadog,vm-scale-04,request_rate,api,centralus,rpm,2026-08-14 00:00:00,2498.6244550553824,1788.973638060139,3799.787945272951,3
azure_cost,vm-scale-02,daily_cost,compute,westeurope,usd,2026-08-14 00:00:00,120.8634112910027,84.08984266984385,176.49603478955697,3
azure_cost,vm-scale-09,daily_cost,compute,eastus,usd,2026-08-14 00:00:00,91.04753450149504,41.904020309514024,122.42765624399485,3
azure_cost,vm-scale-09,daily_cost,compute,centralus,usd,2026-08-15 00:00:00,202.67967266101454,97.59658004291468,266.3261148067926,4
azure_cost,vm-scale-09,daily_cost,compute,eastus,usd,2026-08-15 00:00:00,122.09453567794048,61.18472343730034,197.4337691059487,4
azure_cost,vm-scale-02,daily_cost,compute,westeurope,usd,2026-08-15 00:00:00,139.28449725741694,46.44593449060616,232.12306002422775,2
datadog,vm-scale-03,request_rate,api,eastus,rpm,2026-08-15 00:00:00,2652.158185617711,502.7309630353455,4712.986734427325,6
azure_monitor,vm-scale-05,cpu_utilization,compute,westeurope,percent,2026-08-15 00:00:00,58.075820180397464,58.075820180397464,58.075820180397464,1
datadog,vm-scale-04,request_rate,api,eastus,rpm,2026-08-15 00:00:00,2653.331651468672,2653.331651468672,2653.331651468672,1
datadog,vm-scale-04,request_rate,api,centralus,rpm,2026-08-15 00:00:00,2994.730503216992,1633.043853911717,4809.473168728599,3
datadog,vm-scale-05,request_rate,api,eastus,rpm,2026-08-15 00:00:00,3188.623168314333,2168.270247522376,4082.8024155623393,3
azure_monitor,vm-scale-07,cpu_utilization,compute,eastus,percent,2026-08-16 00:00:00,55.00759430650953,40.72874377742704,67.86462071457022,4
datadog,vm-scale-05,request_rate,api,westeurope,rpm,2026-08-16 00:00:00,1899.1436534133074,303.41655668148775,4243.3037071485405,6
datadog,vm-scale-09,request_rate,api,eastus,rpm,2026-08-16 00:00:00,2466.587520689681,349.06025934915624,4871.784842090727,9
azure_cost,vm-scale-08,daily_cost,compute,centralus,usd,2026-08-16 00:00:00,205.57240197141238,156.53424156410313,254.6105623787216,2
azure_cost,vm-scale-04,daily_cost,compute,eastus,usd,2026-08-17 00:00:00,221.3941925688433,116.71818611954485,278.82437487972607,5
azure_monitor,vm-scale-09,cpu_utilization,compute,westeurope,percent,2026-08-17 00:00:00,32.17908436834929,18.469122148985527,61.240564895130845,4
azure_monitor,vm-scale-02,cpu_utilization,compute,eastus,percent,2026-08-17 00:00:00,52.80572038322651,17.155149555622412,88.4562912108306,2
azure_cost,vm-scale-04,daily_cost,compute,eastus,usd,2026-08-18 00:00:00,114.1601491397004,106.15107097096596,122.16922730843484,2
azure_monitor,vm-scale-09,cpu_utilization,compute,westeurope,percent,2026-08-18 00:00:00,47.87064816989395,19.519255864916847,79.75528581927918,6
azure_monitor,vm-scale-02,cpu_utilization,compute,eastus,percent,2026-08-18 00:00:00,48.66634753355403,48.66634753355403,48.66634753355403,1
datadog,vm-scale-04,request_rate,api,westeurope,rpm,2026-08-19 00:00:00,2462.6209588656075,166.44234640714285,4758.799571324072,2
azure_cost,vm-scale-07,daily_cost,compute,eastus,usd,2026-08-19 00:00:00,132.16651571406373,92.19617304119751,204.10233210836353,4
datadog,vm-scale-05,request_rate,api,centralus,rpm,2026-08-19 00:00:00,4165.0084868923295,4165.0084868923295,4165.0084868923295,1
datadog,vm-scale-07,request_rate,api,eastus,rpm,2026-08-19 00:00:00,4431.019765022171,4431.019765022171,4431.019765022171,1
datadog,vm-scale-08,request_rate,api,eastus,rpm,2026-08-19 00:00:00,1073.370011595891,921.7933641485424,1224.9466590432392,2
azure_monitor,vm-scale-02,cpu_utilization,compute,westeurope,percent,2026-08-19 00:00:00,55.345085951076136,32.61018833310308,79.30108593209675,5
azure_monitor,vm-scale-06,cpu_utilization,compute,westeurope,percent,2026-08-20 00:00:00,30.627224630605006,16.036811557251063,50.273360689128545,4
azure_cost,vm-scale-03,daily_cost,compute,westeurope,usd,2026-08-20 00:00:00,175.2409203670163,118.40030450289548,244.9922647868656,6
datadog,vm-scale-01,request_rate,api,westeurope,rpm,2026-08-20 00:00:00,2099.2462543045986,731.921247791058,3466.5712608181393,2
azure_monitor,vm-scale-02,cpu_utilization,compute,centralus,percent,2026-08-20 00:00:00,33.83611008586085,26.27894297151218,41.393277200209525,2
datadog,vm-scale-07,request_rate,api,centralus,rpm,2026-08-21 00:00:00,3279.063603559081,1309.3727148147395,4122.500746335863,5
datadog,vm-scale-02,request_rate,api,eastus,rpm,2026-08-21 00:00:00,1081.3273036728742,100.79477716230778,2061.859830183441,2
azure_cost,vm-scale-06,daily_cost,compute,westeurope,usd,2026-08-21 00:00:00,47.86065143401069,47.86065143401069,47.86065143401069,1
datadog,vm-scale-09,request_rate,api,westeurope,rpm,2026-08-22 00:00:00,2412.7650553596213,1825.3744368713556,3000.1556738478866,2
datadog,vm-scale-06,request_rate,api,eastus,rpm,2026-08-22 00:00:00,2199.031490600672,324.40238727588155,4349.5814134369975,6
azure_monitor,vm-scale-01,cpu_utilization,compute,eastus,percent,2026-08-22 00:00:00,42.36739018479397,32.090876984381424,53.07256379781091,4
datadog,vm-scale-03,request_rate,api,centralus,rpm,2026-08-22 00:00:00,3213.8825316191173,1306.4412671320347,4901.078860896435,7
azure_cost,vm-scale-07,daily_cost,compute,westeurope,usd,2026-08-22 00:00:00,159.95181877890178,80.09539621577645,195.22653379762957,5
azure_cost,vm-scale-04,daily_cost,compute,centralus,usd,2026-08-23 00:00:00,154.27728365211107,71.71512204098786,246.03242634351037,4
azure_cost,vm-scale-05,daily_cost,compute,westeurope,usd,2026-08-23 00:00:00,126.39903465738125,50.31827806112186,224.63411769983728,6
azure_cost,vm-scale-01,daily_cost,compute,westeurope,usd,2026-08-23 00:00:00,112.38289475433027,58.80945687556662,204.71741215874354,4
datadog,vm-scale-09,request_rate,api,westeurope,rpm,2026-08-24 00:00:00,2005.5515621633476,131.2620873432457,3369.2412397953503,3
datadog,vm-scale-03,request_rate,api,centralus,rpm,2026-08-24 00:00:00,2404.456363969759,580.300035140292,3982.3856401933394,5
azure_cost,vm-scale-07,daily_cost,compute,westeurope,usd,2026-08-24 00:00:00,200.85631677620543,87.90943737423405,275.62746336238,4
azure_monitor,vm-scale-01,cpu_utilization,compute,eastus,percent,2026-08-24 00:00:00,43.03244795021824,21.749943632322278,64.3149522681142,2
datadog,vm-scale-06,request_rate,api,eastus,rpm,2026-08-24 00:00:00,425.69666862403005,295.3236714821176,556.0696657659425,2
azure_monitor,vm-scale-06,cpu_utilization,compute,centralus,percent,2026-08-25 00:00:00,39.805742611914695,29.147350272181427,50.46413495164797,2
azure_cost,vm-scale-08,daily_cost,compute,eastus,usd,2026-08-25 00:00:00,63.01199232238556,63.01199232238556,63.01199232238556,1
datadog,vm-scale-08,request_rate,api,westeurope,rpm,2026-08-25 00:00:00,1947.147555373774,592.5200354301651,2948.282233136995,3
azure_monitor,vm-scale-04,cpu_utilization,compute,eastus,percent,2026-08-25 00:00:00,56.6835447752907,22.83495893666311,85.14156463946651,6
datadog,vm-scale-03,request_rate,api,westeurope,rpm,2026-08-25 00:00:00,3324.7526896061577,3227.405504554645,3563.832847024712,4
azure_monitor,vm-scale-09,cpu_utilization,compute,eastus,percent,2026-08-26 00:00:00,27.83058855225011,16.584376862862673,48.90703619410603,3
azure_monitor,vm-scale-07,cpu_utilization,compute,centralus,percent,2026-08-26 00:00:00,84.65635434325661,84.65635434325661,84.65635434325661,1
azure_cost,vm-scale-05,daily_cost,compute,eastus,usd,2026-08-27 00:00:00,179.35773264543226,89.40318852927517,240.42311917040112,3
datadog,vm-scale-02,request_rate,api,centralus,rpm,2026-08-27 00:00:00,775.1260194560725,529.3188622514278,1020.9331766607171,2
datadog,vm-scale-01,request_rate,api,centralus,rpm,2026-08-27 00:00:00,2439.574112573607,804.6170390180615,4246.470277045897,5
azure_cost,vm-scale-08,daily_cost,compute,westeurope,usd,2026-08-27 00:00:00,158.9619035422556,91.60576224224909,240.50704355725395,3
azure_cost,vm-scale-03,daily_cost,compute,eastus,usd,2026-08-27 00:00:00,159.9373519819408,69.63989543550407,250.40708258100722,5
azure_monitor,vm-scale-01,cpu_utilization,compute,centralus,percent,2026-08-27 00:00:00,55.97945104931315,16.180221525223825,79.67616193120216,4
datadog,vm-scale-02,request_rate,api,westeurope,rpm,2026-08-27 00:00:00,2982.8481144653015,2098.954825087142,4091.218968734985,4
azure_monitor,vm-scale-05,cpu_utilization,compute,centralus,percent,2026-08-27 00:00:00,60.20499280870709,39.95292577050526,81.77662731028346,4
azure_cost,vm-scale-09,daily_cost,compute,westeurope,usd,2026-08-27 00:00:00,248.63877465434066,248.63877465434066,248.63877465434066,1
azure_monitor,vm-scale-09,cpu_utilization,compute,centralus,percent,2026-08-27 00:00:00,50.52241011400793,28.15786669312524,72.31311944622657,4
datadog,vm-scale-01,request_rate,api,eastus,rpm,2026-08-27 00:00:00,791.2211514962864,397.1694342759379,1185.272868716635,2
azure_monitor,vm-scale-03,cpu_utilization,compute,eastus,percent,2026-08-27 00:00:00,61.920663344664526,25.29760844414738,88.61084393954032,3
azure_monitor,vm-scale-09,cpu_utilization,compute,eastus,percent,2026-08-28 00:00:00,60.50615927908604,36.31248040476004,91.16677395349147,4
azure_monitor,vm-scale-07,cpu_utilization,compute,centralus,percent,2026-08-28 00:00:00,45.88168276364306,42.721378824111376,50.812247741556995,3
azure_monitor,vm-scale-09,cpu_utilization,compute,westeurope,percent,2026-08-29 00:00:00,40.76153686585354,18.546585031207393,62.9764887004997,2
azure_cost,vm-scale-04,daily_cost,compute,eastus,usd,2026-08-29 00:00:00,165.99566382098254,49.64792423528092,271.55512041209914,5
azure_monitor,vm-scale-02,cpu_utilization,compute,eastus,percent,2026-08-29 00:00:00,29.141976847921214,22.446738387824052,41.33394599482422,3
datadog,vm-scale-04,request_rate,api,eastus,rpm,2026-08-30 00:00:00,2408.5026126941975,299.9024546966094,4810.626383363612,6
azure_cost,vm-scale-09,daily_cost,compute,centralus,usd,2026-08-30 00:00:00,154.9727021373148,81.63203292390185,228.31337135072772,2
datadog,vm-scale-04,request_rate,api,centralus,rpm,2026-08-30 00:00:00,1656.1614036697622,348.7530849780653,4270.123107701445,3
azure_monitor,vm-scale-05,cpu_utilization,compute,westeurope,percent,2026-08-30 00:00:00,48.940648364536635,24.588992506568943,85.12585336414762,7
azure_cost,vm-scale-09,daily_cost,compute,eastus,usd,2026-08-30 00:00:00,226.11036125418528,202.61881700684148,239.52353554033857,3
azure_monitor,vm-scale-04,cpu_utilization,compute,centralus,percent,2026-08-30 00:00:00,33.84402651982581,28.194323033503892,39.49373000614773,2
datadog,vm-scale-03,request_rate,api,eastus,rpm,2026-08-30 00:00:00,3952.239312745896,2249.772301724202,4987.6434685687245,3
datadog,vm-scale-05,request_rate,api,eastus,rpm,2026-08-30 00:00:00,3280.6981247236363,3249.3501381685633,3312.0461112787093,2
azure_cost,vm-scale-02,daily_cost,compute,westeurope,usd,2026-08-30 00:00:00,83.43998664393042,83.43998664393042,83.43998664393042,1
azure_cost,vm-scale-04,daily_cost,compute,centralus,usd,2026-08-31 00:00:00,215.2878865362605,163.35996115908313,276.67180382388085,7
azure_cost,vm-scale-05,daily_cost,compute,westeurope,usd,2026-08-31 00:00:00,174.76014833144944,131.1276131465651,244.8911910878014,4
azure_cost,vm-scale-01,daily_cost,compute,westeurope,usd,2026-08-31 00:00:00,120.8337886822979,44.987305094783785,215.85045365968105,4
datadog,vm-scale-09,request_rate,api,westeurope,rpm,2026-09-01 00:00:00,1945.6948860356617,1146.4900154155682,2500.646273550849,4
datadog,vm-scale-06,request_rate,api,eastus,rpm,2026-09-01 00:00:00,2845.658002041722,324.55251383638193,4443.022148830725,5
azure_monitor,vm-scale-01,cpu_utilization,compute,eastus,percent,2026-09-01 00:00:00,50.652269981815664,40.116908209327455,79.45417339243386,5
datadog,vm-scale-03,request_rate,api,centralus,rpm,2026-09-01 00:00:00,2951.2898855334156,355.172461149105,4522.12150352136,3
azure_cost,vm-scale-07,daily_cost,compute,westeurope,usd,2026-09-01 00:00:00,180.06760911427085,61.06026829851362,252.6438333390047,5
datadog,vm-scale-03,request_rate,api,centralus,rpm,2026-09-02 00:00:00,2787.6376362848096,1321.4918358272466,4108.8436080884185,4
datadog,vm-scale-09,request_rate,api,westeurope,rpm,2026-09-02 00:00:00,2457.8427207437644,1171.2099329803905,3207.6821998091295,4
azure_monitor,vm-scale-01,cpu_utilization,compute,eastus,percent,2026-09-02 00:00:00,39.62634521969776,18.707283225984312,51.06557187596708,5
azure_cost,vm-scale-07,daily_cost,compute,westeurope,usd,2026-09-02 00:00:00,177.12711466100626,120.43596833642292,273.51729258898513,5
datadog,vm-scale-06,request_rate,api,eastus,rpm,2026-09-02 00:00:00,3550.5953877817265,2732.4978595014827,4368.69291606197,2
azure_monitor,vm-scale-04,cpu_utilization,compute,eastus,percent,2026-09-03 00:00:00,54.71156937624965,27.329057637939798,83.6353347661846,4
datadog,vm-scale-08,request_rate,api,westeurope,rpm,2026-09-03 00:00:00,2382.628927978875,697.7156050095547,4780.173254069283,5
datadog,vm-scale-03,request_rate,api,westeurope,rpm,2026-09-03 00:00:00,3782.2541083906513,3004.422262106093,4605.079047221737,4
azure_monitor,vm-scale-06,cpu_utilization,compute,centralus,percent,2026-09-03 00:00:00,57.44583101878937,51.82080257398416,63.07085946359458,2
azure_cost,vm-scale-08,daily_cost,compute,eastus,usd,2026-09-03 00:00:00,263.48088712504205,263.48088712504205,263.48088712504205,1
azure_monitor,vm-scale-09,cpu_utilization,compute,westeurope,percent,2026-09-04 00:00:00,75.93988682857446,68.83688860400372,82.47312602503315,3
azure_cost,vm-scale-04,daily_cost,compute,eastus,usd,2026-09-04 00:00:00,193.97487845678776,101.46599958941232,270.85483741798447,6
azure_monitor,vm-scale-02,cpu_utilization,compute,eastus,percent,2026-09-04 00:00:00,51.834278521627695,30.226972723034443,73.44158432022094,2
azure_monitor,vm-prod-01,cpu_utilization,compute,centralus,percent,2026-07-14 00:00:00,44.9332048645123,40.173249922913286,49.8680669025418,24
azure_monitor,vm-prod-01,memory_utilization,compute,centralus,percent,2026-07-17 00:00:00,54.72355942232581,53.041567483563526,56.776235212214836,24
azure_cost,vm-prod-01,daily_cost,compute,centralus,usd,2026-07-11 00:00:00,209.72408903546244,97.7998957093758,300.0,20
azure_cost,vm-prod-01,monthly_cost,compute,centralus,usd,2026-07-11 00:00:00,3729.0,3729.0,3729.0,8
azure_monitor,vm-prod-01,memory_utilization,compute,centralus,percent,2026-06-12 00:00:00,54.746723557473565,53.023302895597126,56.962782974288096,174
azure_monitor,vm-prod-01,memory_utilization,compute,centralus,percent,2026-06-16 00:00:00,54.98845132647179,53.01352818180239,56.99464262424389,264
azure_monitor,vm-dev-01,cpu_utilization,development,centralus,percent,2026-06-18 00:00:00,8.047259858830179,6.008239882891085,9.990262823390305,264
azure_monitor,vm-prod-01,cpu_utilization,compute,centralus,percent,2026-06-19 00:00:00,44.83495597942182,40.18055390469594,49.98640931348568,264
azure_monitor,vm-dev-01,memory_utilization,development,centralus,percent,2026-06-21 00:00:00,11.997948181096943,11.025446014677492,12.983702282917765,264
azure_monitor,vm-prod-02,cpu_utilization,compute,centralus,percent,2026-06-21 00:00:00,48.69047082639229,45.54846796174047,51.32681405685746,264
azure_monitor,vm-prod-01,memory_utilization,compute,centralus,percent,2026-06-25 00:00:00,55.06292077726118,53.01668900664535,56.962015992453075,264
azure_monitor,vm-prod-02,memory_utilization,compute,centralus,percent,2026-06-27 00:00:00,60.035893900981385,59.006965483101986,60.99902093244262,264
datadog,svc-api-gateway,error_rate,api,eastus2,percent,2026-06-27 00:00:00,0.5037702029959267,0.3049597323958388,0.6991652272914816,264
azure_monitor,vm-dev-01,cpu_utilization,development,centralus,percent,2026-07-01 00:00:00,8.098810528715585,6.01331923175388,9.98776752622211,264
azure_monitor,vm-dev-01,memory_utilization,development,centralus,percent,2026-07-03 00:00:00,11.967820653623196,11.007864921970762,12.999273378807782,264
azure_monitor,vm-prod-02,cpu_utilization,compute,centralus,percent,2026-07-03 00:00:00,66.58422271982134,63.3138875763074,69.32309585451233,264
azure_monitor,vm-prod-02,memory_utilization,compute,centralus,percent,2026-07-04 00:00:00,60.00493952890657,59.013247252860644,60.98935129216807,264
datadog,svc-api-gateway,error_rate,api,eastus2,percent,2026-07-04 00:00:00,0.4906014115159099,0.3013995414311117,0.698113741905152,264
azure_monitor,vm-prod-01,memory_utilization,compute,centralus,percent,2026-07-05 00:00:00,55.03271008424124,53.00609530004924,56.9950440762197,264
azure_monitor,vm-dev-01,cpu_utilization,development,centralus,percent,2026-07-11 00:00:00,7.967995067162714,6.0133170781593535,9.996739189047439,288
datadog,svc-api-gateway,request_rate,api,eastus2,rpm,2026-07-12 00:00:00,1203.517728197622,1100.2921145746052,1298.7831559153396,114
azure_cost,vm-dev-01,daily_cost,development,centralus,usd,2026-06-17 00:00:00,10.154712393136919,9.073319076945513,10.97186357858547,11
azure_cost,vm-prod-01,daily_cost,compute,centralus,usd,2026-06-18 00:00:00,99.99550151788658,95.80944945850655,104.71734509294042,11
azure_cost,svc-api-gateway,daily_cost,api,eastus2,usd,2026-06-21 00:00:00,50.45851917356442,49.06613465462619,51.94685719524057,11
azure_cost,vm-prod-02,daily_cost,compute,centralus,usd,2026-06-24 00:00:00,148.26990174391386,143.54756285091145,156.16288942683835,11
azure_cost,vm-dev-01,daily_cost,development,centralus,usd,2026-06-26 00:00:00,10.12572047759344,9.329670862456128,10.888833246473881,11
azure_cost,vm-prod-02,daily_cost,compute,centralus,usd,2026-06-28 00:00:00,149.67676474276274,143.3158383679948,157.71605854766366,11
azure_cost,vm-prod-01,daily_cost,compute,centralus,usd,2026-07-01 00:00:00,99.62433693835769,95.2041535631557,103.9782481504235,11
azure_cost,vm-dev-01,daily_cost,development,centralus,usd,2026-07-02 00:00:00,9.90242380555312,9.064634751827171,10.896912330533858,11
azure_cost,svc-api-gateway,daily_cost,api,eastus2,usd,2026-07-03 00:00:00,49.83142738279594,48.22090585075111,51.2496871264109,11
azure_monitor,vm-dev-01,memory_utilization,development,centralus,percent,2026-07-21 00:00:00,12.080887780374086,11.021827362754163,12.928086789061176,24
azure_monitor,vm-prod-02,cpu_utilization,compute,centralus,percent,2026-07-21 00:00:00,56.139312489984405,54.580151261727174,58.85385493145897,24
azure_monitor,vm-prod-02,memory_utilization,compute,centralus,percent,2026-07-23 00:00:00,60.12761112631696,59.1461514761746,60.9545837482836,24
datadog,svc-api-gateway,error_rate,api,eastus2,percent,2026-07-23 00:00:00,0.49474162176448216,0.3058708587739334,0.6907769344875714,24
azure_monitor,vm-prod-01,memory_utilization,compute,centralus,percent,2026-07-24 00:00:00,55.153445568933556,53.1555762658779,56.92336873709161,24
datadog,svc-api-gateway,request_rate,api,eastus2,rpm,2026-07-26 00:00:00,1198.0542741007976,1104.9337210712513,1296.2117004695635,24
azure_cost,vm-prod-01,daily_cost,compute,centralus,usd,2026-07-15 00:00:00,96.58100438996392,96.58100438996392,96.58100438996392,1
azure_cost,vm-dev-01,daily_cost,development,centralus,usd,2026-07-16 00:00:00,10.618567965891861,10.618567965891861,10.618567965891861,1
azure_cost,vm-dev-01,daily_cost,development,centralus,usd,2026-07-19 00:00:00,9.764942087268029,9.764942087268029,9.764942087268029,1
azure_cost,vm-dev-01,daily_cost,development,centralus,usd,2026-07-20 00:00:00,10.01375920595941,10.01375920595941,10.01375920595941,1
azure_cost,svc-api-gateway,daily_cost,api,eastus2,usd,2026-07-21 00:00:00,48.169406131615894,48.169406131615894,48.169406131615894,1
datadog,vm-scale-05,request_rate,api,centralus,rpm,2026-07-30 00:00:00,2592.559870862337,1516.2841752504207,3668.8355664742535,2
azure_cost,vm-scale-07,daily_cost,compute,eastus,usd,2026-07-30 00:00:00,162.45218722442868,100.6063841703684,224.29799027848898,2
datadog,vm-scale-08,request_rate,api,eastus,rpm,2026-07-30 00:00:00,3048.5510652000135,1031.917335425022,4402.199275192106,3
datadog,vm-scale-07,request_rate,api,eastus,rpm,2026-07-30 00:00:00,2383.8271126120367,2383.8271126120367,2383.8271126120367,1
datadog,vm-scale-04,request_rate,api,westeurope,rpm,2026-07-30 00:00:00,1153.0713489799264,1153.0713489799264,1153.0713489799264,1
azure_monitor,vm-scale-02,cpu_utilization,compute,centralus,percent,2026-07-31 00:00:00,48.271156923697944,21.91075171340423,70.02213591485103,5
azure_monitor,vm-scale-06,cpu_utilization,compute,westeurope,percent,2026-07-31 00:00:00,37.38306282941803,28.4700399079045,46.29608575093156,2
azure_cost,vm-scale-03,daily_cost,compute,westeurope,usd,2026-07-31 00:00:00,183.41931479021048,52.27522463719173,249.95462688380388,5
datadog,vm-scale-01,request_rate,api,westeurope,rpm,2026-07-31 00:00:00,1691.7267677836123,390.6624879728164,2913.104977077241,3
datadog,vm-scale-02,request_rate,api,westeurope,rpm,2026-08-01 00:00:00,1639.372751465477,213.13488982126682,3065.610613109687,2
azure_cost,vm-scale-09,daily_cost,compute,westeurope,usd,2026-08-01 00:00:00,135.6011020329734,64.57676929301158,219.4350788763888,7
azure_monitor,vm-scale-03,cpu_utilization,compute,eastus,percent,2026-08-01 00:00:00,46.29893420984816,24.066621414736797,84.71920246938554,3
azure_cost,vm-scale-05,daily_cost,compute,eastus,usd,2026-08-01 00:00:00,195.83784192133433,195.83784192133433,195.83784192133433,1
azure_cost,vm-scale-03,daily_cost,compute,eastus,usd,2026-08-01 00:00:00,178.03297891718105,111.01752506169478,265.4161951714233,8
azure_monitor,vm-scale-05,cpu_utilization,compute,centralus,percent,2026-08-01 00:00:00,45.72956120954814,16.15373298597132,76.09954532700507,6
azure_monitor,vm-scale-01,cpu_utilization,compute,centralus,percent,2026-08-01 00:00:00,50.09275821320325,19.933032624145383,84.23638917021631,3
azure_monitor,vm-scale-09,cpu_utilization,compute,centralus,percent,2026-08-01 00:00:00,52.574628391504234,22.23715973010972,80.51862714288298,3
datadog,vm-scale-01,request_rate,api,centralus,rpm,2026-08-01 00:00:00,3096.2491208132546,1930.4493794969753,4759.959136353285,4
datadog,vm-scale-01,request_rate,api,eastus,rpm,2026-08-01 00:00:00,2630.4626995833282,2429.4050736552404,2831.520325511416,2
datadog,vm-scale-02,request_rate,api,centralus,rpm,2026-08-01 00:00:00,2062.9693306174618,614.6551079925628,3611.50769169519,3
azure_cost,vm-scale-08,daily_cost,compute,westeurope,usd,2026-08-01 00:00:00,200.99844826185515,187.94061564755737,214.05628087615293,2
datadog,vm-scale-05,request_rate,api,centralus,rpm,2026-08-02 00:00:00,2328.359275558222,972.6297172624077,4498.702015977971,7
datadog,vm-scale-08,request_rate,api,eastus,rpm,2026-08-02 00:00:00,3074.8169791479704,1889.6413563040353,4654.456901400719,3
azure_monitor,vm-scale-02,cpu_utilization,compute,westeurope,percent,2026-08-02 00:00:00,49.064586509960364,18.579710583295935,78.62017444801901,7
datadog,vm-scale-07,request_rate,api,eastus,rpm,2026-08-02 00:00:00,3874.2343030511506,3743.0610688620322,4005.407537240269,2
azure_cost,vm-scale-07,daily_cost,compute,eastus,usd,2026-08-02 00:00:00,123.41700163734168,45.18176996846925,249.66298922351478,3
datadog,vm-scale-04,request_rate,api,westeurope,rpm,2026-08-02 00:00:00,3954.3167501749185,3097.627571335766,4811.005929014071,2
azure_monitor,vm-scale-03,cpu_utilization,compute,westeurope,percent,2026-08-03 00:00:00,57.401676797576535,25.170827149095736,80.02954575417002,5
azure_cost,vm-scale-01,daily_cost,compute,eastus,usd,2026-08-03 00:00:00,122.91071662160232,114.35356945804725,131.4678637851574,2
azure_monitor,vm-scale-07,cpu_utilization,compute,westeurope,percent,2026-08-04 00:00:00,64.8033360395444,39.704540531457695,78.04030956427148,5
datadog,vm-scale-02,request_rate,api,eastus,rpm,2026-08-04 00:00:00,1233.6996597133002,496.5796028284364,1635.5416659873692,4
azure_cost,vm-scale-06,daily_cost,compute,westeurope,usd,2026-08-04 00:00:00,165.16462180888155,79.240406560772,240.3550947646236,4
datadog,vm-scale-07,request_rate,api,centralus,rpm,2026-08-04 00:00:00,4542.210823799898,4542.210823799898,4542.210823799898,1
azure_monitor,vm-scale-07,cpu_utilization,compute,westeurope,percent,2026-08-05 00:00:00,73.38837234102375,62.688318684704676,91.25214300670545,3
azure_cost,vm-scale-06,daily_cost,compute,westeurope,usd,2026-08-05 00:00:00,125.67483666529247,125.67483666529247,125.67483666529247,1
datadog,vm-scale-07,request_rate,api,centralus,rpm,2026-08-05 00:00:00,2697.5280528177855,1304.8264255291886,4720.262555241332,3
datadog,vm-scale-02,request_rate,api,eastus,rpm,2026-08-05 00:00:00,2026.5521933754853,916.4318788259527,3136.672507925018,2
azure_monitor,vm-scale-09,cpu_utilization,compute,eastus,percent,2026-08-06 00:00:00,51.40104460271012,22.269957776231795,66.09706292154222,3
azure_cost,vm-scale-01,daily_cost,compute,eastus,usd,2026-08-07 00:00:00,149.13043216198943,88.19704440521065,204.9095106466755,5
azure_monitor,vm-scale-03,cpu_utilization,compute,westeurope,percent,2026-08-07 00:00:00,67.72263072166662,54.92368886445599,77.28073631525845,3
azure_cost,vm-scale-07,daily_cost,compute,eastus,usd,2026-08-08 00:00:00,147.8029289459497,44.41733522433951,276.55150414270713,4
azure_monitor,vm-scale-02,cpu_utilization,compute,westeurope,percent,2026-08-08 00:00:00,46.56400222391422,36.58909944358115,58.10034424859051,3
datadog,vm-scale-04,request_rate,api,westeurope,rpm,2026-08-08 00:00:00,3142.187395078936,1791.5747040968579,4539.787023721517,4
datadog,vm-scale-07,request_rate,api,eastus,rpm,2026-08-08 00:00:00,1993.752231368087,1263.1859379415648,2724.3185247946094,2
datadog,vm-scale-05,request_rate,api,centralus,rpm,2026-08-08 00:00:00,2711.055802129689,2122.1083888211597,3300.003215438218,2
datadog,vm-scale-08,request_rate,api,eastus,rpm,2026-08-08 00:00:00,2713.953260433931,499.54470179129197,3863.1747564323928,3
azure_cost,vm-scale-07,daily_cost,compute,eastus,usd,2026-08-09 00:00:00,272.6381697220196,272.6381697220196,272.6381697220196,1
datadog,vm-scale-05,request_rate,api,centralus,rpm,2026-08-09 00:00:00,3516.7657893701116,2289.3611771923124,4365.535087659603,5
datadog,vm-scale-04,request_rate,api,westeurope,rpm,2026-08-09 00:00:00,2693.4910540335436,887.0520125768262,4276.586617410805,4
datadog,vm-scale-07,request_rate,api,eastus,rpm,2026-08-09 00:00:00,1958.3217777806244,785.1934510338199,3131.450104527429,2
azure_monitor,vm-scale-02,cpu_utilization,compute,westeurope,percent,2026-08-09 00:00:00,74.90022263776287,65.49720463314947,84.30324064237627,2
datadog,vm-scale-08,request_rate,api,eastus,rpm,2026-08-09 00:00:00,3195.421257504662,2073.0377402895665,4720.067672689956,3
azure_cost,vm-scale-01,daily_cost,compute,eastus,usd,2026-08-10 00:00:00,164.18814740019513,127.78631552060084,202.61443401518295,3
datadog,vm-scale-09,request_rate,api,westeurope,rpm,2026-08-11 00:00:00,2037.0888643818046,726.023836102262,2993.85763930986,3
azure_cost,vm-scale-07,daily_cost,compute,westeurope,usd,2026-08-11 00:00:00,160.22107964742452,85.2045426432918,235.23761665155726,2
datadog,vm-scale-03,request_rate,api,centralus,rpm,2026-08-11 00:00:00,3006.032862658333,2071.7144974298867,3903.0230614257985,5
datadog,vm-scale-06,request_rate,api,eastus,rpm,2026-08-11 00:00:00,949.8249508818807,949.8249508818807,949.8249508818807,1
azure_monitor,vm-scale-01,cpu_utilization,compute,eastus,percent,2026-08-11 00:00:00,41.310566907996424,41.310566907996424,41.310566907996424,1
azure_monitor,vm-scale-03,cpu_utilization,compute,westeurope,percent,2026-08-12 00:00:00,63.18127413238094,42.417797292582165,83.94475097217972,2
azure_cost,vm-scale-01,daily_cost,compute,eastus,usd,2026-08-12 00:00:00,135.72601779814397,47.807816304204565,212.34730109891186,3
azure_cost,vm-scale-02,daily_cost,compute,westeurope,usd,2026-08-13 00:00:00,233.47007134871333,174.41029695485705,279.19359128305575,4
azure_cost,vm-scale-09,daily_cost,compute,centralus,usd,2026-08-13 00:00:00,134.90920803288373,49.08677111231477,246.05572113576574,8
datadog,vm-scale-04,request_rate,api,centralus,rpm,2026-08-13 00:00:00,3441.149761289275,1530.6277508540252,4495.699781289636,6
datadog,vm-scale-03,request_rate,api,eastus,rpm,2026-08-13 00:00:00,2477.4863081684257,115.15550965920959,4007.6774911779476,5
datadog,vm-scale-05,request_rate,api,eastus,rpm,2026-08-13 00:00:00,3131.551922265275,2429.446590508516,3566.2254182059105,3
azure_cost,vm-scale-09,daily_cost,compute,eastus,usd,2026-08-13 00:00:00,94.33996013011863,66.5415180521303,122.13840220810695,2
azure_monitor,vm-scale-02,cpu_utilization,compute,centralus,percent,2026-08-14 00:00:00,41.47891709179324,23.71014561781213,63.111371604634954,6
datadog,vm-scale-01,request_rate,api,westeurope,rpm,2026-08-14 00:00:00,3795.2034770819037,1492.4785477269343,4919.871361918453,4
azure_cost,vm-scale-03,daily_cost,compute,westeurope,usd,2026-08-14 00:00:00,171.83249194806717,51.43609178864665,249.68520311944587,3
azure_monitor,vm-scale-06,cpu_utilization,compute,westeurope,percent,2026-08-14 00:00:00,39.40159698786481,34.66192717889339,44.14126679683621,2
azure_cost,vm-scale-03,daily_cost,compute,westeurope,usd,2026-08-15 00:00:00,130.73155629568853,55.74357568142146,205.7195369099556,2
datadog,vm-scale-01,request_rate,api,westeurope,rpm,2026-08-15 00:00:00,4851.731686635511,4851.731686635511,4851.731686635511,1
azure_monitor,vm-scale-06,cpu_utilization,compute,westeurope,percent,2026-08-15 00:00:00,45.317140592393706,26.432488500443313,76.97685452362802,3
azure_monitor,vm-scale-02,cpu_utilization,compute,centralus,percent,2026-08-15 00:00:00,33.39469095063633,33.39469095063633,33.39469095063633,1
azure_monitor,vm-scale-01,cpu_utilization,compute,eastus,percent,2026-08-16 00:00:00,36.29857592506197,15.640188986335138,68.87300269285983,3
datadog,vm-scale-09,request_rate,api,westeurope,rpm,2026-08-16 00:00:00,945.1808711696996,176.5891113587676,2373.343248610574,3
azure_cost,vm-scale-07,daily_cost,compute,westeurope,usd,2026-08-16 00:00:00,182.00187977694534,80.8295336497634,248.41096531031718,4
datadog,vm-scale-06,request_rate,api,eastus,rpm,2026-08-16 00:00:00,2994.016100386052,2445.256079383685,4334.933217071901,4
datadog,vm-scale-03,request_rate,api,centralus,rpm,2026-08-16 00:00:00,3143.287461728436,3143.287461728436,3143.287461728436,1
azure_monitor,vm-scale-07,cpu_utilization,compute,centralus,percent,2026-08-17 00:00:00,57.926794153450736,15.991939649652283,89.80257890107552,5
azure_monitor,vm-scale-09,cpu_utilization,compute,eastus,percent,2026-08-17 00:00:00,50.26071900407061,33.5467449473996,59.66707205910972,4
azure_monitor,vm-scale-09,cpu_utilization,compute,eastus,percent,2026-08-18 00:00:00,67.24510784436542,63.34811991669865,71.14209577203219,2
azure_cost,vm-scale-07,daily_cost,compute,centralus,usd,2026-08-19 00:00:00,148.8946224268016,73.44925770418277,225.44635295240957,4
azure_cost,vm-scale-05,daily_cost,compute,centralus,usd,2026-08-19 00:00:00,160.42065390578082,95.06425900827674,251.73621319675206,3
azure_cost,vm-scale-02,daily_cost,compute,eastus,usd,2026-08-19 00:00:00,140.32070483989992,77.22692627361158,219.77592667544138,4
datadog,vm-scale-07,request_rate,api,westeurope,rpm,2026-08-19 00:00:00,2583.3725747853314,1875.5382813680571,3648.312679104431,3
azure_cost,vm-scale-01,daily_cost,compute,centralus,usd,2026-08-19 00:00:00,206.72755830134153,93.54051006699389,277.15769783703854,7
azure_cost,vm-scale-03,daily_cost,compute,centralus,usd,2026-08-19 00:00:00,60.40528792759842,43.725240099721645,77.0853357554752,2
azure_monitor,vm-scale-06,cpu_utilization,compute,eastus,percent,2026-08-19 00:00:00,56.82430725506102,18.199493257819903,87.10659525613683,10
azure_monitor,vm-scale-04,cpu_utilization,compute,westeurope,percent,2026-08-19 00:00:00,32.79436701768854,32.79436701768854,32.79436701768854,1
azure_cost,vm-scale-06,daily_cost,compute,eastus,usd,2026-08-19 00:00:00,154.8077907203717,76.9604060798851,257.6945441632528,3
azure_cost,vm-scale-09,daily_cost,compute,eastus,usd,2026-08-20 00:00:00,225.9530585902136,137.0059378349551,275.50773852296595,3
datadog,vm-scale-04,request_rate,api,eastus,rpm,2026-08-20 00:00:00,3619.2434411884706,3217.094209668986,4157.718791591402,4
datadog,vm-scale-05,request_rate,api,eastus,rpm,2026-08-20 00:00:00,1874.8317899211006,103.97590186900698,3085.309965637326,4
datadog,vm-scale-04,request_rate,api,centralus,rpm,2026-08-20 00:00:00,2063.5717229287325,518.5582206872577,3086.181583229674,4
azure_cost,vm-scale-02,daily_cost,compute,westeurope,usd,2026-08-20 00:00:00,200.77366559035784,121.15878743440132,272.36586396141195,3
azure_cost,vm-scale-09,daily_cost,compute,centralus,usd,2026-08-20 00:00:00,89.21661636401909,89.21661636401909,89.21661636401909,1
azure_monitor,vm-scale-04,cpu_utilization,compute,centralus,percent,2026-08-20 00:00:00,67.13946835029883,34.96612144633562,84.72597170264672,3
azure_monitor,vm-scale-05,cpu_utilization,compute,westeurope,percent,2026-08-20 00:00:00,35.151468031007184,35.151468031007184,35.151468031007184,1
azure_cost,vm-scale-01,daily_cost,compute,westeurope,usd,2026-08-21 00:00:00,174.41786918616776,94.8968780489738,258.9564742817601,5
azure_cost,vm-scale-04,daily_cost,compute,centralus,usd,2026-08-21 00:00:00,111.34402097333317,44.71675814304681,177.97128380361954,2
azure_cost,vm-scale-05,daily_cost,compute,westeurope,usd,2026-08-21 00:00:00,80.08546427208394,80.08546427208394,80.08546427208394,1
azure_monitor,vm-scale-07,cpu_utilization,compute,eastus,percent,2026-08-22 00:00:00,57.44186377169915,28.134272004615198,74.96860696977414,4
azure_cost,vm-scale-08,daily_cost,compute,centralus,usd,2026-08-22 00:00:00,211.63481074220843,97.17386605561303,262.1773392364621,7
datadog,vm-scale-05,request_rate,api,westeurope,rpm,2026-08-22 00:00:00,2336.0927912563266,879.2052177126695,3531.8970599026916,7
datadog,vm-scale-09,request_rate,api,eastus,rpm,2026-08-22 00:00:00,3255.4372634419387,1030.6095556996218,4915.761364485546,5
datadog,vm-scale-07,request_rate,api,centralus,rpm,2026-08-23 00:00:00,3039.4899840845064,287.75722810629463,4481.241883597836,6
azure_monitor,vm-scale-07,cpu_utilization,compute,westeurope,percent,2026-08-23 00:00:00,68.83289710652679,52.00783126527473,80.45427322267864,3
azure_cost,vm-scale-06,daily_cost,compute,westeurope,usd,2026-08-23 00:00:00,141.47798106022157,63.574128013288316,222.69316187810892,5
datadog,vm-scale-02,request_rate,api,eastus,rpm,2026-08-23 00:00:00,4053.1358619316857,4053.1358619316857,4053.1358619316857,1
azure_monitor,vm-scale-07,cpu_utilization,compute,eastus,percent,2026-08-24 00:00:00,54.0871016969647,20.76579611388888,88.11157278555514,7
datadog,vm-scale-09,request_rate,api,eastus,rpm,2026-08-24 00:00:00,2098.914000961808,761.7985827797255,4581.3322713175585,7
azure_cost,vm-scale-08,daily_cost,compute,centralus,usd,2026-08-24 00:00:00,211.5821232971593,50.97543901929845,274.1033949335763,4
datadog,vm-scale-05,request_rate,api,westeurope,rpm,2026-08-24 00:00:00,600.038900921988,600.038900921988,600.038900921988,1
azure_monitor,vm-scale-03,cpu_utilization,compute,centralus,percent,2026-08-25 00:00:00,62.46868560505113,46.59750164027204,81.58564900795658,3
azure_monitor,vm-scale-08,cpu_utilization,compute,centralus,percent,2026-08-25 00:00:00,40.73577522642072,17.889424453253316,69.24829420187382,6
azure_cost,vm-scale-04,daily_cost,compute,westeurope,usd,2026-08-25 00:00:00,190.31894877908258,134.8367003476319,227.70341336711496,4
datadog,vm-scale-09,request_rate,api,centralus,rpm,2026-08-25 00:00:00,2673.891115309475,207.03217403687805,4577.057343701287,10
datadog,vm-scale-08,request_rate,api,centralus,rpm,2026-08-25 00:00:00,810.702860485702,612.7960318281695,1008.6096891432345,2
azure_monitor,vm-scale-08,cpu_utilization,compute,westeurope,percent,2026-08-25 00:00:00,78.05776648780197,73.79891055775053,84.86045246636523,3
azure_cost,vm-scale-02,daily_cost,compute,centralus,usd,2026-08-25 00:00:00,152.80535401669667,100.05162910102835,205.97533548061247,4
azure_monitor,vm-scale-09,cpu_utilization,compute,westeurope,percent,2026-08-26 00:00:00,48.96806877448899,21.63213213658434,68.8757630733964,6
azure_monitor,vm-scale-02,cpu_utilization,compute,eastus,percent,2026-08-26 00:00:00,64.7543298859185,47.54336714058834,83.80728718981722,4
azure_cost,vm-scale-04,daily_cost,compute,eastus,usd,2026-08-26 00:00:00,215.80514323681095,148.66110484854553,265.6796955854833,3
azure_cost,vm-scale-06,daily_cost,compute,centralus,usd,2026-08-27 00:00:00,191.08155839927545,75.93172008481292,272.7077156308935,6
datadog,vm-scale-06,request_rate,api,centralus,rpm,2026-08-27 00:00:00,1720.9101226940502,880.264731966369,2561.5555134217316,2
datadog,vm-scale-06,request_rate,api,westeurope,rpm,2026-08-27 00:00:00,2442.646687082736,986.5680448319324,4173.266390755212,4
azure_monitor,vm-scale-02,cpu_utilization,compute,eastus,percent,2026-08-28 00:00:00,57.409854136305384,26.10123924813707,88.6844602219276,5
azure_cost,vm-scale-04,daily_cost,compute,eastus,usd,2026-08-28 00:00:00,199.5271344682893,135.31178459882085,279.18490885710423,5
azure_monitor,vm-scale-09,cpu_utilization,compute,westeurope,percent,2026-08-28 00:00:00,38.16934840779491,25.612180490043734,62.92927121734206,3
azure_monitor,vm-scale-09,cpu_utilization,compute,eastus,percent,2026-08-29 00:00:00,57.498396692681055,16.94818262137396,87.53146302137657,4
azure_monitor,vm-scale-07,cpu_utilization,compute,centralus,percent,2026-08-29 00:00:00,59.87751649974801,38.208446531472305,79.55178150605904,4
azure_cost,vm-scale-03,daily_cost,compute,westeurope,usd,2026-08-30 00:00:00,141.76757194531012,58.3956453174289,265.6455863330404,3
azure_monitor,vm-scale-06,cpu_utilization,compute,westeurope,percent,2026-08-30 00:00:00,65.1240691184634,34.41346868559398,82.84440605463276,3
azure_monitor,vm-scale-02,cpu_utilization,compute,centralus,percent,2026-08-30 00:00:00,41.78427946777377,16.8877167772537,69.9576690854786,6
datadog,vm-scale-01,request_rate,api,westeurope,rpm,2026-08-30 00:00:00,3021.551322708877,3021.551322708877,3021.551322708877,1
datadog,vm-scale-02,request_rate,api,eastus,rpm,2026-08-31 00:00:00,3226.2905379961526,2300.776721449664,4297.325173147526,3
azure_monitor,vm-scale-07,cpu_utilization,compute,westeurope,percent,2026-08-31 00:00:00,61.118702011958945,33.45810400272454,84.8759780190094,4
datadog,vm-scale-07,request_rate,api,centralus,rpm,2026-08-31 00:00:00,2755.597357048599,913.9296598195656,4851.27672585701,5
azure_cost,vm-scale-06,daily_cost,compute,westeurope,usd,2026-08-31 00:00:00,191.08558547338833,61.16562435665429,271.4844758049675,4
datadog,vm-scale-05,request_rate,api,westeurope,rpm,2026-09-01 00:00:00,1509.1311357340958,1179.472709038349,1855.6211186738835,3
azure_monitor,vm-scale-07,cpu_utilization,compute,eastus,percent,2026-09-01 00:00:00,82.24353334934501,82.24353334934501,82.24353334934501,1
datadog,vm-scale-09,request_rate,api,eastus,rpm,2026-09-01 00:00:00,3170.3299440242,1047.0924743814362,4880.102576137549,5
azure_cost,vm-scale-08,daily_cost,compute,centralus,usd,2026-09-01 00:00:00,220.13396566022945,104.6044006675669,265.11526311910245,4
datadog,vm-scale-05,request_rate,api,westeurope,rpm,2026-09-02 00:00:00,3581.0038747541184,3361.2948280152477,3800.7129214929896,2
azure_monitor,vm-scale-07,cpu_utilization,compute,eastus,percent,2026-09-02 00:00:00,49.36769334517594,22.815852590731765,77.58990055288916,5
azure_cost,vm-scale-08,daily_cost,compute,centralus,usd,2026-09-02 00:00:00,114.37997393323575,47.81164013302407,180.94830773344742,2
datadog,vm-scale-09,request_rate,api,eastus,rpm,2026-09-02 00:00:00,4635.706342927259,4635.706342927259,4635.706342927259,1
azure_monitor,vm-scale-03,cpu_utilization,compute,centralus,percent,2026-09-03 00:00:00,75.64010114581194,69.09000148719386,79.2160112880008,3
azure_cost,vm-scale-02,daily_cost,compute,centralus,usd,2026-09-03 00:00:00,155.64700362140172,76.63003226376779,234.6639749790357,2
azure_monitor,vm-scale-08,cpu_utilization,compute,centralus,percent,2026-09-03 00:00:00,49.9563580929285,40.91901965019065,59.36802838045123,3
azure_cost,vm-scale-04,daily_cost,compute,westeurope,usd,2026-09-03 00:00:00,279.5727077701119,279.5727077701119,279.5727077701119,1
datadog,vm-scale-08,request_rate,api,centralus,rpm,2026-09-03 00:00:00,1663.1616996476191,630.146589685786,3207.936182360231,4
datadog,vm-scale-09,request_rate,api,centralus,rpm,2026-09-03 00:00:00,1500.0076173734378,100.3976211244012,2948.7975119958933,4
azure_monitor,vm-scale-08,cpu_utilization,compute,westeurope,percent,2026-09-03 00:00:00,60.53089923103494,44.06735174084688,76.99444672122299,2
azure_monitor,vm-scale-09,cpu_utilization,compute,eastus,percent,2026-09-04 00:00:00,62.94341415391965,41.335010872895175,89.0631423329382,5
azure_monitor,vm-scale-07,cpu_utilization,compute,centralus,percent,2026-09-04 00:00:00,57.506055560950465,39.363684533016475,81.62611904297732,3
azure_monitor,vm-dev-01,cpu_utilization,development,centralus,percent,2026-07-15 00:00:00,8.21229779987303,6.050750936473323,9.983448850933403,24
azure_monitor,vm-dev-01,cpu_utilization,development,centralus,percent,2026-06-17 00:00:00,7.912281719247592,6.005371902429067,9.993753599151077,264
azure_monitor,vm-prod-01,cpu_utilization,compute,centralus,percent,2026-06-22 00:00:00,44.8705930252913,40.00714235207227,49.99083093680531,264
azure_monitor,vm-dev-01,cpu_utilization,development,centralus,percent,2026-06-26 00:00:00,8.107919332595184,6.012019835355471,9.998703268821089,264
datadog,svc-api-gateway,request_rate,api,eastus2,rpm,2026-06-30 00:00:00,1204.1346120645605,1100.1851443920061,1299.8395614206142,264
azure_monitor,vm-dev-01,cpu_utilization,development,centralus,percent,2026-07-02 00:00:00,7.93102164796871,6.014703483271191,9.997979832560272,264
azure_monitor,vm-prod-01,memory_utilization,compute,centralus,percent,2026-07-06 00:00:00,55.0350061883344,53.00762129335925,56.97282465509037,264
azure_monitor,vm-dev-01,memory_utilization,development,centralus,percent,2026-07-07 00:00:00,11.96077764588525,11.017249726618079,12.98532055088205,283
azure_monitor,vm-prod-02,cpu_utilization,compute,centralus,percent,2026-07-07 00:00:00,70.1706866373315,33.53785664527782,75.28974717323247,283
azure_monitor,vm-prod-01,cpu_utilization,compute,centralus,percent,2026-07-08 00:00:00,44.97191460332559,40.04313754748426,49.95820245775915,288
azure_monitor,vm-prod-02,memory_utilization,compute,centralus,percent,2026-07-09 00:00:00,60.05184474374898,59.0042709679105,60.99706639671992,288
datadog,svc-api-gateway,error_rate,api,eastus2,percent,2026-07-09 00:00:00,0.49449173773535926,0.3014420148555843,0.6970230926990206,288
azure_monitor,vm-dev-01,memory_utilization,development,centralus,percent,2026-07-10 00:00:00,12.010659039473628,11.000356310836441,12.992258950932579,288
azure_monitor,vm-prod-02,cpu_utilization,compute,centralus,percent,2026-07-10 00:00:00,74.07454375405455,38.3664786543631,79.7640005423252,288
azure_cost,vm-prod-02,daily_cost,compute,centralus,usd,2026-06-13 00:00:00,149.83048109489056,142.31078128113177,157.6792904811837,11
azure_cost,vm-prod-02,daily_cost,compute,centralus,usd,2026-06-14 00:00:00,150.91208136426224,142.5792315802365,156.85457058979443,11
azure_cost,vm-prod-01,daily_cost,compute,centralus,usd,2026-06-17 00:00:00,100.43790930995483,96.41596770793261,104.82363923953145,11
azure_cost,vm-dev-01,daily_cost,development,centralus,usd,2026-06-18 00:00:00,9.813861076833625,9.105699035454652,10.339736843241761,11
azure_cost,vm-prod-02,daily_cost,compute,centralus,usd,2026-06-20 00:00:00,150.22665192207725,142.4208163391254,155.18662299530348,11
azure_cost,vm-prod-01,daily_cost,compute,centralus,usd,2026-06-26 00:00:00,99.49287145528228,96.15216195994864,104.35601198736731,11
azure_cost,vm-dev-01,daily_cost,development,centralus,usd,2026-07-01 00:00:00,10.15180037459199,9.147299732959977,10.845636649927311,11
azure_cost,vm-prod-01,daily_cost,compute,centralus,usd,2026-07-02 00:00:00,100.03951835743837,96.0077445657902,104.85857450472272,11
azure_cost,svc-api-gateway,daily_cost,api,eastus2,usd,2026-07-07 00:00:00,49.989428312071716,48.38125511305278,51.40482160595768,12
azure_cost,svc-api-gateway,daily_cost,api,eastus2,usd,2026-07-10 00:00:00,49.76263731075726,48.33133838818022,51.68620912818914,12
azure_cost,vm-dev-01,daily_cost,development,centralus,usd,2026-07-11 00:00:00,9.98674020936648,9.182463448499474,10.923077188241184,12
datadog,svc-api-gateway,request_rate,api,eastus2,rpm,2026-07-18 00:00:00,1181.7438814435125,1101.4363462513854,1295.6151917933132,24
azure_monitor,vm-dev-01,cpu_utilization,development,centralus,percent,2026-07-19 00:00:00,8.215938804758155,6.142700968432365,9.945877426009858,24
azure_monitor,vm-dev-01,cpu_utilization,development,centralus,percent,2026-07-20 00:00:00,8.188255439869417,6.01551000419173,9.900635746767566,24
azure_monitor,vm-prod-01,cpu_utilization,compute,centralus,percent,2026-07-22 00:00:00,45.24198712434278,40.0239890272938,49.371933405287024,24
datadog,svc-api-gateway,request_rate,api,eastus2,rpm,2026-07-27 00:00:00,1201.9130997750106,1128.310691672369,1298.0005998723989,24
azure_monitor,vm-prod-01,memory_utilization,compute,centralus,percent,2026-07-28 00:00:00,54.64059742914762,53.11274601348623,56.728492556925346,24
datadog,svc-api-gateway,request_rate,api,eastus2,rpm,2026-07-30 00:00:00,1191.825786764412,1100.3595185253303,1298.6452111177,24
azure_monitor,vm-prod-01,cpu_utilization,compute,centralus,percent,2026-07-31 00:00:00,45.858603753477986,40.27320669167075,49.63276529621355,24
azure_monitor,vm-dev-01,memory_utilization,development,centralus,percent,2026-08-01 00:00:00,11.902351689047775,11.004120546543515,12.98131102139644,24
azure_monitor,vm-prod-02,cpu_utilization,compute,centralus,percent,2026-08-01 00:00:00,72.65025485846994,70.935707033267,74.94947163789953,24
datadog,svc-api-gateway,request_rate,api,eastus2,rpm,2026-08-02 00:00:00,1184.3406930360127,1101.5848004133813,1287.8272891335114,24
azure_monitor,vm-prod-01,memory_utilization,compute,centralus,percent,2026-08-03 00:00:00,54.56163481771484,53.06065585455524,56.75357920708872,24
azure_cost,svc-api-gateway,daily_cost,api,eastus2,usd,2026-07-14 00:00:00,48.41351619225256,48.41351619225256,48.41351619225256,1
azure_cost,vm-dev-01,daily_cost,development,centralus,usd,2026-07-15 00:00:00,9.28715075284667,9.28715075284667,9.28715075284667,1
azure_cost,vm-prod-01,daily_cost,compute,centralus,usd,2026-07-16 00:00:00,95.7841933424621,95.7841933424621,95.7841933424621,1
azure_cost,vm-prod-01,daily_cost,compute,centralus,usd,2026-07-19 00:00:00,97.44445631559063,97.44445631559063,97.44445631559063,1
azure_cost,vm-prod-01,daily_cost,compute,centralus,usd,2026-07-20 00:00:00,98.52453762897555,98.52453762897555,98.52453762897555,1
azure_cost,vm-prod-02,daily_cost,compute,centralus,usd,2026-07-25 00:00:00,143.04543008332894,143.04543008332894,143.04543008332894,1
azure_cost,vm-prod-02,daily_cost,compute,centralus,usd,2026-07-29 00:00:00,144.9381899937295,144.9381899937295,144.9381899937295,1
azure_cost,svc-api-gateway,daily_cost,api,eastus2,usd,2026-08-01 00:00:00,48.61824803607813,48.61824803607813,48.61824803607813,1
azure_cost,vm-prod-02,daily_cost,compute,centralus,usd,2026-08-04 00:00:00,156.43794565585858,156.43794565585858,156.43794565585858,1
azure_cost,vm-prod-02,daily_cost,compute,centralus,usd,2026-08-05 00:00:00,149.9274512853443,149.9274512853443,149.9274512853443,1
azure_monitor,vm-scale-05,cpu_utilization,compute,eastus,percent,2026-07-30 00:00:00,35.196350301728614,35.196350301728614,35.196350301728614,1
azure_monitor,vm-scale-01,cpu_utilization,compute,westeurope,percent,2026-07-30 00:00:00,79.70804929051931,76.97771400631731,82.43838457472133,2
azure_monitor,vm-scale-08,cpu_utilization,compute,eastus,percent,2026-07-30 00:00:00,46.14388298778497,46.14388298778497,46.14388298778497,1
azure_cost,vm-scale-06,daily_cost,compute,centralus,usd,2026-07-31 00:00:00,143.5262432263949,131.52594721508748,155.52653923770237,2
datadog,vm-scale-06,request_rate,api,westeurope,rpm,2026-07-31 00:00:00,2763.3005649143665,296.62986827421196,4534.477648634113,6
datadog,vm-scale-06,request_rate,api,centralus,rpm,2026-07-31 00:00:00,3377.0216726923877,2246.3636401897147,4507.679705195061,2
azure_monitor,vm-scale-05,cpu_utilization,compute,westeurope,percent,2026-08-01 00:00:00,55.46381450190195,20.984312525101927,79.86417476228709,5
datadog,vm-scale-04,request_rate,api,eastus,rpm,2026-08-01 00:00:00,1315.8086381616454,398.355272115198,2795.7788933390643,4
datadog,vm-scale-04,request_rate,api,centralus,rpm,2026-08-01 00:00:00,2547.9412429050153,440.87463428289084,3864.552553347575,4
azure_cost,vm-scale-09,daily_cost,compute,eastus,usd,2026-08-01 00:00:00,196.85483966870197,147.1656731575004,245.03440172886235,4
datadog,vm-scale-03,request_rate,api,eastus,rpm,2026-08-01 00:00:00,3637.927951609456,2570.550690026957,4979.181000956957,5
azure_cost,vm-scale-09,daily_cost,compute,centralus,usd,2026-08-01 00:00:00,179.61578196852162,130.35154486230527,241.85964107111255,4
azure_monitor,vm-scale-04,cpu_utilization,compute,centralus,percent,2026-08-01 00:00:00,60.19254249843668,60.19254249843668,60.19254249843668,1
datadog,vm-scale-05,request_rate,api,eastus,rpm,2026-08-01 00:00:00,1730.8198660079581,1730.8198660079581,1730.8198660079581,1
azure_cost,vm-scale-02,daily_cost,compute,westeurope,usd,2026-08-01 00:00:00,139.61813169225067,84.8325083785603,188.14368567292468,3
azure_monitor,vm-scale-01,cpu_utilization,compute,westeurope,percent,2026-08-02 00:00:00,21.59038572247258,19.097602089792293,25.230755138113217,4
azure_monitor,vm-scale-08,cpu_utilization,compute,eastus,percent,2026-08-02 00:00:00,39.178118900566325,24.771717594348218,52.8258190991101,3
azure_monitor,vm-scale-05,cpu_utilization,compute,eastus,percent,2026-08-02 00:00:00,53.79417112841753,26.26380578390966,91.47396077851054,6
datadog,vm-scale-07,request_rate,api,westeurope,rpm,2026-08-03 00:00:00,2535.2595012458237,858.3000504747023,3484.771152141991,3
azure_cost,vm-scale-07,daily_cost,compute,centralus,usd,2026-08-03 00:00:00,148.43883318848543,49.94617368048014,268.0974258756456,3
azure_cost,vm-scale-05,daily_cost,compute,centralus,usd,2026-08-03 00:00:00,167.70150516440017,122.21790093195375,208.86497806532063,4
azure_cost,vm-scale-06,daily_cost,compute,eastus,usd,2026-08-03 00:00:00,174.24405147497203,118.23913307695142,221.87443213461,4
azure_cost,vm-scale-03,daily_cost,compute,centralus,usd,2026-08-03 00:00:00,148.19498024404092,50.77398610909576,237.95606948894323,7
azure_cost,vm-scale-01,daily_cost,compute,centralus,usd,2026-08-03 00:00:00,120.19369460096463,62.19020164078297,186.69236877102617,4
azure_monitor,vm-scale-06,cpu_utilization,compute,eastus,percent,2026-08-03 00:00:00,81.21362904875657,81.21362904875657,81.21362904875657,1
azure_monitor,vm-scale-04,cpu_utilization,compute,westeurope,percent,2026-08-03 00:00:00,59.399486354960274,46.600958864611215,72.19801384530933,2
azure_cost,vm-scale-02,daily_cost,compute,eastus,usd,2026-08-03 00:00:00,145.24899088723703,96.42993320778817,194.0680485666859,2
azure_monitor,vm-scale-07,cpu_utilization,compute,eastus,percent,2026-08-04 00:00:00,51.41458577099114,28.234387896090325,77.65228558201667,4
datadog,vm-scale-05,request_rate,api,westeurope,rpm,2026-08-04 00:00:00,3516.8544257356784,2182.3871893427668,4364.707633671739,6
datadog,vm-scale-09,request_rate,api,eastus,rpm,2026-08-04 00:00:00,1899.6882079218078,277.8980232916159,3737.4692911854213,3
azure_cost,vm-scale-08,daily_cost,compute,centralus,usd,2026-08-04 00:00:00,125.69898672159893,68.55103797141705,154.35060397570007,3
azure_monitor,vm-scale-07,cpu_utilization,compute,eastus,percent,2026-08-05 00:00:00,50.604894362991814,16.25157801294829,76.25982740642175,6
datadog,vm-scale-05,request_rate,api,westeurope,rpm,2026-08-05 00:00:00,2021.6262554279874,210.8062192159333,3694.293126330329,7
datadog,vm-scale-09,request_rate,api,eastus,rpm,2026-08-05 00:00:00,1872.7680594393325,419.75469921076274,2856.66205182689,3
datadog,vm-scale-08,request_rate,api,westeurope,rpm,2026-08-06 00:00:00,3024.6133958507053,1688.4547540715016,4073.2267670786614,3
azure_monitor,vm-scale-06,cpu_utilization,compute,centralus,percent,2026-08-06 00:00:00,56.85463676690991,18.221139029402643,78.86035405503964,4
azure_cost,vm-scale-08,daily_cost,compute,eastus,usd,2026-08-06 00:00:00,164.0468758770286,75.38702213923841,273.8245701070714,5
azure_monitor,vm-scale-04,cpu_utilization,compute,eastus,percent,2026-08-06 00:00:00,55.01304922452719,18.351768444125113,83.60229037459683,3
azure_cost,vm-scale-01,daily_cost,compute,centralus,usd,2026-08-07 00:00:00,126.30456055894723,56.87001756299854,194.583049687408,4
azure_cost,vm-scale-05,daily_cost,compute,centralus,usd,2026-08-07 00:00:00,182.1621586210672,72.31391405921708,226.07570372353354,5
azure_cost,vm-scale-07,daily_cost,compute,centralus,usd,2026-08-07 00:00:00,148.34699785642925,88.92196532078415,271.74249141028406,4
azure_monitor,vm-scale-04,cpu_utilization,compute,westeurope,percent,2026-08-07 00:00:00,68.26757450880498,45.17109686000518,88.59326810331342,4
datadog,vm-scale-07,request_rate,api,westeurope,rpm,2026-08-07 00:00:00,2347.7574393685127,470.10258296783286,4269.784277772354,4
azure_cost,vm-scale-03,daily_cost,compute,centralus,usd,2026-08-07 00:00:00,128.45286515284903,60.83984465770324,218.0347511355222,5
azure_cost,vm-scale-02,daily_cost,compute,eastus,usd,2026-08-07 00:00:00,161.64989990552988,71.39971031937635,251.9000894916834,2
azure_cost,vm-scale-06,daily_cost,compute,eastus,usd,2026-08-07 00:00:00,130.70050335004632,40.27458393718075,195.40171955809808,4
azure_monitor,vm-scale-08,cpu_utilization,compute,eastus,percent,2026-08-08 00:00:00,40.36521481335921,21.240316061163792,56.701037931973296,3
azure_monitor,vm-scale-01,cpu_utilization,compute,westeurope,percent,2026-08-08 00:00:00,57.810501853093086,47.548882050222694,80.82894290967444,4
azure_monitor,vm-scale-05,cpu_utilization,compute,eastus,percent,2026-08-08 00:00:00,58.54162893844086,43.85390053251778,80.06586748240254,3
azure_monitor,vm-scale-05,cpu_utilization,compute,eastus,percent,2026-08-09 00:00:00,55.986219379831155,38.72501669306692,73.24742206659539,2
azure_monitor,vm-scale-01,cpu_utilization,compute,westeurope,percent,2026-08-09 00:00:00,28.821123168423572,16.003134792894414,50.287794360696395,5
azure_monitor,vm-scale-08,cpu_utilization,compute,eastus,percent,2026-08-09 00:00:00,80.54320901005094,77.20508162666303,83.88133639343886,2
azure_cost,vm-scale-01,daily_cost,compute,centralus,usd,2026-08-10 00:00:00,162.87822845881286,60.56491008099321,265.1915468366325,2
azure_monitor,vm-scale-04,cpu_utilization,compute,westeurope,percent,2026-08-10 00:00:00,45.97584306142037,28.43227468347567,79.92215762335961,3
azure_cost,vm-scale-02,daily_cost,compute,eastus,usd,2026-08-10 00:00:00,153.64098857297253,153.64098857297253,153.64098857297253,1
azure_cost,vm-scale-03,daily_cost,compute,centralus,usd,2026-08-10 00:00:00,132.17769610410036,50.441294723033124,215.4220923031583,10
datadog,vm-scale-07,request_rate,api,westeurope,rpm,2026-08-10 00:00:00,2217.284757867718,148.1510901843555,4286.41842555108,2
azure_cost,vm-scale-05,daily_cost,compute,centralus,usd,2026-08-10 00:00:00,178.8149766582613,178.8149766582613,178.8149766582613,1
azure_cost,vm-scale-06,daily_cost,compute,eastus,usd,2026-08-10 00:00:00,186.64636242351733,126.9716245592887,247.69704064535867,5
azure_monitor,vm-scale-06,cpu_utilization,compute,eastus,percent,2026-08-10 00:00:00,34.13456782692769,19.544307798168575,51.45982360245013,4
azure_cost,vm-scale-07,daily_cost,compute,centralus,usd,2026-08-10 00:00:00,75.62015663952258,75.62015663952258,75.62015663952258,1
azure_cost,vm-scale-04,daily_cost,compute,centralus,usd,2026-08-11 00:00:00,117.42953783690007,103.27477140061114,131.584304273189,2
azure_cost,vm-scale-05,daily_cost,compute,westeurope,usd,2026-08-11 00:00:00,62.63700318472408,62.63700318472408,62.63700318472408,1
azure_cost,vm-scale-03,daily_cost,compute,centralus,usd,2026-08-12 00:00:00,179.29486590281613,62.31120599836409,279.14349622260096,6
azure_cost,vm-scale-05,daily_cost,compute,centralus,usd,2026-08-12 00:00:00,183.0349387023738,41.621013095518975,275.52848491696386,8
azure_cost,vm-scale-02,daily_cost,compute,eastus,usd,2026-08-12 00:00:00,207.10415806954916,100.99667255175548,275.1933279309434,5
azure_monitor,vm-scale-04,cpu_utilization,compute,westeurope,percent,2026-08-12 00:00:00,40.70094211973806,32.43557623677074,48.96630800270538,2
datadog,vm-scale-07,request_rate,api,westeurope,rpm,2026-08-12 00:00:00,1780.6061746151345,676.3046158037961,3664.6472901320026,3
azure_cost,vm-scale-07,daily_cost,compute,centralus,usd,2026-08-12 00:00:00,86.1626516371551,64.33414503743919,112.68699415906723,3
azure_cost,vm-scale-06,daily_cost,compute,eastus,usd,2026-08-12 00:00:00,73.34039000204932,46.245945297756,109.1080969710258,3
azure_cost,vm-scale-01,daily_cost,compute,centralus,usd,2026-08-12 00:00:00,229.45339398483966,229.45339398483966,229.45339398483966,1
azure_monitor,vm-scale-06,cpu_utilization,compute,eastus,percent,2026-08-12 00:00:00,55.12639995953442,55.12639995953442,55.12639995953442,1
datadog,vm-scale-02,request_rate,api,centralus,rpm,2026-08-13 00:00:00,3190.772367054405,1310.1269252626482,4797.289585056678,3
azure_monitor,vm-scale-01,cpu_utilization,compute,centralus,percent,2026-08-13 00:00:00,53.25686061730997,26.709140610301887,88.59259053345392,6
azure_cost,vm-scale-03,daily_cost,compute,eastus,usd,2026-08-13 00:00:00,115.5656950015989,58.38883810305453,204.5604921206226,9
azure_cost,vm-scale-08,daily_cost,compute,westeurope,usd,2026-08-13 00:00:00,130.00823646863344,99.21163170244748,183.48277901582844,3
azure_cost,vm-scale-05,daily_cost,compute,eastus,usd,2026-08-13 00:00:00,185.70841713274723,104.31585227501503,267.1009819904794,2
azure_cost,vm-scale-09,daily_cost,compute,westeurope,usd,2026-08-13 00:00:00,103.36645835352363,69.51577643925313,144.95123734554298,5
datadog,vm-scale-01,request_rate,api,eastus,rpm,2026-08-13 00:00:00,1708.9699727619134,164.57215098425894,3253.367794539568,2
azure_monitor,vm-scale-09,cpu_utilization,compute,centralus,percent,2026-08-13 00:00:00,40.77385308988701,23.959784138700854,71.52714283806674,3
azure_monitor,vm-scale-03,cpu_utilization,compute,eastus,percent,2026-08-13 00:00:00,52.75118129249821,22.952694236162777,87.31687359334376,4
azure_monitor,vm-scale-05,cpu_utilization,compute,centralus,percent,2026-08-13 00:00:00,33.927075087002954,29.362948873135178,39.89595161715297,3
datadog,vm-scale-02,request_rate,api,westeurope,rpm,2026-08-13 00:00:00,2904.761656705808,1584.856152648267,4848.053787329473,7
datadog,vm-scale-01,request_rate,api,centralus,rpm,2026-08-13 00:00:00,2965.007667971145,1522.2896398128553,3687.9466164847386,4
azure_cost,vm-scale-06,daily_cost,compute,centralus,usd,2026-08-14 00:00:00,159.99686887106373,91.43301083216942,257.97292136117346,5
datadog,vm-scale-06,request_rate,api,centralus,rpm,2026-08-14 00:00:00,1901.7191115534195,156.43999387466334,3296.1587959600633,4
datadog,vm-scale-06,request_rate,api,westeurope,rpm,2026-08-14 00:00:00,4357.2864480564,4357.2864480564,4357.2864480564,1
datadog,vm-scale-06,request_rate,api,centralus,rpm,2026-08-15 00:00:00,2815.3467156820916,1046.5842137694642,4789.747437933309,3
azure_cost,vm-scale-06,daily_cost,compute,centralus,usd,2026-08-15 00:00:00,117.2048796681722,53.32180834717651,226.38183506148604,5
datadog,vm-scale-06,request_rate,api,westeurope,rpm,2026-08-15 00:00:00,1774.8862304319475,1310.076063821207,2617.3592253936417,5
azure_cost,vm-scale-04,daily_cost,compute,centralus,usd,2026-08-16 00:00:00,112.08381240056124,112.08381240056124,112.08381240056124,1
azure_cost,vm-scale-01,daily_cost,compute,westeurope,usd,2026-08-16 00:00:00,195.27060721833823,146.75618318949253,248.4919539741488,4
azure_cost,vm-scale-08,daily_cost,compute,eastus,usd,2026-08-17 00:00:00,144.06793821749986,42.830797827081994,277.5003863303149,7
datadog,vm-scale-03,request_rate,api,westeurope,rpm,2026-08-17 00:00:00,2674.6583107848464,2253.3039236433906,3096.0126979263023,2
azure_monitor,vm-scale-04,cpu_utilization,compute,eastus,percent,2026-08-17 00:00:00,67.8178172370866,40.2283021221131,89.1206374560544,4
datadog,vm-scale-08,request_rate,api,westeurope,rpm,2026-08-17 00:00:00,750.9332319329643,245.04501466094894,1256.8214492049797,2
azure_monitor,vm-scale-06,cpu_utilization,compute,centralus,percent,2026-08-17 00:00:00,47.14212291545483,47.14212291545483,47.14212291545483,1
azure_cost,vm-scale-08,daily_cost,compute,eastus,usd,2026-08-18 00:00:00,171.34055294189113,57.26897460380048,265.4218388432934,4
azure_monitor,vm-scale-06,cpu_utilization,compute,centralus,percent,2026-08-18 00:00:00,72.92982757639055,56.40114689202369,89.4585082607574,2
azure_monitor,vm-scale-04,cpu_utilization,compute,eastus,percent,2026-08-18 00:00:00,54.888307020475494,41.96627440557215,64.47376321243627,5
datadog,vm-scale-08,request_rate,api,westeurope,rpm,2026-08-18 00:00:00,242.58993653683905,242.58993653683905,242.58993653683905,1
datadog,vm-scale-03,request_rate,api,westeurope,rpm,2026-08-18 00:00:00,1230.8127849235586,739.9507355237149,1919.117913150743,3
azure_cost,vm-scale-01,daily_cost,compute,eastus,usd,2026-08-19 00:00:00,177.27622418227298,105.66923483984905,248.8832135246969,2
datadog,vm-scale-02,request_rate,api,westeurope,rpm,2026-08-20 00:00:00,2797.4871168184327,651.4922269086537,4379.8125869363785,6
azure_monitor,vm-scale-09,cpu_utilization,compute,centralus,percent,2026-08-20 00:00:00,50.713263909798236,33.85879304165829,67.15697968535528,3
azure_monitor,vm-scale-05,cpu_utilization,compute,centralus,percent,2026-08-20 00:00:00,45.608918740979476,20.219745193248077,89.96554909203401,4
azure_monitor,vm-scale-01,cpu_utilization,compute,centralus,percent,2026-08-20 00:00:00,53.591361957475684,28.651422492093886,77.72056307535573,7
azure_cost,vm-scale-03,daily_cost,compute,eastus,usd,2026-08-20 00:00:00,132.70456975777958,74.38656063258082,208.81173898899002,6
azure_cost,vm-scale-05,daily_cost,compute,eastus,usd,2026-08-20 00:00:00,161.38134132839122,46.688028342772355,235.72444236687218,4
azure_cost,vm-scale-09,daily_cost,compute,westeurope,usd,2026-08-20 00:00:00,104.26906787168032,65.69677477165573,144.4146620461188,4
datadog,vm-scale-02,request_rate,api,centralus,rpm,2026-08-20 00:00:00,2650.9240759724767,1349.5551543405281,3767.271232545986,5
datadog,vm-scale-01,request_rate,api,eastus,rpm,2026-08-20 00:00:00,2636.6719881975137,566.173754276081,4392.487372576502,7
azure_cost,vm-scale-08,daily_cost,compute,westeurope,usd,2026-08-20 00:00:00,147.31203396564752,139.98521093605103,153.1217958091366,3
azure_monitor,vm-scale-03,cpu_utilization,compute,eastus,percent,2026-08-20 00:00:00,58.45736017710271,25.652568963288925,89.25446391809072,4
datadog,vm-scale-01,request_rate,api,centralus,rpm,2026-08-20 00:00:00,2971.092663774694,401.8290778255886,4183.191759680223,4
datadog,vm-scale-03,request_rate,api,centralus,rpm,2026-08-21 00:00:00,2461.251409925048,481.32179503503824,4441.181024815058,2
datadog,vm-scale-09,request_rate,api,westeurope,rpm,2026-08-21 00:00:00,2719.4560819623084,796.2956860370507,4304.954515587692,4
azure_cost,vm-scale-07,daily_cost,compute,westeurope,usd,2026-08-21 00:00:00,206.2531540893186,182.64590249824735,248.585299534687,3
azure_monitor,vm-scale-01,cpu_utilization,compute,eastus,percent,2026-08-21 00:00:00,39.44920618314872,32.36804771517903,46.530364651118404,2
datadog,vm-scale-06,request_rate,api,eastus,rpm,2026-08-21 00:00:00,3110.496982090101,1288.8661276031069,4932.127836577095,2
datadog,vm-scale-02,request_rate,api,eastus,rpm,2026-08-22 00:00:00,3127.688874666937,2179.1737897548305,4283.492031376451,4
datadog,vm-scale-07,request_rate,api,centralus,rpm,2026-08-22 00:00:00,3473.2898712960664,2279.1916396841375,4475.926587313033,4
azure_cost,vm-scale-06,daily_cost,compute,westeurope,usd,2026-08-22 00:00:00,165.44807028467648,92.35175671413874,255.21531627680298,4
azure_monitor,vm-scale-07,cpu_utilization,compute,westeurope,percent,2026-08-22 00:00:00,57.606130993844445,38.94681059188242,76.26545139580648,2
azure_monitor,vm-scale-07,cpu_utilization,compute,eastus,percent,2026-08-23 00:00:00,51.02058649453174,43.949359392353244,58.09181359671023,2
azure_cost,vm-scale-08,daily_cost,compute,centralus,usd,2026-08-23 00:00:00,172.40172859750214,129.87647555745585,224.04812151439017,4
datadog,vm-scale-09,request_rate,api,eastus,rpm,2026-08-23 00:00:00,1285.1160590183808,132.62179755101295,2437.6103204857486,2
datadog,vm-scale-05,request_rate,api,westeurope,rpm,2026-08-23 00:00:00,3269.9951450370004,1242.1775467770303,4516.411780661063,3
datadog,vm-scale-02,request_rate,api,eastus,rpm,2026-08-24 00:00:00,3419.126235264819,111.05100306376767,4919.291335688155,4
azure_cost,vm-scale-06,daily_cost,compute,westeurope,usd,2026-08-24 00:00:00,161.77636746488977,107.08669639849147,224.65242714608593,5
datadog,vm-scale-07,request_rate,api,centralus,rpm,2026-08-24 00:00:00,3330.752705769782,1971.2668244841377,4795.6379547981805,3
azure_monitor,vm-scale-07,cpu_utilization,compute,westeurope,percent,2026-08-24 00:00:00,58.420184239327526,24.011409749864256,82.9061592348963,5
azure_monitor,vm-scale-02,cpu_utilization,compute,eastus,percent,2026-08-25 00:00:00,47.690780308699594,31.454398811690485,63.27490798763889,4
azure_cost,vm-scale-04,daily_cost,compute,eastus,usd,2026-08-25 00:00:00,144.93775855730902,98.40367062409653,210.3775921753596,3
azure_monitor,vm-scale-09,cpu_utilization,compute,westeurope,percent,2026-08-25 00:00:00,49.71887067785068,37.1441502252988,66.99575969958107,3
azure_cost,vm-scale-02,daily_cost,compute,centralus,usd,2026-08-26 00:00:00,235.61374563558556,199.15824059737685,272.0692506737943,2
azure_monitor,vm-scale-08,cpu_utilization,compute,westeurope,percent,2026-08-26 00:00:00,58.64297361838266,38.23907778931586,78.18628896508638,3
azure_cost,vm-scale-04,daily_cost,compute,westeurope,usd,2026-08-26 00:00:00,162.27113645415213,65.90954697383359,205.7075103069755,6
azure_monitor,vm-scale-03,cpu_utilization,compute,centralus,percent,2026-08-26 00:00:00,58.73349729987555,26.88260301306115,90.58439158668995,2
datadog,vm-scale-08,request_rate,api,centralus,rpm,2026-08-26 00:00:00,2647.249314906417,382.0116115521658,3564.0828821086498,4
datadog,vm-scale-09,request_rate,api,centralus,rpm,2026-08-26 00:00:00,2303.1725795082925,2303.1725795082925,2303.1725795082925,1
azure_monitor,vm-scale-08,cpu_utilization,compute,centralus,percent,2026-08-26 00:00:00,75.83803086247426,75.83803086247426,75.83803086247426,1
azure_monitor,vm-scale-02,cpu_utilization,compute,centralus,percent,2026-08-27 00:00:00,55.51738193467178,19.268118819577822,88.41588854574765,8
datadog,vm-scale-01,request_rate,api,westeurope,rpm,2026-08-27 00:00:00,1262.0987631709804,249.1901530978361,1884.0053097125192,3
azure_cost,vm-scale-03,daily_cost,compute,westeurope,usd,2026-08-27 00:00:00,104.32820870880653,68.89106516620271,136.27407206561963,3
azure_monitor,vm-scale-06,cpu_utilization,compute,westeurope,percent,2026-08-27 00:00:00,18.54145052188891,18.54145052188891,18.54145052188891,1
azure_monitor,vm-scale-08,cpu_utilization,compute,centralus,percent,2026-08-28 00:00:00,78.74316798962136,66.80649329515234,90.67984268409036,2
azure_monitor,vm-scale-03,cpu_utilization,compute,centralus,percent,2026-08-28 00:00:00,55.592086508219346,35.788988239745855,65.74173409043156,6
datadog,vm-scale-08,request_rate,api,centralus,rpm,2026-08-28 00:00:00,2011.6472160105016,238.8181281326301,3532.438512343192,5
azure_cost,vm-scale-02,daily_cost,compute,centralus,usd,2026-08-28 00:00:00,172.74947600941985,100.17339467285923,245.32555734598046,2
azure_cost,vm-scale-04,daily_cost,compute,westeurope,usd,2026-08-28 00:00:00,155.2794182072821,65.78581929666231,266.8354514435549,4
azure_monitor,vm-scale-08,cpu_utilization,compute,westeurope,percent,2026-08-28 00:00:00,52.75562639725131,29.63128754107529,66.2061758672024,3
datadog,vm-scale-09,request_rate,api,centralus,rpm,2026-08-28 00:00:00,4347.700036653038,4347.700036653038,4347.700036653038,1
azure_cost,vm-scale-08,daily_cost,compute,eastus,usd,2026-08-29 00:00:00,45.371193288505815,42.528425455798605,48.213961121213025,2
datadog,vm-scale-08,request_rate,api,westeurope,rpm,2026-08-29 00:00:00,3631.7669165707266,3631.7669165707266,3631.7669165707266,1
datadog,vm-scale-03,request_rate,api,westeurope,rpm,2026-08-29 00:00:00,3625.9478702486226,2866.9986263499654,4216.833416305819,4
azure_monitor,vm-scale-06,cpu_utilization,compute,centralus,percent,2026-08-29 00:00:00,54.057022720174565,33.61984040441749,84.71560945420492,3
azure_monitor,vm-scale-04,cpu_utilization,compute,eastus,percent,2026-08-29 00:00:00,54.605363213819345,54.605363213819345,54.605363213819345,1
azure_cost,vm-scale-06,daily_cost,compute,centralus,usd,2026-08-30 00:00:00,126.79693072432121,45.16998013275274,243.1811344118879,3
datadog,vm-scale-06,request_rate,api,centralus,rpm,2026-08-30 00:00:00,2323.682257046942,551.0018320326074,4352.104375586309,7
datadog,vm-scale-06,request_rate,api,westeurope,rpm,2026-08-30 00:00:00,2573.062762814781,792.6474458500579,3708.5073861653914,4
azure_monitor,vm-scale-07,cpu_utilization,compute,eastus,percent,2026-08-31 00:00:00,33.700559394684035,15.102122507003823,62.63622679931748,5
azure_cost,vm-scale-08,daily_cost,compute,centralus,usd,2026-08-31 00:00:00,204.0986357987613,129.99586730316923,278.2014042943534,2
datadog,vm-scale-05,request_rate,api,westeurope,rpm,2026-08-31 00:00:00,3161.14220479501,2341.9440581012855,4701.208265055132,4
datadog,vm-scale-09,request_rate,api,eastus,rpm,2026-08-31 00:00:00,2296.4331355308605,658.1515765660344,4148.382799840141,3
azure_monitor,vm-scale-07,cpu_utilization,compute,westeurope,percent,2026-09-01 00:00:00,48.29665674779407,40.84023626813527,74.29817599398712,6
datadog,vm-scale-07,request_rate,api,centralus,rpm,2026-09-01 00:00:00,2363.2672763134465,1572.158252072623,3624.1392586140832,5
datadog,vm-scale-02,request_rate,api,eastus,rpm,2026-09-01 00:00:00,3051.6406679068473,1538.185449715883,4566.033532345202,5
azure_cost,vm-scale-06,daily_cost,compute,westeurope,usd,2026-09-01 00:00:00,64.20353046647082,49.72830939123644,78.6787515417052,2
azure_cost,vm-scale-06,daily_cost,compute,westeurope,usd,2026-09-02 00:00:00,189.99207960398257,110.31554720931678,276.9062932854299,5
datadog,vm-scale-07,request_rate,api,centralus,rpm,2026-09-02 00:00:00,2295.407222733972,1281.3682108073879,3764.3730464674204,5
azure_monitor,vm-scale-07,cpu_utilization,compute,westeurope,percent,2026-09-02 00:00:00,30.874300871381397,30.874300871381397,30.874300871381397,1
datadog,vm-scale-02,request_rate,api,eastus,rpm,2026-09-02 00:00:00,2969.410730397467,1581.6734065771016,4601.4784915837245,3
azure_monitor,vm-scale-02,cpu_utilization,compute,eastus,percent,2026-09-03 00:00:00,63.81223633442468,35.1134440043686,89.61385354933938,4
azure_cost,vm-scale-04,daily_cost,compute,eastus,usd,2026-09-03 00:00:00,127.77173107885183,54.555171157123716,200.40814385571753,8
azure_monitor,vm-scale-09,cpu_utilization,compute,westeurope,percent,2026-09-03 00:00:00,58.690603300557314,37.746177089123215,79.6350295119914,2
azure_cost,vm-scale-08,daily_cost,compute,eastus,usd,2026-09-04 00:00:00,134.2765932338465,98.41608234440451,162.64469041658361,3
datadog,vm-scale-03,request_rate,api,westeurope,rpm,2026-09-04 00:00:00,2660.148970272728,2069.8658839865484,3873.0750871617242,4
azure_monitor,vm-scale-04,cpu_utilization,compute,eastus,percent,2026-09-04 00:00:00,37.19965793785792,23.312417237257286,44.25859910762517,3
datadog,vm-scale-08,request_rate,api,westeurope,rpm,2026-09-04 00:00:00,4048.0077556779347,4048.0077556779347,4048.0077556779347,1
azure_monitor,vm-dev-01,memory_utilization,development,centralus,percent,2026-07-14 00:00:00,11.79554047671777,11.00982380202915,12.862449528657407,24
azure_monitor,vm-prod-02,cpu_utilization,compute,centralus,percent,2026-07-14 00:00:00,45.99610970933989,43.822916412415836,48.13922384406537,24
azure_monitor,vm-dev-01,cpu_utilization,development,centralus,percent,2026-07-16 00:00:00,7.836769311544067,6.184074294452387,9.815211624087018,24
datadog,svc-api-gateway,request_rate,api,eastus2,rpm,2026-07-17 00:00:00,1203.5588121997423,1101.9688914685157,1292.1591218329663,24
azure_monitor,vm-prod-01,cpu_utilization,compute,centralus,percent,2026-06-13 00:00:00,44.84459213426499,40.11984841749179,49.88789649269234,261
azure_monitor,vm-prod-01,cpu_utilization,compute,centralus,percent,2026-06-14 00:00:00,45.18093438718755,40.06037865620823,49.99159736344221,264
azure_monitor,vm-dev-01,memory_utilization,development,centralus,percent,2026-06-18 00:00:00,12.068908515475442,11.015372976129147,12.996952911072533,264
azure_monitor,vm-prod-02,cpu_utilization,compute,centralus,percent,2026-06-18 00:00:00,44.21443972804572,40.796939952455276,47.02343512578509,264
azure_monitor,vm-prod-01,cpu_utilization,compute,centralus,percent,2026-06-20 00:00:00,45.066826460715234,40.120912915632175,49.946435519430324,264
azure_monitor,vm-dev-01,cpu_utilization,development,centralus,percent,2026-06-21 00:00:00,8.059201086513042,6.000998234025035,9.980202259264535,264
azure_monitor,vm-prod-01,memory_utilization,compute,centralus,percent,2026-06-23 00:00:00,54.961550058003354,53.013965226565,56.98513560229894,264
datadog,svc-api-gateway,request_rate,api,eastus2,rpm,2026-06-27 00:00:00,1192.52806932948,1100.6116452061406,1299.2897148215704,264
azure_monitor,vm-prod-01,memory_utilization,compute,centralus,percent,2026-06-29 00:00:00,55.017235958413494,53.00142959293619,56.97257288875561,264
azure_monitor,vm-dev-01,memory_utilization,development,centralus,percent,2026-07-01 00:00:00,11.956005230966618,11.011464067695751,12.98129996485767,264
azure_monitor,vm-prod-02,cpu_utilization,compute,centralus,percent,2026-07-01 00:00:00,63.619307789486285,60.49347125549093,66.18524665019414,264
azure_monitor,vm-dev-01,cpu_utilization,development,centralus,percent,2026-07-03 00:00:00,7.97180647856322,6.005088296342686,9.990491546120571,264
datadog,svc-api-gateway,request_rate,api,eastus2,rpm,2026-07-04 00:00:00,1204.056607618573,1100.2689734755563,1299.9976001815144,264
azure_monitor,vm-dev-01,memory_utilization,development,centralus,percent,2026-07-11 00:00:00,11.981839840062214,11.00197053515785,12.98854914089649,288
azure_monitor,vm-prod-02,cpu_utilization,compute,centralus,percent,2026-07-11 00:00:00,75.49658208374225,38.76490826086465,81.2796806217328,288
azure_monitor,vm-prod-02,memory_utilization,compute,centralus,percent,2026-07-12 00:00:00,59.96707161097039,59.011900347324094,60.93582711230729,114
datadog,svc-api-gateway,error_rate,api,eastus2,percent,2026-07-12 00:00:00,0.5114997991548672,0.30450176648576166,0.6995649568705193,114
azure_cost,svc-api-gateway,daily_cost,api,eastus2,usd,2026-06-18 00:00:00,50.05388732862397,48.42372654116763,51.444451102941905,11
azure_cost,vm-prod-01,daily_cost,compute,centralus,usd,2026-06-21 00:00:00,99.69410535780008,95.6292390928931,103.83414691634411,11
azure_cost,vm-prod-02,daily_cost,compute,centralus,usd,2026-06-22 00:00:00,149.1970635580639,143.0025087365763,157.7764256081501,11
azure_cost,svc-api-gateway,daily_cost,api,eastus2,usd,2026-07-01 00:00:00,49.684161628656554,48.20504407113823,50.86126826938416,11
azure_cost,vm-prod-01,daily_cost,compute,centralus,usd,2026-07-03 00:00:00,101.07618077585599,95.7533797001779,104.9834901687485,11
azure_cost,vm-dev-01,daily_cost,development,centralus,usd,2026-07-07 00:00:00,9.964312504524115,9.176790389606127,10.925447549621547,12
azure_cost,vm-prod-02,daily_cost,compute,centralus,usd,2026-07-08 00:00:00,150.80071935290306,143.20629785382127,157.94809453445197,12
azure_cost,vm-dev-01,daily_cost,development,centralus,usd,2026-07-10 00:00:00,10.051005372432668,9.498947164388023,10.874803042751962,12
azure_cost,svc-api-gateway,daily_cost,api,eastus2,usd,2026-07-11 00:00:00,49.72277100973801,48.119539145334045,51.85546791306174,12
azure_monitor,vm-dev-01,cpu_utilization,development,centralus,percent,2026-07-21 00:00:00,8.19407140112116,6.046890915547955,9.962364543542895,24
datadog,svc-api-gateway,request_rate,api,eastus2,rpm,2026-07-23 00:00:00,1211.1877082815906,1103.3047947987884,1295.7558797910608,24
azure_monitor,vm-prod-01,cpu_utilization,compute,centralus,percent,2026-07-25 00:00:00,43.95081092053204,40.11243815297666,49.552483035064526,24
azure_monitor,vm-prod-02,memory_utilization,compute,centralus,percent,2026-07-26 00:00:00,60.09974129074655,59.08294761553479,60.9777653776352,24
datadog,svc-api-gateway,error_rate,api,eastus2,percent,2026-07-26 00:00:00,0.4736518584100989,0.3025526336493653,0.6583460216283865,24
azure_monitor,vm-prod-01,cpu_utilization,compute,centralus,percent,2026-07-29 00:00:00,44.240217583686615,40.26061752553736,48.7443175715367,24
azure_monitor,vm-prod-01,cpu_utilization,compute,centralus,percent,2026-08-04 00:00:00,44.1477541827331,40.08698845443186,49.94194169218258,24
azure_monitor,vm-prod-01,cpu_utilization,compute,centralus,percent,2026-08-05 00:00:00,45.85051613458938,40.544682318432734,49.49455637618183,24
azure_monitor,vm-prod-01,memory_utilization,compute,centralus,percent,2026-08-06 00:00:00,55.02342230928208,53.08296382266594,56.9822122040023,5
azure_cost,vm-dev-01,daily_cost,development,centralus,usd,2026-07-14 00:00:00,10.125867951923615,10.125867951923615,10.125867951923615,1
azure_cost,svc-api-gateway,daily_cost,api,eastus2,usd,2026-07-15 00:00:00,48.84818769839554,48.84818769839554,48.84818769839554,1
azure_cost,vm-prod-01,daily_cost,compute,centralus,usd,2026-07-21 00:00:00,100.6744404472203,100.6744404472203,100.6744404472203,1
azure_cost,vm-prod-02,daily_cost,compute,centralus,usd,2026-07-22 00:00:00,153.01784804455517,153.01784804455517,153.01784804455517,1
azure_cost,vm-prod-02,daily_cost,compute,centralus,usd,2026-07-31 00:00:00,148.25379985045006,148.25379985045006,148.25379985045006,1
azure_cost,vm-dev-01,daily_cost,development,centralus,usd,2026-08-01 00:00:00,9.971726837005987,9.971726837005987,9.971726837005987,1
azure_monitor,vm-scale-02,cpu_utilization,compute,eastus,percent,2026-07-30 00:00:00,25.20195098930744,25.20195098930744,25.20195098930744,1
datadog,vm-scale-05,request_rate,api,westeurope,rpm,2026-07-31 00:00:00,2014.575404778369,348.3373263785411,4549.667813849871,5
azure_monitor,vm-scale-07,cpu_utilization,compute,eastus,percent,2026-07-31 00:00:00,57.42274354856194,22.628950499567395,84.09158090010592,5
azure_cost,vm-scale-08,daily_cost,compute,centralus,usd,2026-07-31 00:00:00,135.17787459825018,61.140459739817885,207.6622367471343,5
datadog,vm-scale-09,request_rate,api,eastus,rpm,2026-07-31 00:00:00,3228.3026907327853,1885.6794911874465,4593.603291788358,3
azure_cost,vm-scale-04,daily_cost,compute,centralus,usd,2026-08-01 00:00:00,197.57694452572008,95.5198639355887,257.24668824328757,4
azure_cost,vm-scale-01,daily_cost,compute,westeurope,usd,2026-08-01 00:00:00,137.91895896759803,47.07302339954806,201.38581812818362,5
azure_cost,vm-scale-05,daily_cost,compute,westeurope,usd,2026-08-01 00:00:00,159.94640125061136,67.51501704903461,252.37778545218814,2
azure_monitor,vm-scale-02,cpu_utilization,compute,eastus,percent,2026-08-02 00:00:00,53.55400671735567,42.72536299815444,71.12957546972743,3
azure_cost,vm-scale-04,daily_cost,compute,eastus,usd,2026-08-02 00:00:00,153.1258810008132,138.66954445251696,167.58221754910943,2
azure_monitor,vm-scale-09,cpu_utilization,compute,westeurope,percent,2026-08-02 00:00:00,46.47532710809328,22.587818944173062,73.79793387420149,4
datadog,vm-scale-08,request_rate,api,westeurope,rpm,2026-08-03 00:00:00,2403.1212994859784,2176.721616944623,2808.0760272336593,3
azure_monitor,vm-scale-06,cpu_utilization,compute,centralus,percent,2026-08-03 00:00:00,48.82081415908669,25.682765149378557,82.85785989429209,7
azure_monitor,vm-scale-04,cpu_utilization,compute,eastus,percent,2026-08-03 00:00:00,58.53532086192129,15.093713911931436,85.93507096182255,4
datadog,vm-scale-03,request_rate,api,westeurope,rpm,2026-08-03 00:00:00,1620.8010166541417,284.30662349441195,3005.8350312362013,3
azure_cost,vm-scale-08,daily_cost,compute,eastus,usd,2026-08-03 00:00:00,259.0803130779914,243.5578523147954,274.6027738411874,2
azure_cost,vm-scale-06,daily_cost,compute,centralus,usd,2026-08-04 00:00:00,54.09529129827607,41.45928966358674,66.7312929329654,2
datadog,vm-scale-06,request_rate,api,centralus,rpm,2026-08-04 00:00:00,4667.184121100053,4667.184121100053,4667.184121100053,1
datadog,vm-scale-06,request_rate,api,westeurope,rpm,2026-08-04 00:00:00,2611.429153164938,504.3461687481826,3810.126887733635,4
datadog,vm-scale-06,request_rate,api,westeurope,rpm,2026-08-05 00:00:00,3289.8327474961425,1062.5783197297978,4583.245425785266,4
azure_cost,vm-scale-06,daily_cost,compute,centralus,usd,2026-08-05 00:00:00,162.9955374192721,45.41864602306052,267.9034840888686,6
datadog,vm-scale-06,request_rate,api,centralus,rpm,2026-08-05 00:00:00,699.4470842758134,109.81722077811136,1696.721658146301,3
azure_cost,vm-scale-03,daily_cost,compute,centralus,usd,2026-08-06 00:00:00,154.14179160127745,66.57114275416929,229.50300974685138,4
azure_cost,vm-scale-06,daily_cost,compute,eastus,usd,2026-08-06 00:00:00,139.72255316474065,44.26430013952178,258.92826890732965,4
datadog,vm-scale-07,request_rate,api,westeurope,rpm,2026-08-06 00:00:00,2602.064382753137,1498.164935754404,4357.37250450733,7
azure_monitor,vm-scale-04,cpu_utilization,compute,westeurope,percent,2026-08-06 00:00:00,46.83379589551666,46.83379589551666,46.83379589551666,1
azure_cost,vm-scale-01,daily_cost,compute,centralus,usd,2026-08-06 00:00:00,159.9552858166087,127.12689510351103,222.64539005476993,4
azure_monitor,vm-scale-06,cpu_utilization,compute,eastus,percent,2026-08-06 00:00:00,65.04053320566469,39.72249676147537,87.84842955819722,4
azure_cost,vm-scale-07,daily_cost,compute,centralus,usd,2026-08-06 00:00:00,127.01775435431216,89.04988528746799,151.7310548222278,3
azure_cost,vm-scale-02,daily_cost,compute,eastus,usd,2026-08-06 00:00:00,164.98023094295866,121.27050468360639,273.8930129196529,4
azure_cost,vm-scale-05,daily_cost,compute,centralus,usd,2026-08-06 00:00:00,156.46326275648477,125.91881503226529,187.00771048070422,2
datadog,vm-scale-03,request_rate,api,westeurope,rpm,2026-08-07 00:00:00,3071.1444037913166,1035.540930975571,4218.593733978316,3
azure_monitor,vm-scale-06,cpu_utilization,compute,centralus,percent,2026-08-07 00:00:00,42.35895612359625,21.49071604812093,71.97630046925843,3
datadog,vm-scale-08,request_rate,api,westeurope,rpm,2026-08-07 00:00:00,2703.3742490444693,1614.5377987432496,4779.915482574033,3
azure_monitor,vm-scale-04,cpu_utilization,compute,eastus,percent,2026-08-07 00:00:00,50.24747068811208,16.908864945085455,74.24307026926266,5
azure_cost,vm-scale-08,daily_cost,compute,eastus,usd,2026-08-07 00:00:00,135.18725577887838,135.18725577887838,135.18725577887838,1
azure_monitor,vm-scale-09,cpu_utilization,compute,westeurope,percent,2026-08-08 00:00:00,49.06755749627874,35.02719625916123,83.38974985099709,4
azure_monitor,vm-scale-02,cpu_utilization,compute,eastus,percent,2026-08-08 00:00:00,53.45102851091361,15.799874024105655,79.508888480216,7
azure_cost,vm-scale-04,daily_cost,compute,eastus,usd,2026-08-08 00:00:00,145.40745121463448,97.42934366440937,177.86598052866654,3
azure_monitor,vm-scale-09,cpu_utilization,compute,westeurope,percent,2026-08-09 00:00:00,87.22985767638278,87.22985767638278,87.22985767638278,1
azure_cost,vm-scale-04,daily_cost,compute,eastus,usd,2026-08-09 00:00:00,230.83169899198157,227.20294761176896,234.4604503721942,2
azure_monitor,vm-scale-02,cpu_utilization,compute,eastus,percent,2026-08-09 00:00:00,27.622235118817787,25.58485647054013,29.659613767095443,2
azure_monitor,vm-scale-06,cpu_utilization,compute,centralus,percent,2026-08-10 00:00:00,45.81918531317119,17.151551014075245,88.36912409645088,5
datadog,vm-scale-03,request_rate,api,westeurope,rpm,2026-08-10 00:00:00,1901.67525255891,909.3213204462684,3802.296348789312,3
azure_cost,vm-scale-08,daily_cost,compute,eastus,usd,2026-08-10 00:00:00,166.2040554127481,57.9874548083459,250.79056783847233,4
azure_monitor,vm-scale-04,cpu_utilization,compute,eastus,percent,2026-08-10 00:00:00,39.114939346558515,20.213649310103243,53.469697655748625,3
datadog,vm-scale-08,request_rate,api,westeurope,rpm,2026-08-10 00:00:00,3757.868930428054,3463.711756649874,3928.7530370068453,3
azure_monitor,vm-scale-04,cpu_utilization,compute,centralus,percent,2026-08-11 00:00:00,31.890234019619392,31.890234019619392,31.890234019619392,1
azure_monitor,vm-scale-05,cpu_utilization,compute,westeurope,percent,2026-08-11 00:00:00,41.40939011790048,25.006787083756436,84.87894845071044,5
azure_cost,vm-scale-09,daily_cost,compute,centralus,usd,2026-08-11 00:00:00,141.69919702139353,93.23036402054231,216.50758772265348,4
datadog,vm-scale-04,request_rate,api,centralus,rpm,2026-08-11 00:00:00,3054.1165076129296,1752.9728785685334,3887.8644264486543,4
datadog,vm-scale-03,request_rate,api,eastus,rpm,2026-08-11 00:00:00,2717.563394653029,1549.3817560232378,4231.746393596837,6
datadog,vm-scale-05,request_rate,api,eastus,rpm,2026-08-11 00:00:00,2052.632836572438,887.3904414790476,3766.603330899509,3
datadog,vm-scale-04,request_rate,api,eastus,rpm,2026-08-11 00:00:00,2473.72981381069,1376.6998006395545,3643.080580680471,4
azure_cost,vm-scale-09,daily_cost,compute,eastus,usd,2026-08-11 00:00:00,178.6422719081483,115.32840592911428,229.78835828266676,5
azure_cost,vm-scale-02,daily_cost,compute,westeurope,usd,2026-08-11 00:00:00,181.078136936139,181.078136936139,181.078136936139,1
azure_monitor,vm-scale-06,cpu_utilization,compute,centralus,percent,2026-08-12 00:00:00,59.333866534082695,23.899481464729654,80.67219007833138,3
azure_cost,vm-scale-08,daily_cost,compute,eastus,usd,2026-08-12 00:00:00,193.71486398906737,97.95475262146843,271.723574017301,3
datadog,vm-scale-03,request_rate,api,westeurope,rpm,2026-08-12 00:00:00,3445.0761131133645,2484.5292371885125,4405.6229890382165,2
azure_monitor,vm-scale-04,cpu_utilization,compute,eastus,percent,2026-08-12 00:00:00,67.61623951070945,62.92753659147245,74.78096419216345,3
datadog,vm-scale-06,request_rate,api,eastus,rpm,2026-08-13 00:00:00,3441.9360299960813,2206.9351562975207,4608.046181734494,5
azure_cost,vm-scale-07,daily_cost,compute,westeurope,usd,2026-08-13 00:00:00,116.16920539627753,42.572896743851906,243.1546456762872,5
datadog,vm-scale-09,request_rate,api,westeurope,rpm,2026-08-13 00:00:00,3006.374817339953,1655.083179641523,4939.186996043154,3
datadog,vm-scale-03,request_rate,api,centralus,rpm,2026-08-13 00:00:00,2782.4486341607503,819.3941826066483,4800.868258991406,3
azure_monitor,vm-scale-01,cpu_utilization,compute,eastus,percent,2026-08-13 00:00:00,34.793520799491546,34.793520799491546,34.793520799491546,1
datadog,vm-scale-05,request_rate,api,westeurope,rpm,2026-08-14 00:00:00,2724.2747747389913,1386.8993507124685,4475.4353032524405,5
azure_monitor,vm-scale-07,cpu_utilization,compute,eastus,percent,2026-08-14 00:00:00,63.80676501873491,15.630206387533951,84.02869112268722,7
datadog,vm-scale-09,request_rate,api,eastus,rpm,2026-08-14 00:00:00,2920.9464025750194,1165.2342585378515,4286.195018558255,5
azure_cost,vm-scale-08,daily_cost,compute,centralus,usd,2026-08-14 00:00:00,190.555063421383,157.56311950050053,223.54700734226546,2
azure_monitor,vm-scale-07,cpu_utilization,compute,eastus,percent,2026-08-15 00:00:00,37.762712897782286,32.823400525032625,40.880100222395704,3
datadog,vm-scale-05,request_rate,api,westeurope,rpm,2026-08-15 00:00:00,1665.157701710823,113.11055802205865,3769.1652350758345,5
azure_cost,vm-scale-08,daily_cost,compute,centralus,usd,2026-08-15 00:00:00,148.30776120658402,124.47847271564831,172.13704969751976,2
datadog,vm-scale-09,request_rate,api,eastus,rpm,2026-08-15 00:00:00,2335.0024663399286,1029.3423631116757,3300.3694848342184,3
datadog,vm-scale-04,request_rate,api,centralus,rpm,2026-08-16 00:00:00,2431.5365739192857,830.3885386705257,4154.987718422573,5
azure_monitor,vm-scale-04,cpu_utilization,compute,centralus,percent,2026-08-16 00:00:00,50.45026823085508,42.09174308472629,57.895659148598476,4
azure_monitor,vm-scale-05,cpu_utilization,compute,westeurope,percent,2026-08-16 00:00:00,60.38217687130774,31.302047276038735,82.04491674694768,3
datadog,vm-scale-04,request_rate,api,eastus,rpm,2026-08-16 00:00:00,1992.170390779433,631.8468845005968,4457.652692477587,5
azure_cost,vm-scale-09,daily_cost,compute,eastus,usd,2026-08-16 00:00:00,135.26492991171284,40.05765623706405,239.144038767918,7
datadog,vm-scale-03,request_rate,api,eastus,rpm,2026-08-16 00:00:00,2261.8578459092196,1116.7282852377175,3406.987406580722,2
azure_cost,vm-scale-09,daily_cost,compute,centralus,usd,2026-08-16 00:00:00,113.4772309522013,113.4772309522013,113.4772309522013,1
azure_cost,vm-scale-02,daily_cost,compute,westeurope,usd,2026-08-16 00:00:00,255.30718294408385,255.30718294408385,255.30718294408385,1
datadog,vm-scale-05,request_rate,api,eastus,rpm,2026-08-16 00:00:00,223.1657912059747,223.1657912059747,223.1657912059747,1
azure_cost,vm-scale-05,daily_cost,compute,centralus,usd,2026-08-17 00:00:00,209.40763865460696,109.61574944028213,250.09728912009396,4
datadog,vm-scale-07,request_rate,api,westeurope,rpm,2026-08-17 00:00:00,3137.134048861381,321.94859389641454,4740.236335935786,4
azure_cost,vm-scale-06,daily_cost,compute,eastus,usd,2026-08-17 00:00:00,203.44214072927304,113.37882449003803,263.17216625987135,5
azure_cost,vm-scale-03,daily_cost,compute,centralus,usd,2026-08-17 00:00:00,141.9969302268197,48.289933331050975,240.17921358532186,5
azure_monitor,vm-scale-04,cpu_utilization,compute,westeurope,percent,2026-08-17 00:00:00,48.66309429762293,31.723807822363636,62.010956551462826,4
azure_cost,vm-scale-01,daily_cost,compute,centralus,usd,2026-08-17 00:00:00,151.4062835174945,104.8982860702657,237.34217741107952,5
azure_monitor,vm-scale-06,cpu_utilization,compute,eastus,percent,2026-08-17 00:00:00,50.371858279532944,40.47060576260378,69.13694973592145,3
datadog,vm-scale-07,request_rate,api,westeurope,rpm,2026-08-18 00:00:00,2145.93230466733,217.25032249111172,4718.2863548532605,4
azure_cost,vm-scale-07,daily_cost,compute,centralus,usd,2026-08-18 00:00:00,142.124762578134,44.448781089704774,264.96908970012953,7
azure_cost,vm-scale-05,daily_cost,compute,centralus,usd,2026-08-18 00:00:00,269.4731559457487,260.65743199567567,278.28887989582176,2
azure_monitor,vm-scale-04,cpu_utilization,compute,westeurope,percent,2026-08-18 00:00:00,58.5017096812701,29.405875302158705,73.86008427769715,5
azure_cost,vm-scale-02,daily_cost,compute,eastus,usd,2026-08-18 00:00:00,210.1308889149548,109.36679413382093,264.944877507714,3
azure_cost,vm-scale-01,daily_cost,compute,centralus,usd,2026-08-18 00:00:00,202.04101364901146,134.61011624723832,243.16945194936827,3
azure_cost,vm-scale-06,daily_cost,compute,eastus,usd,2026-08-18 00:00:00,140.61390286630638,129.87530233564115,151.3525033969716,2
azure_cost,vm-scale-03,daily_cost,compute,centralus,usd,2026-08-18 00:00:00,86.10715189540092,52.70674272402655,139.58056372033292,3
azure_monitor,vm-scale-07,cpu_utilization,compute,centralus,percent,2026-08-19 00:00:00,55.7871750222852,17.46966615018617,89.44859644294965,6
azure_monitor,vm-scale-09,cpu_utilization,compute,eastus,percent,2026-08-19 00:00:00,59.58616770846261,50.23801951912259,73.82260779829804,5
azure_monitor,vm-scale-01,cpu_utilization,compute,eastus,percent,2026-08-20 00:00:00,46.12521463019271,25.835840150218054,57.079255603723425,4
datadog,vm-scale-03,request_rate,api,centralus,rpm,2026-08-20 00:00:00,2652.528100031783,246.9260988196082,4973.051130824832,5
azure_cost,vm-scale-07,daily_cost,compute,westeurope,usd,2026-08-20 00:00:00,184.55309187229813,46.60063182754548,278.6384639040724,5
datadog,vm-scale-06,request_rate,api,eastus,rpm,2026-08-20 00:00:00,3773.8791659700855,2443.791652385695,4554.434118903671,4
datadog,vm-scale-09,request_rate,api,westeurope,rpm,2026-08-20 00:00:00,1284.7927744196306,157.36681293901398,3656.5276479405807,4
azure_cost,vm-scale-05,daily_cost,compute,eastus,usd,2026-08-21 00:00:00,85.18109371863166,66.09729210634877,107.56663015150994,3
azure_cost,vm-scale-08,daily_cost,compute,westeurope,usd,2026-08-21 00:00:00,182.8380681515456,60.14172737312701,246.60808379772428,6
datadog,vm-scale-01,request_rate,api,centralus,rpm,2026-08-21 00:00:00,3360.033793896475,3035.1180826377895,3684.94950515516,2
azure_cost,vm-scale-03,daily_cost,compute,eastus,usd,2026-08-21 00:00:00,132.60481792836774,64.65083632574051,234.51338250572158,6
azure_cost,vm-scale-09,daily_cost,compute,westeurope,usd,2026-08-21 00:00:00,140.7509337109896,71.48242419151065,256.17935071763503,3
azure_monitor,vm-scale-05,cpu_utilization,compute,centralus,percent,2026-08-21 00:00:00,89.82949583694406,89.61702174310106,90.04196993078706,2
datadog,vm-scale-02,request_rate,api,westeurope,rpm,2026-08-21 00:00:00,3080.6796715240102,162.1758516711709,4948.991244319304,4
azure_monitor,vm-scale-09,cpu_utilization,compute,centralus,percent,2026-08-21 00:00:00,55.42089452669723,26.41040351441371,87.19448586558596,4
datadog,vm-scale-02,request_rate,api,centralus,rpm,2026-08-21 00:00:00,2793.926131325015,2793.926131325015,2793.926131325015,1
datadog,vm-scale-01,request_rate,api,eastus,rpm,2026-08-21 00:00:00,2159.262733021652,742.4510344332384,4178.682312146222,3
azure_monitor,vm-scale-03,cpu_utilization,compute,eastus,percent,2026-08-21 00:00:00,64.88374671271704,29.283450614324586,79.04735749368487,5
azure_monitor,vm-scale-01,cpu_utilization,compute,centralus,percent,2026-08-21 00:00:00,85.72284347803487,85.72284347803487,85.72284347803487,1
azure_cost,vm-scale-03,daily_cost,compute,westeurope,usd,2026-08-22 00:00:00,276.120745235556,276.120745235556,276.120745235556,1
azure_monitor,vm-scale-06,cpu_utilization,compute,westeurope,percent,2026-08-22 00:00:00,74.35214210268867,74.35214210268867,74.35214210268867,1
azure_monitor,vm-scale-02,cpu_utilization,compute,centralus,percent,2026-08-22 00:00:00,54.62151108788951,33.56266957512869,82.21578916818062,3
datadog,vm-scale-01,request_rate,api,westeurope,rpm,2026-08-22 00:00:00,3415.7235266830558,2074.6072271939042,4300.027039438657,3
datadog,vm-scale-06,request_rate,api,westeurope,rpm,2026-08-23 00:00:00,2947.3385979399463,2299.2703094002527,3953.119382964111,3
azure_cost,vm-scale-06,daily_cost,compute,centralus,usd,2026-08-23 00:00:00,122.38916151732977,73.97579587218536,170.80252716247418,2
datadog,vm-scale-06,request_rate,api,centralus,rpm,2026-08-23 00:00:00,2117.3779618310114,1593.9424040759222,2495.948460699252,3
azure_monitor,vm-scale-06,cpu_utilization,compute,westeurope,percent,2026-08-24 00:00:00,82.15183727926225,82.15183727926225,82.15183727926225,1
azure_monitor,vm-scale-02,cpu_utilization,compute,centralus,percent,2026-08-24 00:00:00,58.03338566210766,16.466390390964754,88.73290932263463,4
azure_cost,vm-scale-03,daily_cost,compute,westeurope,usd,2026-08-24 00:00:00,150.0553284105489,150.0553284105489,150.0553284105489,1
datadog,vm-scale-01,request_rate,api,westeurope,rpm,2026-08-24 00:00:00,2939.4022917279644,1336.1232322348342,4946.481090491715,5
azure_monitor,vm-scale-08,cpu_utilization,compute,eastus,percent,2026-08-25 00:00:00,41.672095082038055,30.468789902784163,51.10644814193217,3
azure_monitor,vm-scale-05,cpu_utilization,compute,eastus,percent,2026-08-25 00:00:00,54.81230711177657,20.72392140430621,85.07388620105206,6
azure_monitor,vm-scale-01,cpu_utilization,compute,westeurope,percent,2026-08-25 00:00:00,43.27096862398587,31.83007921270941,60.0075605595976,3
azure_monitor,vm-scale-02,cpu_utilization,compute,westeurope,percent,2026-08-26 00:00:00,58.50730379297284,38.363831355165104,90.07896727025276,7
datadog,vm-scale-08,request_rate,api,eastus,rpm,2026-08-26 00:00:00,1651.2128001602475,937.968090378823,2674.9996865873586,5
datadog,vm-scale-04,request_rate,api,westeurope,rpm,2026-08-26 00:00:00,2165.119071096507,1198.244611265304,3131.9935309277103,2
datadog,vm-scale-05,request_rate,api,centralus,rpm,2026-08-26 00:00:00,1088.2286371254288,1088.2286371254288,1088.2286371254288,1
datadog,vm-scale-07,request_rate,api,eastus,rpm,2026-08-26 00:00:00,2530.9784786941495,234.4580972105321,4416.083632803916,4
azure_monitor,vm-scale-07,cpu_utilization,compute,westeurope,percent,2026-08-27 00:00:00,45.80537770596565,22.561700345917693,80.28452696042645,3
datadog,vm-scale-07,request_rate,api,centralus,rpm,2026-08-27 00:00:00,1873.5238232008612,208.36969787570567,3593.1640672170483,3
datadog,vm-scale-02,request_rate,api,eastus,rpm,2026-08-27 00:00:00,3393.343995989064,529.0603425704389,4500.182142885658,5
azure_cost,vm-scale-06,daily_cost,compute,westeurope,usd,2026-08-27 00:00:00,142.26996909517945,106.78416390018258,214.46842531880108,6
datadog,vm-scale-07,request_rate,api,eastus,rpm,2026-08-28 00:00:00,1912.3479558511506,658.8788235610853,3010.26940424927,6
datadog,vm-scale-04,request_rate,api,westeurope,rpm,2026-08-28 00:00:00,3251.185850870932,2803.0277559894153,3892.6217987052155,3
datadog,vm-scale-05,request_rate,api,centralus,rpm,2026-08-28 00:00:00,1851.1732322435746,518.4211495329907,3183.9253149541582,2
azure_monitor,vm-scale-02,cpu_utilization,compute,westeurope,percent,2026-08-28 00:00:00,63.5537114673328,31.34834842383094,85.9033659287668,4
datadog,vm-scale-08,request_rate,api,eastus,rpm,2026-08-28 00:00:00,3428.664174465259,2613.433970762062,4093.8938153755453,3
azure_cost,vm-scale-07,daily_cost,compute,eastus,usd,2026-08-28 00:00:00,150.80106756053067,106.0434552768055,237.53346056818467,3
azure_cost,vm-scale-07,daily_cost,compute,centralus,usd,2026-08-29 00:00:00,91.39359394578071,42.69111117055539,125.80015811383527,3
azure_cost,vm-scale-02,daily_cost,compute,eastus,usd,2026-08-29 00:00:00,205.85246259112503,166.78483425529333,227.87548072618614,3
datadog,vm-scale-07,request_rate,api,westeurope,rpm,2026-08-29 00:00:00,2715.0322515348416,1579.4034996394028,3797.5683506943496,3
azure_monitor,vm-scale-04,cpu_utilization,compute,westeurope,percent,2026-08-29 00:00:00,60.17657278739314,32.31764309439549,81.01791616986245,5
azure_cost,vm-scale-03,daily_cost,compute,centralus,usd,2026-08-29 00:00:00,183.42821571401987,160.6443200173135,195.1203028993888,4
azure_cost,vm-scale-05,daily_cost,compute,centralus,usd,2026-08-29 00:00:00,142.0017948526356,55.947183468489385,228.0564062367818,2
azure_monitor,vm-scale-06,cpu_utilization,compute,eastus,percent,2026-08-29 00:00:00,60.76620785322997,39.153587892220344,82.3788278142396,2
azure_cost,vm-scale-06,daily_cost,compute,eastus,usd,2026-08-29 00:00:00,155.26798344840347,69.98313371396571,226.16548895705918,4
azure_cost,vm-scale-01,daily_cost,compute,centralus,usd,2026-08-29 00:00:00,157.6907020956037,157.6907020956037,157.6907020956037,1
azure_monitor,vm-scale-07,cpu_utilization,compute,eastus,percent,2026-08-30 00:00:00,57.64340208819166,35.81621296065034,86.10427310290336,4
datadog,vm-scale-05,request_rate,api,westeurope,rpm,2026-08-30 00:00:00,2112.5302924919824,429.3428977154669,4126.529583287454,7
azure_cost,vm-scale-08,daily_cost,compute,centralus,usd,2026-08-30 00:00:00,186.66953224554908,107.54434209881418,264.3567359184535,4
datadog,vm-scale-09,request_rate,api,eastus,rpm,2026-08-30 00:00:00,1658.0817035020862,828.3141942748022,3127.2708100080235,4
datadog,vm-scale-06,request_rate,api,westeurope,rpm,2026-08-31 00:00:00,2715.87610129326,1475.3904495882969,4505.131632424753,5
azure_cost,vm-scale-06,daily_cost,compute,centralus,usd,2026-08-31 00:00:00,106.27495063325121,41.05688436009256,187.7274251959644,3
datadog,vm-scale-06,request_rate,api,centralus,rpm,2026-08-31 00:00:00,4052.9505635919604,3149.4334225766893,4956.467704607231,2
azure_cost,vm-scale-03,daily_cost,compute,westeurope,usd,2026-09-01 00:00:00,166.78342324823768,116.55125174293201,214.1519269704009,4
azure_monitor,vm-scale-02,cpu_utilization,compute,centralus,percent,2026-09-01 00:00:00,59.21244091285936,25.827722009681885,72.97079920364993,7
datadog,vm-scale-01,request_rate,api,westeurope,rpm,2026-09-01 00:00:00,1580.1726617052077,1409.1743599281117,1751.1709634823037,2
azure_monitor,vm-scale-06,cpu_utilization,compute,westeurope,percent,2026-09-01 00:00:00,58.866470315627566,33.64864865125589,87.79408193156524,3
azure_cost,vm-scale-03,daily_cost,compute,westeurope,usd,2026-09-02 00:00:00,134.87253759527087,66.06891527314309,268.07919513208157,4
azure_monitor,vm-scale-06,cpu_utilization,compute,westeurope,percent,2026-09-02 00:00:00,63.73034533908115,37.682792576874974,77.03581769086308,6
azure_monitor,vm-scale-02,cpu_utilization,compute,centralus,percent,2026-09-02 00:00:00,58.74458637047601,46.35266888189154,67.39615461652083,3
datadog,vm-scale-01,request_rate,api,westeurope,rpm,2026-09-02 00:00:00,2432.385299450691,1261.5961789570406,3035.776276280596,5
azure_monitor,vm-scale-05,cpu_utilization,compute,eastus,percent,2026-09-03 00:00:00,47.67058073057538,27.801524440139566,73.95592788012218,3
azure_monitor,vm-scale-01,cpu_utilization,compute,westeurope,percent,2026-09-03 00:00:00,65.72720352262546,43.58107054930365,78.29465347925196,4
azure_monitor,vm-scale-08,cpu_utilization,compute,eastus,percent,2026-09-03 00:00:00,34.466004858837515,15.371209656775562,46.95488415408836,3
azure_cost,vm-scale-02,daily_cost,compute,eastus,usd,2026-09-04 00:00:00,185.14617259985604,94.84147890426256,231.62016703170013,5
datadog,vm-scale-07,request_rate,api,westeurope,rpm,2026-09-04 00:00:00,422.27694689132386,422.27694689132386,422.27694689132386,1
azure_cost,vm-scale-06,daily_cost,compute,eastus,usd,2026-09-04 00:00:00,141.37543299213166,73.10062744909109,235.03464291447509,6
azure_monitor,vm-scale-04,cpu_utilization,compute,westeurope,percent,2026-09-04 00:00:00,63.1861402722123,45.79706196405168,86.70479015517422,3
azure_cost,vm-scale-05,daily_cost,compute,centralus,usd,2026-09-04 00:00:00,77.82720052551022,68.80668556547475,91.37787775636279,4
azure_monitor,vm-scale-06,cpu_utilization,compute,eastus,percent,2026-09-04 00:00:00,22.538514724256537,16.405226856621837,30.055245258256623,4
azure_cost,vm-scale-01,daily_cost,compute,centralus,usd,2026-09-04 00:00:00,127.19662638543252,106.10606585951632,148.28718691134873,2
azure_monitor,vm-prod-01,memory_utilization,compute,centralus,percent,2026-07-13 00:00:00,55.41870427192107,53.1396124637231,56.766607788588985,27
azure_monitor,vm-dev-01,memory_utilization,development,centralus,percent,2026-07-15 00:00:00,12.1256530639523,11.307750438601836,12.95431754819834,24
azure_monitor,vm-prod-02,cpu_utilization,compute,centralus,percent,2026-07-15 00:00:00,47.52688514811154,45.39642310674804,49.40799635365464,24
datadog,svc-api-gateway,error_rate,api,eastus2,percent,2026-07-11 00:00:00,0.5298553143326629,0.30075239432103074,1.2,300
azure_monitor,vm-prod-01,cpu_utilization,compute,centralus,percent,2026-06-12 00:00:00,44.6439228162537,40.02284436884598,49.912615825620925,174
azure_monitor,vm-prod-01,cpu_utilization,compute,centralus,percent,2026-06-16 00:00:00,44.99691908168184,40.14219445300701,49.9682432665016,264
azure_monitor,vm-prod-02,memory_utilization,compute,centralus,percent,2026-06-18 00:00:00,60.11085221291512,59.00361738057029,60.9931742954273,264
datadog,svc-api-gateway,error_rate,api,eastus2,percent,2026-06-18 00:00:00,0.5100980839008611,0.3057667918649388,0.6992103445396193,264
azure_monitor,vm-prod-01,memory_utilization,compute,centralus,percent,2026-06-19 00:00:00,55.099705158646664,53.01716577848031,56.9747559177666,264
datadog,svc-api-gateway,request_rate,api,eastus2,rpm,2026-06-21 00:00:00,1202.3650639949096,1102.7134637450276,1299.1847639468583,264
azure_monitor,vm-prod-01,cpu_utilization,compute,centralus,percent,2026-06-25 00:00:00,44.81734515985779,40.01333552961217,49.95836338739397,264
azure_monitor,vm-dev-01,cpu_utilization,development,centralus,percent,2026-06-27 00:00:00,8.013025711716036,6.001316856610327,9.994638414616567,264
azure_monitor,vm-prod-02,memory_utilization,compute,centralus,percent,2026-07-01 00:00:00,60.05879836576972,59.00535028501184,60.99916524982291,264
datadog,svc-api-gateway,error_rate,api,eastus2,percent,2026-07-01 00:00:00,0.495738971960682,0.30017332237524397,0.6985523085246708,264
datadog,svc-api-gateway,request_rate,api,eastus2,rpm,2026-07-03 00:00:00,1196.372314097567,1100.6605492341716,1299.5291732078535,264
azure_monitor,vm-dev-01,cpu_utilization,development,centralus,percent,2026-07-04 00:00:00,8.042580658139766,6.058680157147383,9.979771885855058,264
azure_monitor,vm-prod-01,cpu_utilization,compute,centralus,percent,2026-07-05 00:00:00,45.190412474073426,40.11709041722989,49.999589634233416,264
azure_monitor,vm-prod-02,memory_utilization,compute,centralus,percent,2026-07-11 00:00:00,59.96852373920038,59.003241357562324,60.99422647329511,288
azure_monitor,vm-dev-01,memory_utilization,development,centralus,percent,2026-07-12 00:00:00,12.0685491327849,11.05343359224003,12.974065481798679,114
azure_monitor,vm-prod-02,cpu_utilization,compute,centralus,percent,2026-07-12 00:00:00,71.76611752320551,41.04856279324411,81.7040694323968,114
azure_cost,vm-prod-02,daily_cost,compute,centralus,usd,2026-06-15 00:00:00,150.83693409107718,142.97421916856814,155.16937688339382,11
azure_cost,vm-prod-01,daily_cost,compute,centralus,usd,2026-06-27 00:00:00,99.25080498411053,95.58562246918288,104.81541553836983,11
azure_cost,vm-prod-01,daily_cost,compute,centralus,usd,2026-07-04 00:00:00,99.74749419585758,95.17938877935018,104.71176068788027,11
azure_cost,vm-dev-01,daily_cost,development,centralus,usd,2026-07-09 00:00:00,9.606107499638242,9.04423707709586,10.663368149158885,12
datadog,svc-api-gateway,request_rate,api,eastus2,rpm,2026-07-21 00:00:00,1203.7288180866879,1111.0756896933856,1296.1845598714658,24
azure_monitor,vm-dev-01,cpu_utilization,development,centralus,percent,2026-07-23 00:00:00,7.899378084541191,6.006695625654078,9.950669120458588,24
azure_monitor,vm-prod-01,cpu_utilization,compute,centralus,percent,2026-07-24 00:00:00,44.966406881347666,40.37331561636021,49.66950768276212,24
azure_monitor,vm-dev-01,memory_utilization,development,centralus,percent,2026-07-26 00:00:00,11.964837453133969,11.059714138894083,12.811483764052364,24
azure_monitor,vm-prod-02,cpu_utilization,compute,centralus,percent,2026-07-26 00:00:00,64.08749421470554,61.52660656870823,66.34294216308456,24
azure_cost,vm-prod-01,daily_cost,compute,centralus,usd,2026-07-23 00:00:00,95.33990624059757,95.33990624059757,95.33990624059757,1
azure_cost,svc-api-gateway,daily_cost,api,eastus2,usd,2026-07-26 00:00:00,48.334749724176184,48.334749724176184,48.334749724176184,1
azure_monitor,vm-scale-09,cpu_utilization,compute,centralus,percent,2026-07-30 00:00:00,55.6957624656622,20.049976078286967,91.34154885303742,2
azure_monitor,vm-scale-03,cpu_utilization,compute,eastus,percent,2026-07-30 00:00:00,77.23527899787027,77.23527899787027,77.23527899787027,1
azure_monitor,vm-scale-01,cpu_utilization,compute,centralus,percent,2026-07-30 00:00:00,51.97277170287385,25.486235703043594,78.45930770270411,2
azure_monitor,vm-scale-05,cpu_utilization,compute,centralus,percent,2026-07-30 00:00:00,46.30755082173378,33.103221253984,69.58630049611499,3
azure_cost,vm-scale-03,daily_cost,compute,eastus,usd,2026-07-30 00:00:00,95.33953173169328,95.33953173169328,95.33953173169328,1
azure_cost,vm-scale-09,daily_cost,compute,westeurope,usd,2026-07-30 00:00:00,62.28679977331015,62.28679977331015,62.28679977331015,1
azure_cost,vm-scale-01,daily_cost,compute,eastus,usd,2026-07-31 00:00:00,167.1617361608504,139.47515715382315,212.5386598488171,4
azure_monitor,vm-scale-03,cpu_utilization,compute,westeurope,percent,2026-07-31 00:00:00,44.34044420805108,15.203356944080566,66.84636288943433,4
datadog,vm-scale-07,request_rate,api,eastus,rpm,2026-08-01 00:00:00,3073.8423285926037,2115.8976156219046,4422.002429711931,4
azure_cost,vm-scale-07,daily_cost,compute,eastus,usd,2026-08-01 00:00:00,238.69943966943703,238.69943966943703,238.69943966943703,1
datadog,vm-scale-04,request_rate,api,westeurope,rpm,2026-08-01 00:00:00,3410.6750187126527,1133.9866679809745,4937.249917527147,5
datadog,vm-scale-05,request_rate,api,centralus,rpm,2026-08-01 00:00:00,2300.707434520967,558.1693539397498,3954.5542886479734,3
azure_monitor,vm-scale-02,cpu_utilization,compute,westeurope,percent,2026-08-01 00:00:00,44.366733278169825,44.366733278169825,44.366733278169825,1
datadog,vm-scale-08,request_rate,api,eastus,rpm,2026-08-01 00:00:00,1145.2193975534697,1145.2193975534697,1145.2193975534697,1
azure_monitor,vm-scale-09,cpu_utilization,compute,centralus,percent,2026-08-02 00:00:00,72.3900040770033,59.04032002130643,84.44185333088897,5
azure_cost,vm-scale-09,daily_cost,compute,westeurope,usd,2026-08-02 00:00:00,178.04576464137517,52.84894969068614,242.78168666229243,7
datadog,vm-scale-01,request_rate,api,eastus,rpm,2026-08-02 00:00:00,2959.2689056054382,2108.3840343920674,4053.357913703229,4
azure_monitor,vm-scale-03,cpu_utilization,compute,eastus,percent,2026-08-02 00:00:00,72.36255488753935,59.921659186918134,84.80345058816057,2
datadog,vm-scale-01,request_rate,api,centralus,rpm,2026-08-02 00:00:00,1331.3486617242847,1331.3486617242847,1331.3486617242847,1
azure_cost,vm-scale-05,daily_cost,compute,eastus,usd,2026-08-02 00:00:00,84.19775857290757,41.87581593718046,135.75121599203294,5
azure_monitor,vm-scale-05,cpu_utilization,compute,centralus,percent,2026-08-02 00:00:00,60.90036554954661,43.57270795500334,77.37061285159864,7
datadog,vm-scale-02,request_rate,api,westeurope,rpm,2026-08-02 00:00:00,2180.083854738305,488.66756852096347,3349.1201424522324,7
azure_cost,vm-scale-03,daily_cost,compute,eastus,usd,2026-08-02 00:00:00,196.19806931651186,196.19806931651186,196.19806931651186,1
azure_monitor,vm-scale-01,cpu_utilization,compute,centralus,percent,2026-08-02 00:00:00,83.20807419148447,78.20816319313688,91.07009305785652,3
datadog,vm-scale-02,request_rate,api,centralus,rpm,2026-08-02 00:00:00,1298.3356480001835,302.1590340289305,2219.8079402997823,4
azure_cost,vm-scale-08,daily_cost,compute,westeurope,usd,2026-08-02 00:00:00,211.7732275278345,165.50489104751273,258.0415640081563,2
azure_monitor,vm-scale-02,cpu_utilization,compute,centralus,percent,2026-08-03 00:00:00,57.00428575483269,17.384963261890142,76.287034614211,4
azure_monitor,vm-scale-06,cpu_utilization,compute,westeurope,percent,2026-08-03 00:00:00,53.112798183336615,44.134309578998625,63.42278780787163,3
azure_cost,vm-scale-03,daily_cost,compute,westeurope,usd,2026-08-03 00:00:00,136.40416872579095,75.90367325244449,224.44538356130528,5
datadog,vm-scale-01,request_rate,api,westeurope,rpm,2026-08-03 00:00:00,2885.4795457376686,2471.4717599398523,3299.487331535485,2
azure_monitor,vm-scale-09,cpu_utilization,compute,eastus,percent,2026-08-04 00:00:00,45.91450615025612,42.60165382853438,49.227358471977865,2
azure_monitor,vm-scale-07,cpu_utilization,compute,centralus,percent,2026-08-04 00:00:00,63.87386039568501,63.87386039568501,63.87386039568501,1
azure_monitor,vm-scale-07,cpu_utilization,compute,centralus,percent,2026-08-05 00:00:00,68.40155597163667,47.777303014479855,89.0258089287935,2
azure_monitor,vm-scale-09,cpu_utilization,compute,eastus,percent,2026-08-05 00:00:00,55.23114498708814,22.755763903865095,82.1983338371049,5
azure_cost,vm-scale-06,daily_cost,compute,westeurope,usd,2026-08-06 00:00:00,169.38915320388955,117.27807216223107,219.48187447800896,3
datadog,vm-scale-07,request_rate,api,centralus,rpm,2026-08-06 00:00:00,1052.9680955158121,1052.9680955158121,1052.9680955158121,1
datadog,vm-scale-02,request_rate,api,eastus,rpm,2026-08-06 00:00:00,1486.6531030789167,883.3632976725753,1858.0227930788715,3
azure_monitor,vm-scale-07,cpu_utilization,compute,westeurope,percent,2026-08-06 00:00:00,50.23474905875404,17.464204693061795,66.8596418557988,3
datadog,vm-scale-01,request_rate,api,westeurope,rpm,2026-08-07 00:00:00,2148.334368580966,542.3274886183899,4883.5364813227025,7
azure_monitor,vm-scale-06,cpu_utilization,compute,westeurope,percent,2026-08-07 00:00:00,68.73162471647456,68.73162471647456,68.73162471647456,1
azure_monitor,vm-scale-02,cpu_utilization,compute,centralus,percent,2026-08-07 00:00:00,70.45964797462626,60.15399221999923,76.20024300549295,4
azure_cost,vm-scale-03,daily_cost,compute,westeurope,usd,2026-08-07 00:00:00,166.6739468502979,70.7791082152159,262.5687854853799,2
azure_monitor,vm-scale-01,cpu_utilization,compute,centralus,percent,2026-08-08 00:00:00,67.9014437645338,60.29070122968302,74.75056397101321,3
azure_cost,vm-scale-09,daily_cost,compute,westeurope,usd,2026-08-08 00:00:00,200.72423674037228,117.43793931347179,262.67684783613447,6
datadog,vm-scale-02,request_rate,api,centralus,rpm,2026-08-08 00:00:00,2631.977682353287,104.35669778047017,4312.7893853900905,7
datadog,vm-scale-01,request_rate,api,eastus,rpm,2026-08-08 00:00:00,2506.4906328817465,1456.9709644271413,3360.944232656163,7
azure_cost,vm-scale-03,daily_cost,compute,eastus,usd,2026-08-08 00:00:00,177.88637808357228,96.96184222511692,217.5450400417037,6
azure_monitor,vm-scale-09,cpu_utilization,compute,centralus,percent,2026-08-08 00:00:00,49.29926665079949,23.730988084501252,78.31559548038176,6
azure_monitor,vm-scale-03,cpu_utilization,compute,eastus,percent,2026-08-08 00:00:00,50.0662017084844,25.901552799916598,84.21332866456083,5
azure_monitor,vm-scale-05,cpu_utilization,compute,centralus,percent,2026-08-08 00:00:00,56.732823691861256,27.311985083237317,83.36545246841989,6
datadog,vm-scale-02,request_rate,api,westeurope,rpm,2026-08-08 00:00:00,1348.3495990263407,1251.3799337945875,1445.3192642580939,2
datadog,vm-scale-01,request_rate,api,centralus,rpm,2026-08-08 00:00:00,3282.026241496815,2384.22781432622,4179.82466866741,2
datadog,vm-scale-02,request_rate,api,westeurope,rpm,2026-08-09 00:00:00,3604.2308805453795,1338.3864428281074,4793.994198054641,6
datadog,vm-scale-01,request_rate,api,eastus,rpm,2026-08-09 00:00:00,2303.2155145169395,567.0713429255225,3850.040171469825,4
azure_monitor,vm-scale-03,cpu_utilization,compute,eastus,percent,2026-08-09 00:00:00,66.88013073671802,61.25538739702505,70.50562421053195,4
datadog,vm-scale-02,request_rate,api,centralus,rpm,2026-08-09 00:00:00,2173.592868185759,1697.938992454822,2546.068426671576,3
azure_monitor,vm-scale-09,cpu_utilization,compute,centralus,percent,2026-08-09 00:00:00,64.43812565283277,40.71816556935376,86.86218406403358,8
azure_cost,vm-scale-03,daily_cost,compute,eastus,usd,2026-08-09 00:00:00,193.03620864269396,90.13052044960821,258.844821557242,7
azure_cost,vm-scale-09,daily_cost,compute,westeurope,usd,2026-08-09 00:00:00,98.81581643752003,98.81581643752003,98.81581643752003,1
azure_monitor,vm-scale-05,cpu_utilization,compute,centralus,percent,2026-08-09 00:00:00,54.34758689409304,52.335756179384,56.7399055912024,4
azure_cost,vm-scale-08,daily_cost,compute,westeurope,usd,2026-08-09 00:00:00,107.24301585880816,48.5819147294849,255.51945147336554,6
azure_monitor,vm-scale-01,cpu_utilization,compute,centralus,percent,2026-08-09 00:00:00,55.61162327652568,32.15745628515435,79.34662912711894,3
datadog,vm-scale-01,request_rate,api,centralus,rpm,2026-08-09 00:00:00,276.19718889049966,276.19718889049966,276.19718889049966,1
datadog,vm-scale-01,request_rate,api,westeurope,rpm,2026-08-10 00:00:00,1333.43473572684,731.0135428319855,1935.8559286216944,2
azure_monitor,vm-scale-02,cpu_utilization,compute,centralus,percent,2026-08-10 00:00:00,54.0187935603775,25.72192207693361,70.02076726078371,5
azure_cost,vm-scale-03,daily_cost,compute,westeurope,usd,2026-08-10 00:00:00,137.923098963655,52.00303578709508,225.33185041960078,6
azure_monitor,vm-scale-06,cpu_utilization,compute,westeurope,percent,2026-08-10 00:00:00,49.04771722923671,27.997853283472182,57.59234855262916,4
azure_monitor,vm-scale-08,cpu_utilization,compute,centralus,percent,2026-08-11 00:00:00,57.692270556725724,26.945461867618782,69.48384611707554,5
datadog,vm-scale-08,request_rate,api,centralus,rpm,2026-08-11 00:00:00,1222.9401623192814,712.3307494507097,1464.6194794731766,4
azure_cost,vm-scale-04,daily_cost,compute,westeurope,usd,2026-08-11 00:00:00,154.0322657029166,97.6675949749138,233.03661184155538,3
datadog,vm-scale-09,request_rate,api,centralus,rpm,2026-08-11 00:00:00,2578.917785870195,561.8985487543666,4035.9015977723507,3
azure_cost,vm-scale-02,daily_cost,compute,centralus,usd,2026-08-11 00:00:00,185.3667388964652,85.09510389909838,235.752845947366,3
azure_monitor,vm-scale-08,cpu_utilization,compute,westeurope,percent,2026-08-11 00:00:00,50.41342635816992,25.152597290448796,88.5615605950977,7
azure_monitor,vm-scale-03,cpu_utilization,compute,centralus,percent,2026-08-11 00:00:00,34.59057285588718,17.196420323909024,65.4734056863625,3
azure_monitor,vm-scale-06,cpu_utilization,compute,westeurope,percent,2026-08-12 00:00:00,58.78468564850891,23.987011199134564,88.22546870052679,8
azure_cost,vm-scale-03,daily_cost,compute,westeurope,usd,2026-08-12 00:00:00,213.8171323107053,40.00357922053204,273.9020846612318,5
azure_monitor,vm-scale-02,cpu_utilization,compute,centralus,percent,2026-08-12 00:00:00,75.05462087340337,68.8744397783826,81.23480196842414,2
datadog,vm-scale-01,request_rate,api,westeurope,rpm,2026-08-12 00:00:00,2930.3553521397093,1544.7994644383546,4691.689845278969,5
azure_monitor,vm-scale-05,cpu_utilization,compute,eastus,percent,2026-08-13 00:00:00,71.6334637180714,52.32258752343908,87.05350591732804,4
azure_monitor,vm-scale-01,cpu_utilization,compute,westeurope,percent,2026-08-13 00:00:00,60.9329428544776,19.434331298452932,83.07267689470103,6
azure_monitor,vm-scale-08,cpu_utilization,compute,eastus,percent,2026-08-13 00:00:00,31.15780160514801,31.15780160514801,31.15780160514801,1
azure_cost,vm-scale-01,daily_cost,compute,eastus,usd,2026-08-14 00:00:00,116.33005765719794,46.65553878580046,203.11100562809335,4
azure_monitor,vm-scale-03,cpu_utilization,compute,westeurope,percent,2026-08-14 00:00:00,32.01555668219523,30.974119705145757,33.05699365924471,2
azure_cost,vm-scale-01,daily_cost,compute,eastus,usd,2026-08-15 00:00:00,170.2693112387071,72.39495589427426,240.94032462479265,6
azure_monitor,vm-scale-03,cpu_utilization,compute,westeurope,percent,2026-08-15 00:00:00,54.375774231285334,38.900212674819656,87.17225342998651,4
azure_monitor,vm-scale-03,cpu_utilization,compute,centralus,percent,2026-08-16 00:00:00,69.4870762941088,60.83694779236563,82.86152715095842,5
datadog,vm-scale-09,request_rate,api,centralus,rpm,2026-08-16 00:00:00,2775.8506780221664,858.3151640942243,4272.476920608605,8
azure_cost,vm-scale-04,daily_cost,compute,westeurope,usd,2026-08-16 00:00:00,127.78400112992641,93.68727757847897,165.9778459402941,3
azure_monitor,vm-scale-08,cpu_utilization,compute,westeurope,percent,2026-08-16 00:00:00,62.581006190355275,45.36356746780119,72.435091740882,3
azure_cost,vm-scale-02,daily_cost,compute,centralus,usd,2026-08-16 00:00:00,140.77443633693576,85.71573054254957,175.03480468553727,4
azure_monitor,vm-scale-08,cpu_utilization,compute,centralus,percent,2026-08-16 00:00:00,39.689988587304924,21.504690393166804,63.60089622779635,3
datadog,vm-scale-08,request_rate,api,centralus,rpm,2026-08-16 00:00:00,900.7741606256998,900.7741606256998,900.7741606256998,1
azure_cost,vm-scale-06,daily_cost,compute,westeurope,usd,2026-08-17 00:00:00,150.6371297861107,67.16032206689816,257.2519628326499,6
datadog,vm-scale-02,request_rate,api,eastus,rpm,2026-08-17 00:00:00,2298.5924968841878,1570.32859181752,2933.062192075698,3
azure_monitor,vm-scale-07,cpu_utilization,compute,westeurope,percent,2026-08-17 00:00:00,61.77211060533789,25.071940254434736,90.74657337573709,11
datadog,vm-scale-07,request_rate,api,centralus,rpm,2026-08-17 00:00:00,2381.3348130273566,166.62354633211555,4044.120740613253,7
datadog,vm-scale-07,request_rate,api,centralus,rpm,2026-08-18 00:00:00,2022.7256688744276,861.794258184955,2849.111216128702,6
datadog,vm-scale-02,request_rate,api,eastus,rpm,2026-08-18 00:00:00,2247.625075581039,856.316304107501,3766.60894166572,5
azure_cost,vm-scale-06,daily_cost,compute,westeurope,usd,2026-08-18 00:00:00,220.05082019868829,147.8758787180519,276.8828200987362,3
azure_monitor,vm-scale-07,cpu_utilization,compute,westeurope,percent,2026-08-18 00:00:00,47.89329839331951,36.70571070300739,59.08088608363163,2
datadog,vm-scale-06,request_rate,api,centralus,rpm,2026-08-19 00:00:00,3587.754754117289,1300.8156302064883,4819.114160273777,5
datadog,vm-scale-06,request_rate,api,westeurope,rpm,2026-08-19 00:00:00,1047.2224026563435,1047.2224026563435,1047.2224026563435,1
azure_cost,vm-scale-06,daily_cost,compute,centralus,usd,2026-08-19 00:00:00,137.09999485610055,45.00772928525586,213.4089762125746,5
azure_monitor,vm-scale-08,cpu_utilization,compute,eastus,percent,2026-08-20 00:00:00,49.25643444526836,32.08267337663638,81.99416635911957,7
azure_monitor,vm-scale-05,cpu_utilization,compute,eastus,percent,2026-08-20 00:00:00,48.08207556156034,28.36786109882038,72.41393875717844,6
azure_monitor,vm-scale-01,cpu_utilization,compute,westeurope,percent,2026-08-20 00:00:00,27.342963813987076,19.17042963493468,35.515497993039475,2
azure_monitor,vm-scale-02,cpu_utilization,compute,eastus,percent,2026-08-21 00:00:00,54.86613507394752,24.567161721506444,79.68955040942747,5
azure_cost,vm-scale-04,daily_cost,compute,eastus,usd,2026-08-21 00:00:00,147.126244141512,41.693727606814136,213.91160706478652,4
azure_monitor,vm-scale-09,cpu_utilization,compute,westeurope,percent,2026-08-21 00:00:00,56.65356475438978,18.810730638341067,71.89625517689176,4
azure_monitor,vm-scale-06,cpu_utilization,compute,centralus,percent,2026-08-22 00:00:00,54.40022269360939,26.309071828600544,91.58800822692163,7
datadog,vm-scale-03,request_rate,api,westeurope,rpm,2026-08-22 00:00:00,2684.160048920216,1764.4783152363395,4519.446355712651,7
azure_cost,vm-scale-08,daily_cost,compute,eastus,usd,2026-08-22 00:00:00,170.91213066181254,79.79263367107689,262.0316276525482,2
azure_monitor,vm-scale-04,cpu_utilization,compute,eastus,percent,2026-08-22 00:00:00,82.20222807779822,76.440737360974,87.96371879462245,2
datadog,vm-scale-08,request_rate,api,westeurope,rpm,2026-08-22 00:00:00,2828.7484421762174,1493.1123505753496,4164.384533777085,2
azure_monitor,vm-scale-09,cpu_utilization,compute,eastus,percent,2026-08-23 00:00:00,46.31070462952482,18.96085967528391,67.45314720349789,3
azure_monitor,vm-scale-07,cpu_utilization,compute,centralus,percent,2026-08-23 00:00:00,56.211095490131115,56.211095490131115,56.211095490131115,1
azure_monitor,vm-scale-04,cpu_utilization,compute,eastus,percent,2026-08-24 00:00:00,44.1472000131107,15.494956097991459,84.6173539660402,6
azure_monitor,vm-scale-06,cpu_utilization,compute,centralus,percent,2026-08-24 00:00:00,50.00786271046652,28.122854370691243,85.13490921379376,3
datadog,vm-scale-03,request_rate,api,westeurope,rpm,2026-08-24 00:00:00,1410.3240909731878,648.1511785060941,2576.355892736221,3
azure_cost,vm-scale-08,daily_cost,compute,eastus,usd,2026-08-24 00:00:00,131.30233009596415,124.22261126647393,138.38204892545437,2
datadog,vm-scale-08,request_rate,api,westeurope,rpm,2026-08-24 00:00:00,2814.22517596488,2280.689669819587,3347.760682110172,2
datadog,vm-scale-09,request_rate,api,westeurope,rpm,2026-08-25 00:00:00,2579.3425048887198,375.0436910723753,4555.615578484312,5
datadog,vm-scale-03,request_rate,api,centralus,rpm,2026-08-25 00:00:00,1730.5531888674723,242.66638768128482,4269.372046627419,10
datadog,vm-scale-06,request_rate,api,eastus,rpm,2026-08-25 00:00:00,1541.5965660630495,209.43887922463517,3419.372166041072,7
azure_monitor,vm-scale-01,cpu_utilization,compute,eastus,percent,2026-08-25 00:00:00,61.950033757498396,47.01915138769087,89.09422723790465,6
azure_cost,vm-scale-07,daily_cost,compute,westeurope,usd,2026-08-25 00:00:00,125.40250224503625,63.98947094199431,186.81553354807818,2
azure_cost,vm-scale-01,daily_cost,compute,westeurope,usd,2026-08-26 00:00:00,198.80506286381117,158.6146197375657,255.6310961385276,3
azure_cost,vm-scale-04,daily_cost,compute,centralus,usd,2026-08-26 00:00:00,157.45548704315752,47.97688985274008,245.8916739902204,6
azure_cost,vm-scale-03,daily_cost,compute,centralus,usd,2026-08-27 00:00:00,162.9704029068951,62.64549410489256,278.9383623250999,3
azure_cost,vm-scale-06,daily_cost,compute,eastus,usd,2026-08-27 00:00:00,159.1534000409072,64.15673917488778,219.01354645097166,7
datadog,vm-scale-07,request_rate,api,westeurope,rpm,2026-08-27 00:00:00,2227.721489928445,1258.2789099040942,2757.715259638914,3
azure_cost,vm-scale-01,daily_cost,compute,centralus,usd,2026-08-27 00:00:00,128.60251319971883,47.05320746067621,196.31203239007758,5
azure_cost,vm-scale-02,daily_cost,compute,eastus,usd,2026-08-27 00:00:00,219.3318789049313,200.9631672419822,237.7005905678804,2
azure_cost,vm-scale-05,daily_cost,compute,centralus,usd,2026-08-27 00:00:00,147.36486038890533,129.34158564377157,165.3881351340391,2
azure_monitor,vm-scale-04,cpu_utilization,compute,westeurope,percent,2026-08-27 00:00:00,86.67629838843806,86.67629838843806,86.67629838843806,1
azure_monitor,vm-scale-06,cpu_utilization,compute,eastus,percent,2026-08-27 00:00:00,38.34146709942649,22.719951722821055,54.06438589053725,3
azure_cost,vm-scale-07,daily_cost,compute,centralus,usd,2026-08-27 00:00:00,57.47333980004326,42.0103264507,72.93635314938653,2
azure_cost,vm-scale-05,daily_cost,compute,westeurope,usd,2026-08-28 00:00:00,170.9869999948968,170.9869999948968,170.9869999948968,1
azure_cost,vm-scale-01,daily_cost,compute,westeurope,usd,2026-08-28 00:00:00,139.0595558320233,45.345892392013965,239.42488725790503,6
azure_cost,vm-scale-04,daily_cost,compute,centralus,usd,2026-08-28 00:00:00,153.31054089116768,41.20812056804723,243.09275380496584,4
datadog,vm-scale-07,request_rate,api,centralus,rpm,2026-08-29 00:00:00,518.9718189338207,205.1195437064643,832.8240941611772,2
azure_monitor,vm-scale-07,cpu_utilization,compute,westeurope,percent,2026-08-29 00:00:00,50.40535089494522,46.21185971048488,56.16317765018065,3
azure_cost,vm-scale-06,daily_cost,compute,westeurope,usd,2026-08-29 00:00:00,164.07513765759086,80.75399484888582,223.78262173791364,3
azure_cost,vm-scale-01,daily_cost,compute,eastus,usd,2026-08-30 00:00:00,212.4784447176086,168.4708793888786,271.7854296312889,4
azure_monitor,vm-scale-03,cpu_utilization,compute,westeurope,percent,2026-08-30 00:00:00,48.7037100020587,20.183930584667046,75.24946907579078,3
azure_monitor,vm-scale-07,cpu_utilization,compute,centralus,percent,2026-08-31 00:00:00,65.57574007947362,40.43836180921498,90.86047038339952,4
azure_monitor,vm-scale-09,cpu_utilization,compute,eastus,percent,2026-08-31 00:00:00,45.31417974840834,24.216000111064734,71.74874486300254,3
azure_monitor,vm-scale-06,cpu_utilization,compute,centralus,percent,2026-09-01 00:00:00,61.127596445992936,45.25743906459402,86.50099853397184,4
azure_cost,vm-scale-08,daily_cost,compute,eastus,usd,2026-09-01 00:00:00,66.59456497065473,66.59456497065473,66.59456497065473,1
datadog,vm-scale-08,request_rate,api,westeurope,rpm,2026-09-01 00:00:00,872.6699878188567,219.79634537285358,1525.5436302648598,2
azure_monitor,vm-scale-04,cpu_utilization,compute,eastus,percent,2026-09-01 00:00:00,50.79524935832745,15.627029079595726,90.21979417823519,3
datadog,vm-scale-03,request_rate,api,westeurope,rpm,2026-09-01 00:00:00,2386.40905172015,1888.4836862862726,2902.5241676318783,3
datadog,vm-scale-08,request_rate,api,westeurope,rpm,2026-09-02 00:00:00,2100.114489536511,1189.6498734662212,2565.1868091050205,3
datadog,vm-scale-03,request_rate,api,westeurope,rpm,2026-09-02 00:00:00,2825.8479410911355,603.4582677296421,4903.496513097186,4
azure_cost,vm-scale-08,daily_cost,compute,eastus,usd,2026-09-02 00:00:00,161.71874086161043,44.960552430029125,255.78249714622822,7
azure_monitor,vm-scale-06,cpu_utilization,compute,centralus,percent,2026-09-02 00:00:00,52.523520254363724,40.945727013073494,61.16614622996796,5
azure_monitor,vm-scale-04,cpu_utilization,compute,eastus,percent,2026-09-02 00:00:00,63.83457447380655,63.83457447380655,63.83457447380655,1
datadog,vm-scale-09,request_rate,api,westeurope,rpm,2026-09-03 00:00:00,2307.905790194727,799.8841743618376,3422.8835399790673,8
datadog,vm-scale-06,request_rate,api,eastus,rpm,2026-09-03 00:00:00,2314.850884819683,324.74983718463415,4644.081617360658,7
datadog,vm-scale-03,request_rate,api,centralus,rpm,2026-09-03 00:00:00,3384.0535455749186,1435.406776666598,4631.9170453151,7
azure_monitor,vm-scale-01,cpu_utilization,compute,eastus,percent,2026-09-03 00:00:00,63.71888540468501,23.64944943803659,88.54725066676019,5
azure_cost,vm-scale-07,daily_cost,compute,westeurope,usd,2026-09-03 00:00:00,130.67394492005093,40.82848396651299,260.4021545768034,5
datadog,vm-scale-07,request_rate,api,centralus,rpm,2026-09-04 00:00:00,3029.9684770188032,1242.0869997475352,4817.849954290071,2
datadog,vm-scale-02,request_rate,api,eastus,rpm,2026-09-04 00:00:00,2876.3515647113095,819.6232828062055,4084.5609664814683,3
azure_monitor,vm-scale-07,cpu_utilization,compute,westeurope,percent,2026-09-04 00:00:00,55.765475999991665,53.87829321992478,57.65265878005856,2
azure_cost,vm-scale-06,daily_cost,compute,westeurope,usd,2026-09-04 00:00:00,126.71522417829172,120.14763346563201,133.28281489095144,2
azure_cost,svc-api-gateway,daily_cost,api,eastus2,usd,2026-07-12 00:00:00,48.535538544976646,48.01431646644968,49.05676062350362,2
azure_monitor,vm-prod-02,memory_utilization,compute,centralus,percent,2026-07-15 00:00:00,60.1438936427159,59.322473263178715,60.99890631527032,24
datadog,svc-api-gateway,error_rate,api,eastus2,percent,2026-07-15 00:00:00,0.4760326688407785,0.3127041976525622,0.6945906163718973,24
azure_cost,vm-prod-01,daily_cost,compute,centralus,usd,2026-09-03 00:00:00,124.3,124.3,124.3,4
azure_cost,vm-prod-01,monthly_cost,compute,centralus,usd,2026-09-03 00:00:00,3729.0,3729.0,3729.0,4
datadog,svc-api-gateway,request_rate,api,eastus2,rpm,2026-06-12 00:00:00,1210.2564909997654,1100.3703765501073,1298.4780350510453,174
azure_monitor,vm-dev-01,cpu_utilization,development,centralus,percent,2026-06-13 00:00:00,7.957681682032791,6.005555996121782,9.973934100237122,261
azure_monitor,vm-dev-01,cpu_utilization,development,centralus,percent,2026-06-14 00:00:00,8.049261655893893,6.01883344657617,9.99888019700554,264
datadog,svc-api-gateway,request_rate,api,eastus2,rpm,2026-06-16 00:00:00,1196.4856018262797,1100.3261682142925,1299.7893213939615,264
azure_monitor,vm-dev-01,memory_utilization,development,centralus,percent,2026-06-19 00:00:00,11.984679907508372,11.000323172214014,12.99635515695861,264
azure_monitor,vm-prod-02,cpu_utilization,compute,centralus,percent,2026-06-19 00:00:00,45.7208081842287,43.31202430178952,48.37290238171352,264
azure_monitor,vm-dev-01,cpu_utilization,development,centralus,percent,2026-06-20 00:00:00,8.083411618364472,6.005697736546234,9.977176987733367,264
azure_monitor,vm-prod-01,cpu_utilization,compute,centralus,percent,2026-06-21 00:00:00,45.120586946712876,40.07177684578818,49.97295451452144,264
azure_monitor,vm-prod-02,memory_utilization,compute,centralus,percent,2026-06-23 00:00:00,59.98733705091738,59.00923749315856,60.997691596504716,264
datadog,svc-api-gateway,error_rate,api,eastus2,percent,2026-06-23 00:00:00,0.4982655751909878,0.3019398337544692,0.6987779799420757,264
datadog,svc-api-gateway,request_rate,api,eastus2,rpm,2026-06-25 00:00:00,1203.977661073283,1100.0341780099498,1299.646870106676,264
azure_monitor,vm-prod-02,memory_utilization,compute,centralus,percent,2026-06-29 00:00:00,59.955121616816726,59.0037196795665,60.982089538762374,264
datadog,svc-api-gateway,error_rate,api,eastus2,percent,2026-06-29 00:00:00,0.4937102512829788,0.3008065078727663,0.6997548365953005,264
azure_monitor,vm-prod-01,cpu_utilization,compute,centralus,percent,2026-07-03 00:00:00,44.71181745645036,40.01779375397493,49.83388739833908,264
datadog,svc-api-gateway,request_rate,api,eastus2,rpm,2026-07-05 00:00:00,1203.9886617622542,1100.5018278878497,1298.5808439815594,264
azure_monitor,vm-prod-01,memory_utilization,compute,centralus,percent,2026-07-12 00:00:00,55.02354856098773,53.016763482243505,56.97574315638027,114
azure_cost,vm-prod-01,daily_cost,compute,centralus,usd,2026-06-13 00:00:00,100.29299367421176,95.83304609404178,104.9574554240898,11
azure_cost,vm-prod-01,daily_cost,compute,centralus,usd,2026-06-14 00:00:00,100.47686331483841,95.67879472715566,104.43401888402829,11
azure_cost,vm-prod-02,daily_cost,compute,centralus,usd,2026-06-17 00:00:00,149.05340988380217,142.08972368615107,157.9006365414041,11
azure_cost,svc-api-gateway,daily_cost,api,eastus2,usd,2026-06-19 00:00:00,49.807894039780855,48.33543910209838,51.79871881109386,11
azure_cost,vm-prod-01,daily_cost,compute,centralus,usd,2026-06-20 00:00:00,100.19613856202521,95.17620682239853,103.99871412516491,11
azure_cost,vm-dev-01,daily_cost,development,centralus,usd,2026-06-24 00:00:00,9.721227845799012,9.03037953379765,10.600031979901358,11
azure_cost,vm-prod-02,daily_cost,compute,centralus,usd,2026-06-26 00:00:00,149.41989725353181,143.31483124455946,156.07034723869162,11
azure_cost,vm-dev-01,daily_cost,development,centralus,usd,2026-06-28 00:00:00,10.112465044069474,9.320674411785355,10.666945717517866,11
azure_cost,vm-prod-02,daily_cost,compute,centralus,usd,2026-07-02 00:00:00,149.01505401163115,144.8526481678487,154.21427081200326,11
azure_monitor,vm-prod-01,cpu_utilization,compute,centralus,percent,2026-07-21 00:00:00,45.59308540061945,40.35789069861587,49.966647332065406,24
datadog,svc-api-gateway,request_rate,api,eastus2,rpm,2026-07-24 00:00:00,1204.675563047809,1110.3662966003785,1291.0254906150262,24
azure_monitor,vm-dev-01,cpu_utilization,development,centralus,percent,2026-07-25 00:00:00,8.197041447065223,6.034631623847762,9.97401267232892,24
azure_monitor,vm-prod-01,memory_utilization,compute,centralus,percent,2026-07-26 00:00:00,54.9420598875933,53.10558136934126,56.704142219192235,24
azure_monitor,vm-dev-01,cpu_utilization,development,centralus,percent,2026-07-29 00:00:00,8.06406408107888,6.671093990564319,9.778796103791384,24
azure_monitor,vm-dev-01,cpu_utilization,development,centralus,percent,2026-08-04 00:00:00,8.194831275273419,6.514234686148848,9.879563665142648,24
azure_monitor,vm-dev-01,cpu_utilization,development,centralus,percent,2026-08-05 00:00:00,8.154988356245779,6.1202121948117245,9.834338265034118,24
azure_monitor,vm-prod-02,memory_utilization,compute,centralus,percent,2026-08-06 00:00:00,60.152631306385864,59.018226161737424,60.58995312452083,5
datadog,svc-api-gateway,error_rate,api,eastus2,percent,2026-08-06 00:00:00,0.5484100948377695,0.3384225370401674,0.699051977275905,5
azure_cost,vm-prod-02,daily_cost,compute,centralus,usd,2026-07-16 00:00:00,153.9512606982946,153.9512606982946,153.9512606982946,1
azure_cost,vm-prod-02,daily_cost,compute,centralus,usd,2026-07-19 00:00:00,142.91937686627344,142.91937686627344,142.91937686627344,1
azure_cost,vm-prod-02,daily_cost,compute,centralus,usd,2026-07-20 00:00:00,150.05377747212725,150.05377747212725,150.05377747212725,1
azure_cost,vm-prod-01,daily_cost,compute,centralus,usd,2026-07-25 00:00:00,95.00605168420168,95.00605168420168,95.00605168420168,1
azure_cost,vm-prod-01,daily_cost,compute,centralus,usd,2026-07-29 00:00:00,101.13488335375355,101.13488335375355,101.13488335375355,1
azure_cost,vm-prod-01,daily_cost,compute,centralus,usd,2026-08-04 00:00:00,99.10306324034113,99.10306324034113,99.10306324034113,1
azure_cost,vm-prod-01,daily_cost,compute,centralus,usd,2026-08-05 00:00:00,300.0,300.0,300.0,1
datadog,vm-scale-02,request_rate,api,centralus,rpm,2026-07-31 00:00:00,2767.1731879767185,185.409353446412,4769.6703408011435,10
datadog,vm-scale-01,request_rate,api,eastus,rpm,2026-07-31 00:00:00,3934.3527651750323,2750.259917411161,4725.700305187284,3
azure_monitor,vm-scale-03,cpu_utilization,compute,eastus,percent,2026-07-31 00:00:00,54.573709530121775,42.795536335068974,67.30837625722145,4
azure_cost,vm-scale-09,daily_cost,compute,westeurope,usd,2026-07-31 00:00:00,268.9461982065552,268.9461982065552,268.9461982065552,1
azure_cost,vm-scale-05,daily_cost,compute,eastus,usd,2026-07-31 00:00:00,199.13319082041477,129.8699187111979,262.0284341337247,7
azure_monitor,vm-scale-01,cpu_utilization,compute,centralus,percent,2026-07-31 00:00:00,66.23580619186026,40.03704334609853,83.42596834394061,6
azure_monitor,vm-scale-09,cpu_utilization,compute,centralus,percent,2026-07-31 00:00:00,47.371879299974886,16.357349602813464,81.79428216741275,7
azure_cost,vm-scale-08,daily_cost,compute,westeurope,usd,2026-07-31 00:00:00,64.90827635213246,64.90827635213246,64.90827635213246,1
datadog,vm-scale-02,request_rate,api,westeurope,rpm,2026-07-31 00:00:00,2065.817926442789,169.40074125564527,4250.839676337096,4
datadog,vm-scale-01,request_rate,api,centralus,rpm,2026-07-31 00:00:00,2679.581382116132,2168.271380376306,3039.261626806305,5
azure_cost,vm-scale-03,daily_cost,compute,eastus,usd,2026-07-31 00:00:00,195.347573898843,80.059103042506,237.39958782777884,4
azure_monitor,vm-scale-05,cpu_utilization,compute,centralus,percent,2026-07-31 00:00:00,28.87961226823107,28.87961226823107,28.87961226823107,1
azure_monitor,vm-scale-06,cpu_utilization,compute,westeurope,percent,2026-08-01 00:00:00,60.51712017430293,33.67794085636582,88.56740133790922,7
azure_monitor,vm-scale-02,cpu_utilization,compute,centralus,percent,2026-08-01 00:00:00,54.75039081345884,32.41122842412888,83.81715513419122,3
datadog,vm-scale-01,request_rate,api,westeurope,rpm,2026-08-01 00:00:00,1387.9366633166367,460.92907423197505,2803.866615220925,3
azure_cost,vm-scale-01,daily_cost,compute,eastus,usd,2026-08-02 00:00:00,109.66793221896364,69.38541400794709,172.7990941168935,4
azure_monitor,vm-scale-03,cpu_utilization,compute,westeurope,percent,2026-08-02 00:00:00,54.05355049510759,30.32950547357352,88.15245433877502,4
azure_cost,vm-scale-07,daily_cost,compute,eastus,usd,2026-08-03 00:00:00,182.7858710612277,78.57913003777445,264.989992037257,4
datadog,vm-scale-07,request_rate,api,eastus,rpm,2026-08-03 00:00:00,2089.5556873776827,980.0453579878389,3707.9750547475287,4
datadog,vm-scale-08,request_rate,api,eastus,rpm,2026-08-03 00:00:00,3936.935575015998,2236.517444224165,4932.330951399177,3
datadog,vm-scale-05,request_rate,api,centralus,rpm,2026-08-03 00:00:00,2783.0561582880255,1863.9221551014352,4280.107409158332,3
datadog,vm-scale-04,request_rate,api,westeurope,rpm,2026-08-03 00:00:00,2226.4923351159196,160.11478017359437,4544.565315202767,6
azure_monitor,vm-scale-02,cpu_utilization,compute,westeurope,percent,2026-08-03 00:00:00,74.25046170757406,59.379031697114954,89.12189171803318,2
datadog,vm-scale-03,request_rate,api,centralus,rpm,2026-08-04 00:00:00,3153.3458538247123,662.3728230239717,4508.540580996856,4
azure_cost,vm-scale-07,daily_cost,compute,westeurope,usd,2026-08-04 00:00:00,162.39929199250685,74.50672650663162,223.63852714170397,6
azure_monitor,vm-scale-01,cpu_utilization,compute,eastus,percent,2026-08-04 00:00:00,48.737466421412485,30.09865265472544,74.60993646008565,3
datadog,vm-scale-09,request_rate,api,westeurope,rpm,2026-08-04 00:00:00,4714.075657386893,4714.075657386893,4714.075657386893,1
datadog,vm-scale-06,request_rate,api,eastus,rpm,2026-08-04 00:00:00,130.1860664437223,130.1860664437223,130.1860664437223,1
datadog,vm-scale-03,request_rate,api,centralus,rpm,2026-08-05 00:00:00,2300.2176992092423,1436.8647525977622,3370.50837254404,3
azure_cost,vm-scale-07,daily_cost,compute,westeurope,usd,2026-08-05 00:00:00,106.32678390136405,54.462462871920465,158.19110493080765,2
azure_monitor,vm-scale-01,cpu_utilization,compute,eastus,percent,2026-08-05 00:00:00,60.53108014141503,49.49246530080071,78.71871075082167,3
datadog,vm-scale-06,request_rate,api,eastus,rpm,2026-08-05 00:00:00,3013.374286149717,3013.374286149717,3013.374286149717,1
datadog,vm-scale-09,request_rate,api,westeurope,rpm,2026-08-05 00:00:00,2514.2102601904407,1508.1874578140378,3520.2330625668433,2
datadog,vm-scale-09,request_rate,api,centralus,rpm,2026-08-06 00:00:00,2559.43012909003,1410.5267807503853,3708.333477429674,2
azure_cost,vm-scale-04,daily_cost,compute,westeurope,usd,2026-08-06 00:00:00,230.79481032420304,84.0512327458378,268.62621828811143,6
azure_cost,vm-scale-02,daily_cost,compute,centralus,usd,2026-08-06 00:00:00,133.57415079037037,48.89050606022971,225.08698293550228,4
azure_monitor,vm-scale-08,cpu_utilization,compute,centralus,percent,2026-08-06 00:00:00,56.77736733755746,56.77736733755746,56.77736733755746,1
azure_monitor,vm-scale-08,cpu_utilization,compute,westeurope,percent,2026-08-06 00:00:00,64.64685243346226,32.73465429880282,89.21305159415824,3
azure_monitor,vm-scale-03,cpu_utilization,compute,centralus,percent,2026-08-06 00:00:00,55.81987853729501,27.41861198253624,84.46951825464087,6
datadog,vm-scale-08,request_rate,api,centralus,rpm,2026-08-06 00:00:00,3472.4486127823607,2612.0579627068173,4161.800299487813,4
datadog,vm-scale-07,request_rate,api,eastus,rpm,2026-08-07 00:00:00,2690.245311210284,1007.3398062712888,4325.562731030403,4
datadog,vm-scale-05,request_rate,api,centralus,rpm,2026-08-07 00:00:00,3297.7396949984754,1895.7363424675727,4865.834492450077,8
datadog,vm-scale-04,request_rate,api,westeurope,rpm,2026-08-07 00:00:00,1795.0908781226997,203.20793096950518,3386.9738252758943,2
azure_cost,vm-scale-07,daily_cost,compute,eastus,usd,2026-08-07 00:00:00,148.11640446028449,74.46533719535581,271.3917262640082,3
azure_monitor,vm-scale-02,cpu_utilization,compute,westeurope,percent,2026-08-07 00:00:00,72.51079218564229,61.1633799002725,83.85820447101207,2
azure_monitor,vm-scale-03,cpu_utilization,compute,westeurope,percent,2026-08-08 00:00:00,51.582860296502076,48.21700815571185,54.9487124372923,2
azure_cost,vm-scale-01,daily_cost,compute,eastus,usd,2026-08-08 00:00:00,134.19693823648524,57.708993609554334,196.6411133979081,4
azure_monitor,vm-scale-03,cpu_utilization,compute,westeurope,percent,2026-08-09 00:00:00,51.72016291861885,33.22903525035039,67.8682260340289,3
azure_cost,vm-scale-01,daily_cost,compute,eastus,usd,2026-08-09 00:00:00,141.77468297396354,49.260393897949214,234.28897204997784,2
datadog,vm-scale-07,request_rate,api,eastus,rpm,2026-08-10 00:00:00,2835.850640980932,1733.338910942464,3938.3623710193997,2
datadog,vm-scale-04,request_rate,api,westeurope,rpm,2026-08-10 00:00:00,1894.3065820282156,1045.3764814617725,2743.2366825946588,2
azure_monitor,vm-scale-02,cpu_utilization,compute,westeurope,percent,2026-08-10 00:00:00,47.717174695506934,39.44406233991107,57.994264202536144,3
azure_cost,vm-scale-07,daily_cost,compute,eastus,usd,2026-08-10 00:00:00,119.02363541763384,54.91826505975665,192.89036834968945,5
datadog,vm-scale-08,request_rate,api,eastus,rpm,2026-08-10 00:00:00,921.6367119038628,754.5181692408117,1088.7552545669137,2
datadog,vm-scale-05,request_rate,api,centralus,rpm,2026-08-10 00:00:00,3759.1587813340125,3462.637400142768,4055.680162525257,2
azure_monitor,vm-scale-07,cpu_utilization,compute,westeurope,percent,2026-08-11 00:00:00,53.904517110060155,18.432654189250595,89.51138361532041,7
azure_cost,vm-scale-06,daily_cost,compute,westeurope,usd,2026-08-11 00:00:00,133.37516740950238,66.14694464585374,168.9425968714674,3
datadog,vm-scale-07,request_rate,api,centralus,rpm,2026-08-11 00:00:00,1855.575785344634,1775.9770262691611,1935.1745444201067,2
azure_monitor,vm-scale-02,cpu_utilization,compute,westeurope,percent,2026-08-12 00:00:00,57.883556122466274,27.129973995398757,87.12591196471462,9
datadog,vm-scale-04,request_rate,api,westeurope,rpm,2026-08-12 00:00:00,2594.3919915043075,1141.1267106352554,4983.058374871328,5
datadog,vm-scale-08,request_rate,api,eastus,rpm,2026-08-12 00:00:00,2757.3586876218683,1239.3794440063966,4985.330413390943,3
azure_cost,vm-scale-07,daily_cost,compute,eastus,usd,2026-08-12 00:00:00,93.79471432384196,57.68764173678949,142.6185043840006,5
datadog,vm-scale-05,request_rate,api,centralus,rpm,2026-08-12 00:00:00,3947.9740464691713,2602.7964621073224,4720.848679658538,4
datadog,vm-scale-07,request_rate,api,eastus,rpm,2026-08-12 00:00:00,4036.935642932456,3341.256103959833,4978.699061892797,3
azure_cost,vm-scale-06,daily_cost,compute,centralus,usd,2026-08-13 00:00:00,116.47095885687285,46.909629200320424,201.18496183748664,6
datadog,vm-scale-06,request_rate,api,westeurope,rpm,2026-08-13 00:00:00,1707.4477179119265,582.1143302632381,2575.0958031362807,3
datadog,vm-scale-06,request_rate,api,centralus,rpm,2026-08-13 00:00:00,2185.042886671769,781.0466223815529,4958.163593129137,6
datadog,vm-scale-02,request_rate,api,westeurope,rpm,2026-08-14 00:00:00,3533.7684608195627,2516.493398107347,4327.173239722222,3
azure_cost,vm-scale-08,daily_cost,compute,westeurope,usd,2026-08-14 00:00:00,145.23354825451156,51.623309652250526,249.44123998203088,4
azure_monitor,vm-scale-05,cpu_utilization,compute,centralus,percent,2026-08-14 00:00:00,44.2076766893916,15.046388958826219,79.9356604617274,3
azure_monitor,vm-scale-03,cpu_utilization,compute,eastus,percent,2026-08-14 00:00:00,60.729201620833855,29.831863343622413,74.87596230745226,4
azure_monitor,vm-scale-09,cpu_utilization,compute,centralus,percent,2026-08-14 00:00:00,31.13187254211109,31.13187254211109,31.13187254211109,1
azure_cost,vm-scale-05,daily_cost,compute,eastus,usd,2026-08-14 00:00:00,140.99252389222852,103.94318150671172,164.48418532159002,3
datadog,vm-scale-01,request_rate,api,eastus,rpm,2026-08-14 00:00:00,2957.3465150748375,2957.3465150748375,2957.3465150748375,1
datadog,vm-scale-02,request_rate,api,centralus,rpm,2026-08-14 00:00:00,3046.2136411111383,946.6446536157079,4705.25165802281,4
azure_cost,vm-scale-03,daily_cost,compute,eastus,usd,2026-08-14 00:00:00,128.6146489136516,58.19040616296636,174.8611574373357,3
azure_cost,vm-scale-09,daily_cost,compute,westeurope,usd,2026-08-14 00:00:00,163.39480316569376,163.39480316569376,163.39480316569376,1
datadog,vm-scale-01,request_rate,api,centralus,rpm,2026-08-14 00:00:00,3775.270094506868,3105.7731071694884,4302.212868613301,3
azure_monitor,vm-scale-01,cpu_utilization,compute,centralus,percent,2026-08-14 00:00:00,48.756331877411945,32.81850799074117,61.31295762011388,3
datadog,vm-scale-02,request_rate,api,westeurope,rpm,2026-08-15 00:00:00,1718.9427688290116,576.6099753050189,2377.2653778411673,3
azure_cost,vm-scale-09,daily_cost,compute,westeurope,usd,2026-08-15 00:00:00,148.75384919467456,65.66039150105277,255.50862222132116,4
azure_monitor,vm-scale-01,cpu_utilization,compute,centralus,percent,2026-08-15 00:00:00,51.95509641818585,17.479947441419935,69.50795769720516,4
azure_cost,vm-scale-03,daily_cost,compute,eastus,usd,2026-08-15 00:00:00,170.0658833903422,92.46387912209488,256.7208908984194,5
azure_monitor,vm-scale-09,cpu_utilization,compute,centralus,percent,2026-08-15 00:00:00,51.60523157129475,26.009138160828698,69.4326120511586,4
datadog,vm-scale-01,request_rate,api,eastus,rpm,2026-08-15 00:00:00,3762.458010891473,3140.6963332253004,4462.291225273476,4
azure_monitor,vm-scale-03,cpu_utilization,compute,eastus,percent,2026-08-15 00:00:00,73.86870727831773,64.9960121303056,89.86755121714111,6
azure_cost,vm-scale-05,daily_cost,compute,eastus,usd,2026-08-15 00:00:00,168.15596190281622,115.1444622797102,228.22062877140482,4
azure_cost,vm-scale-08,daily_cost,compute,westeurope,usd,2026-08-15 00:00:00,204.78822980531277,131.3667339890503,278.2097256215752,2
datadog,vm-scale-01,request_rate,api,centralus,rpm,2026-08-15 00:00:00,4769.707150787719,4579.299835472567,4960.114466102871,2
azure_monitor,vm-scale-05,cpu_utilization,compute,centralus,percent,2026-08-15 00:00:00,68.17196382469737,68.17196382469737,68.17196382469737,1
datadog,vm-scale-02,request_rate,api,centralus,rpm,2026-08-15 00:00:00,3122.0429240830135,2365.197001005379,3718.1072671428865,5
azure_cost,vm-scale-06,daily_cost,compute,westeurope,usd,2026-08-16 00:00:00,180.416485478571,143.687885502943,243.2619462556367,3
datadog,vm-scale-02,request_rate,api,eastus,rpm,2026-08-16 00:00:00,2215.190050078337,426.2793243167351,4265.0738015637735,3
azure_monitor,vm-scale-07,cpu_utilization,compute,westeurope,percent,2026-08-16 00:00:00,42.244842547054304,20.802679099847552,81.77473492254148,6
datadog,vm-scale-07,request_rate,api,centralus,rpm,2026-08-16 00:00:00,3307.8114756331875,2115.119787399183,4357.193952827558,5
datadog,vm-scale-09,request_rate,api,centralus,rpm,2026-08-17 00:00:00,2206.6263347526915,552.9249419307876,4901.332722914174,4
azure_cost,vm-scale-04,daily_cost,compute,westeurope,usd,2026-08-17 00:00:00,115.5874846485614,43.915276142100616,156.98340675098245,4
azure_monitor,vm-scale-03,cpu_utilization,compute,centralus,percent,2026-08-17 00:00:00,58.48063602348392,17.257291977749638,91.95091863927914,4
azure_cost,vm-scale-02,daily_cost,compute,centralus,usd,2026-08-17 00:00:00,156.19505919589687,76.64836157311683,277.36178615678085,5
datadog,vm-scale-08,request_rate,api,centralus,rpm,2026-08-17 00:00:00,2786.264832647013,613.6474490214096,4499.197762258659,5
azure_monitor,vm-scale-08,cpu_utilization,compute,centralus,percent,2026-08-17 00:00:00,33.5836575734341,27.92606573943936,38.80783375177032,3
azure_monitor,vm-scale-08,cpu_utilization,compute,westeurope,percent,2026-08-17 00:00:00,64.0068300352581,49.527929242821074,86.39422413831089,4
datadog,vm-scale-09,request_rate,api,centralus,rpm,2026-08-18 00:00:00,2547.3833746204905,741.240620489305,3859.732339579185,9
azure_cost,vm-scale-04,daily_cost,compute,westeurope,usd,2026-08-18 00:00:00,147.136376665604,58.23503590194085,227.04014930595147,3
azure_monitor,vm-scale-08,cpu_utilization,compute,centralus,percent,2026-08-18 00:00:00,59.4052012806118,27.294290757251687,86.61091651939552,3
azure_cost,vm-scale-02,daily_cost,compute,centralus,usd,2026-08-18 00:00:00,159.03456933511927,69.88965366370155,244.9609375480262,3
azure_monitor,vm-scale-03,cpu_utilization,compute,centralus,percent,2026-08-18 00:00:00,58.43562942816521,40.01750170294207,81.4551216154708,6
azure_monitor,vm-scale-08,cpu_utilization,compute,westeurope,percent,2026-08-18 00:00:00,70.79248752164813,51.54880931493475,90.0361657283615,2
datadog,vm-scale-08,request_rate,api,centralus,rpm,2026-08-18 00:00:00,3071.813985718398,1683.9702868979614,4801.500145296098,6
azure_monitor,vm-scale-05,cpu_utilization,compute,eastus,percent,2026-08-19 00:00:00,49.165331820794506,29.180362026587595,71.218824595039,4
azure_monitor,vm-scale-08,cpu_utilization,compute,eastus,percent,2026-08-19 00:00:00,40.15476496383567,15.131599636769197,66.62398762446233,6
azure_monitor,vm-scale-01,cpu_utilization,compute,westeurope,percent,2026-08-19 00:00:00,59.307784319298236,53.46344370967585,65.15212492892061,2
datadog,vm-scale-06,request_rate,api,westeurope,rpm,2026-08-20 00:00:00,1217.7259403660453,185.30566916835272,3069.2647866069715,3
datadog,vm-scale-06,request_rate,api,centralus,rpm,2026-08-20 00:00:00,2306.2906211764616,155.94883816856037,3914.7726995274465,5
azure_cost,vm-scale-06,daily_cost,compute,centralus,usd,2026-08-20 00:00:00,139.65181582384847,50.595248727632566,227.81444953361648,6
datadog,vm-scale-09,request_rate,api,eastus,rpm,2026-08-21 00:00:00,427.33912035411004,398.8372061347527,455.84103457346737,2
azure_monitor,vm-scale-07,cpu_utilization,compute,eastus,percent,2026-08-21 00:00:00,46.584130280932236,17.954627413530705,88.42314767477654,4
datadog,vm-scale-05,request_rate,api,westeurope,rpm,2026-08-21 00:00:00,2573.059165484092,116.20684509661325,4899.580526400268,5
azure_cost,vm-scale-08,daily_cost,compute,centralus,usd,2026-08-21 00:00:00,100.77786239006068,88.37250251164153,113.18322226847981,2
azure_cost,vm-scale-01,daily_cost,compute,westeurope,usd,2026-08-22 00:00:00,123.33704500019182,61.23955767104753,229.7303415355785,4
azure_cost,vm-scale-04,daily_cost,compute,centralus,usd,2026-08-22 00:00:00,108.24937065557359,51.55824395344733,164.94049735769983,2
azure_cost,vm-scale-05,daily_cost,compute,westeurope,usd,2026-08-22 00:00:00,260.46909508366815,260.46909508366815,260.46909508366815,1
datadog,vm-scale-03,request_rate,api,centralus,rpm,2026-08-23 00:00:00,2708.379504928509,629.4969672499154,4332.797713821974,5
datadog,vm-scale-06,request_rate,api,eastus,rpm,2026-08-23 00:00:00,2879.822317857294,408.3577940452857,4663.458407407108,6
datadog,vm-scale-09,request_rate,api,westeurope,rpm,2026-08-23 00:00:00,2397.6879395261994,569.5225758418732,3950.5455017453373,5
azure_cost,vm-scale-07,daily_cost,compute,westeurope,usd,2026-08-23 00:00:00,141.34080266206234,78.82875877970034,203.85284654442435,2
azure_monitor,vm-scale-01,cpu_utilization,compute,eastus,percent,2026-08-23 00:00:00,58.01163039617655,54.85083853319584,61.17242225915726,2
azure_cost,vm-scale-04,daily_cost,compute,centralus,usd,2026-08-24 00:00:00,101.27650625013963,68.78600068815169,133.76701181212758,2
azure_cost,vm-scale-01,daily_cost,compute,westeurope,usd,2026-08-24 00:00:00,176.82619446203006,95.85302758843426,245.5106231829397,4
azure_cost,vm-scale-05,daily_cost,compute,westeurope,usd,2026-08-24 00:00:00,137.56048628435872,63.41061283157564,257.20676213713443,4
azure_monitor,vm-scale-07,cpu_utilization,compute,centralus,percent,2026-08-25 00:00:00,55.8135098050869,33.2772442746037,79.96420981191962,4
azure_monitor,vm-scale-09,cpu_utilization,compute,eastus,percent,2026-08-25 00:00:00,70.78076990793011,23.34024179067696,90.94062687045452,4
datadog,vm-scale-08,request_rate,api,westeurope,rpm,2026-08-26 00:00:00,3462.18149815535,2063.191896502636,4845.0130048696865,5
datadog,vm-scale-03,request_rate,api,westeurope,rpm,2026-08-26 00:00:00,2794.8575793500154,1512.103545503741,4539.87426988055,5
azure_monitor,vm-scale-04,cpu_utilization,compute,eastus,percent,2026-08-26 00:00:00,53.08014766941654,15.873348584801088,90.28694675403199,2
azure_monitor,vm-scale-06,cpu_utilization,compute,centralus,percent,2026-08-26 00:00:00,45.763130080153545,33.84297112022409,60.1109376028802,5
azure_cost,vm-scale-08,daily_cost,compute,eastus,usd,2026-08-26 00:00:00,124.60586882320597,54.59353440093862,221.65295207938766,4
azure_monitor,vm-scale-04,cpu_utilization,compute,centralus,percent,2026-08-27 00:00:00,46.15757051466194,33.8963839540349,74.06492309376443,5
datadog,vm-scale-05,request_rate,api,eastus,rpm,2026-08-27 00:00:00,3080.843710392898,2417.5400419003886,3962.3218368927946,5
azure_cost,vm-scale-02,daily_cost,compute,westeurope,usd,2026-08-27 00:00:00,196.2709238230921,139.49921964403381,253.04262800215037,2
datadog,vm-scale-03,request_rate,api,eastus,rpm,2026-08-27 00:00:00,3051.789993112465,1218.1427941094612,4361.513310200607,4
azure_cost,vm-scale-09,daily_cost,compute,eastus,usd,2026-08-27 00:00:00,153.39193977448076,53.38328301823252,225.23478442971043,6
datadog,vm-scale-04,request_rate,api,eastus,rpm,2026-08-27 00:00:00,1065.8051661150976,584.5705997542491,1547.0397324759458,2
datadog,vm-scale-04,request_rate,api,centralus,rpm,2026-08-27 00:00:00,3133.472623176466,1748.1111017509193,4315.3316532212475,4
azure_cost,vm-scale-09,daily_cost,compute,centralus,usd,2026-08-27 00:00:00,197.5383114689779,161.66281078742725,235.02122879863327,3
azure_monitor,vm-scale-05,cpu_utilization,compute,westeurope,percent,2026-08-27 00:00:00,15.123598507055007,15.123598507055007,15.123598507055007,1
datadog,vm-scale-03,request_rate,api,westeurope,rpm,2026-08-28 00:00:00,2241.3329387368126,447.38454809355994,3826.9157654644196,5
datadog,vm-scale-08,request_rate,api,westeurope,rpm,2026-08-28 00:00:00,2069.780075092219,992.3458915683512,2870.4908088487114,4
azure_monitor,vm-scale-04,cpu_utilization,compute,eastus,percent,2026-08-28 00:00:00,47.26503622787217,25.448501732596526,73.03497110147347,8
azure_monitor,vm-scale-06,cpu_utilization,compute,centralus,percent,2026-08-28 00:00:00,48.26885707476864,26.13165880011092,90.15593361579907,5
azure_cost,vm-scale-08,daily_cost,compute,eastus,usd,2026-08-28 00:00:00,175.28277085077798,42.412528360961545,268.42589304949007,8
azure_monitor,vm-scale-03,cpu_utilization,compute,centralus,percent,2026-08-29 00:00:00,46.266060753735225,18.961335795752817,79.27637107206063,5
azure_monitor,vm-scale-08,cpu_utilization,compute,westeurope,percent,2026-08-29 00:00:00,49.575958748401675,15.357421669275993,89.9632888390242,4
azure_cost,vm-scale-02,daily_cost,compute,centralus,usd,2026-08-29 00:00:00,65.10628077012791,54.620147194980674,75.59241434527516,2
datadog,vm-scale-08,request_rate,api,centralus,rpm,2026-08-29 00:00:00,2224.2136970005517,666.4060764611725,4485.175043593283,8
azure_cost,vm-scale-04,daily_cost,compute,westeurope,usd,2026-08-29 00:00:00,109.9865334221821,60.947550834749336,173.9513460929771,4
azure_monitor,vm-scale-08,cpu_utilization,compute,centralus,percent,2026-08-29 00:00:00,74.41382405929082,74.41382405929082,74.41382405929082,1
datadog,vm-scale-09,request_rate,api,centralus,rpm,2026-08-29 00:00:00,2160.322655433506,1645.0330244126978,2675.612286454314,2
azure_monitor,vm-scale-09,cpu_utilization,compute,centralus,percent,2026-08-30 00:00:00,54.085563924949454,16.646326580691127,90.24589639726574,7
azure_monitor,vm-scale-01,cpu_utilization,compute,centralus,percent,2026-08-30 00:00:00,51.93831101744242,31.74826304924024,90.039705502453,3
azure_cost,vm-scale-09,daily_cost,compute,westeurope,usd,2026-08-30 00:00:00,265.10295372186494,265.10295372186494,265.10295372186494,1
datadog,vm-scale-02,request_rate,api,westeurope,rpm,2026-08-30 00:00:00,3080.5972155309896,1462.2772271426004,4072.5445955733653,5
azure_cost,vm-scale-05,daily_cost,compute,eastus,usd,2026-08-30 00:00:00,158.41726228852366,41.94864425692781,232.17302822094686,6
azure_cost,vm-scale-03,daily_cost,compute,eastus,usd,2026-08-30 00:00:00,153.30309095269115,68.25855113009257,198.19130875985545,3
azure_cost,vm-scale-08,daily_cost,compute,westeurope,usd,2026-08-30 00:00:00,124.70208087036701,50.95061460870828,262.6057981993544,3
azure_monitor,vm-scale-03,cpu_utilization,compute,eastus,percent,2026-08-30 00:00:00,60.06392788563383,29.979417330631037,77.68565520226912,3
azure_monitor,vm-scale-05,cpu_utilization,compute,centralus,percent,2026-08-30 00:00:00,42.654712549756766,29.553790199107553,62.101254370197495,3
datadog,vm-scale-01,request_rate,api,eastus,rpm,2026-08-30 00:00:00,1335.9970214150826,825.7487708983373,1846.2452719318278,2
datadog,vm-scale-01,request_rate,api,centralus,rpm,2026-08-30 00:00:00,2759.18596231029,1484.1676492188997,4343.618624746978,6
datadog,vm-scale-02,request_rate,api,centralus,rpm,2026-08-30 00:00:00,3249.292382120852,2460.045388809487,4038.5393754322167,2
azure_cost,vm-scale-07,daily_cost,compute,westeurope,usd,2026-08-31 00:00:00,195.48197749672693,125.26351902840037,234.02015564711033,3
azure_monitor,vm-scale-01,cpu_utilization,compute,eastus,percent,2026-08-31 00:00:00,53.68204144369674,24.700336646536954,82.63070281590997,3
datadog,vm-scale-09,request_rate,api,westeurope,rpm,2026-08-31 00:00:00,3489.5001840467107,600.4136685276364,4657.334631137847,4
azure_cost,vm-scale-05,daily_cost,compute,westeurope,usd,2026-09-01 00:00:00,166.11302095062578,125.03858316492386,212.0649430938428,3
azure_cost,vm-scale-04,daily_cost,compute,centralus,usd,2026-09-01 00:00:00,140.12512601923797,59.97249905290387,226.4966333438894,3
azure_cost,vm-scale-01,daily_cost,compute,westeurope,usd,2026-09-01 00:00:00,117.00626858167118,64.85551833387973,165.4909030090644,5
azure_cost,vm-scale-01,daily_cost,compute,westeurope,usd,2026-09-02 00:00:00,156.59283634174406,113.55119158719685,205.8144615542835,3
azure_cost,vm-scale-04,daily_cost,compute,centralus,usd,2026-09-02 00:00:00,96.02666375306413,96.02666375306413,96.02666375306413,1
azure_cost,vm-scale-05,daily_cost,compute,westeurope,usd,2026-09-02 00:00:00,132.0206600129791,132.0206600129791,132.0206600129791,1
azure_monitor,vm-scale-09,cpu_utilization,compute,eastus,percent,2026-09-03 00:00:00,57.12089914011119,19.00400539347223,91.59975904179966,3
azure_monitor,vm-scale-07,cpu_utilization,compute,centralus,percent,2026-09-03 00:00:00,59.25293981602045,43.78767644002724,84.59936468397949,4
azure_cost,vm-scale-04,daily_cost,compute,westeurope,usd,2026-09-04 00:00:00,147.40722320642436,61.97005756961992,238.00536526215026,4
azure_monitor,vm-scale-08,cpu_utilization,compute,centralus,percent,2026-09-04 00:00:00,62.961599617071755,46.35263097751009,77.26875211848066,4
datadog,vm-scale-09,request_rate,api,centralus,rpm,2026-09-04 00:00:00,2948.3406784504814,891.0385524995675,4582.795993768875,4
datadog,vm-scale-08,request_rate,api,centralus,rpm,2026-09-04 00:00:00,2352.4702831364643,1927.711469220086,3149.5844314397004,3
azure_monitor,vm-scale-03,cpu_utilization,compute,centralus,percent,2026-09-04 00:00:00,63.16255774169814,44.324451569192746,82.00066391420353,2
azure_monitor,vm-prod-02,memory_utilization,compute,centralus,percent,2026-07-13 00:00:00,60.16985049887964,59.224920322490384,60.99581415901611,27
datadog,svc-api-gateway,error_rate,api,eastus2,percent,2026-07-13 00:00:00,0.4836389024922689,0.30128799824155883,0.694174085338627,27
azure_monitor,vm-prod-01,cpu_utilization,compute,centralus,percent,2026-07-11 00:00:00,45.22674916456193,40.015427745080935,64.2,296
azure_monitor,vm-prod-02,memory_utilization,compute,centralus,percent,2026-06-12 00:00:00,60.01880410413593,59.01802332032305,60.99401397614815,174
datadog,svc-api-gateway,error_rate,api,eastus2,percent,2026-06-12 00:00:00,0.5089177559583458,0.3067855523524729,0.6975253606058108,174
azure_monitor,vm-dev-01,memory_utilization,development,centralus,percent,2026-06-13 00:00:00,11.980884382751045,11.002555045572237,12.985381979702106,261
azure_monitor,vm-prod-02,cpu_utilization,compute,centralus,percent,2026-06-13 00:00:00,36.62225440467473,33.3475693585866,39.10005814976613,261
azure_monitor,vm-dev-01,memory_utilization,development,centralus,percent,2026-06-14 00:00:00,12.04722570727685,11.010959456500068,12.984644743399247,264
azure_monitor,vm-prod-02,cpu_utilization,compute,centralus,percent,2026-06-14 00:00:00,38.2262394023855,34.90700807520271,40.91638532951761,264
azure_monitor,vm-prod-02,memory_utilization,compute,centralus,percent,2026-06-16 00:00:00,60.01312100081607,59.000916379281826,60.99650054676533,264
datadog,svc-api-gateway,error_rate,api,eastus2,percent,2026-06-16 00:00:00,0.5006499032841862,0.3013812804781687,0.6983373690460033,264
azure_monitor,vm-prod-01,cpu_utilization,compute,centralus,percent,2026-06-18 00:00:00,45.09311101050367,40.02322979769867,49.99447620518526,264
azure_monitor,vm-dev-01,cpu_utilization,development,centralus,percent,2026-06-19 00:00:00,8.060058471227128,6.018276181725108,9.993457459903997,264
azure_monitor,vm-dev-01,memory_utilization,development,centralus,percent,2026-06-20 00:00:00,12.021250783989531,11.03147865638404,12.999430794622748,264
azure_monitor,vm-prod-02,cpu_utilization,compute,centralus,percent,2026-06-20 00:00:00,47.05830483108435,43.72330018323019,49.62661560296928,264
datadog,svc-api-gateway,request_rate,api,eastus2,rpm,2026-06-23 00:00:00,1200.403989541693,1100.0476655390892,1299.9294603276521,264
azure_monitor,vm-prod-02,memory_utilization,compute,centralus,percent,2026-06-25 00:00:00,60.02126236836931,59.00225572916174,60.993313092080996,264
datadog,svc-api-gateway,error_rate,api,eastus2,percent,2026-06-25 00:00:00,0.49029856691141394,0.30020166420042693,0.6971348535798764,264
azure_monitor,vm-prod-01,memory_utilization,compute,centralus,percent,2026-06-27 00:00:00,55.06138129623041,53.01095727401906,56.99983096521359,264
datadog,svc-api-gateway,request_rate,api,eastus2,rpm,2026-06-29 00:00:00,1201.9496215183744,1100.5067050042585,1299.0459442714596,264
azure_monitor,vm-prod-01,cpu_utilization,compute,centralus,percent,2026-07-01 00:00:00,45.04555452614403,40.004373544495714,49.99287063679241,264
azure_monitor,vm-prod-01,memory_utilization,compute,centralus,percent,2026-07-04 00:00:00,55.11063322726948,53.00071577446313,56.99455926728194,264
azure_monitor,vm-prod-02,memory_utilization,compute,centralus,percent,2026-07-05 00:00:00,59.979191142154335,59.00234411998523,60.997321424272286,264
datadog,svc-api-gateway,error_rate,api,eastus2,percent,2026-07-05 00:00:00,0.4881676594936533,0.3004528005383431,0.6985691990439251,264
azure_cost,svc-api-gateway,daily_cost,api,eastus2,usd,2026-06-13 00:00:00,49.70038683476769,48.020101831735,51.256435902173486,11
azure_cost,svc-api-gateway,daily_cost,api,eastus2,usd,2026-06-14 00:00:00,50.59924418313437,49.606235240421725,51.84784273704908,11
azure_cost,vm-prod-01,daily_cost,compute,centralus,usd,2026-06-19 00:00:00,98.39456141462757,95.67749562388654,103.54977879018473,11
azure_cost,svc-api-gateway,daily_cost,api,eastus2,usd,2026-06-20 00:00:00,49.396177241791776,48.06479404325584,50.28680622612456,11
azure_cost,vm-dev-01,daily_cost,development,centralus,usd,2026-06-22 00:00:00,9.94651143548041,9.305468554495597,10.542753641590993,11
azure_cost,vm-prod-02,daily_cost,compute,centralus,usd,2026-07-07 00:00:00,149.08394718261187,142.44743135751708,157.12822684706816,12
azure_cost,vm-dev-01,daily_cost,development,centralus,usd,2026-07-08 00:00:00,10.191548455097239,9.065578306124772,10.99828903016966,12
azure_cost,vm-prod-02,daily_cost,compute,centralus,usd,2026-07-10 00:00:00,150.08281806600635,143.0228760228688,156.48713581141342,12
azure_monitor,vm-prod-01,memory_utilization,compute,centralus,percent,2026-07-23 00:00:00,55.07513139432218,53.114804081215865,56.937113026163125,24
azure_monitor,vm-prod-02,memory_utilization,compute,centralus,percent,2026-07-24 00:00:00,59.98603909392486,59.03681516720345,60.98699021362498,24
datadog,svc-api-gateway,error_rate,api,eastus2,percent,2026-07-24 00:00:00,0.4927413656507092,0.30044930006826487,0.687301560936738,24
azure_monitor,vm-dev-01,memory_utilization,development,centralus,percent,2026-07-25 00:00:00,11.788900609387952,11.031346559553569,12.894814221814075,24
azure_monitor,vm-prod-02,cpu_utilization,compute,centralus,percent,2026-07-25 00:00:00,62.28365483287456,59.91968278813405,64.74553825261593,24
azure_monitor,vm-dev-01,memory_utilization,development,centralus,percent,2026-07-29 00:00:00,11.971412262758136,11.066205751007068,12.957712408034379,24
azure_monitor,vm-prod-02,cpu_utilization,compute,centralus,percent,2026-07-29 00:00:00,68.63679175721677,65.94409072379382,70.25756710015499,24
azure_monitor,vm-dev-01,memory_utilization,development,centralus,percent,2026-08-04 00:00:00,12.176509197549379,11.198573031153142,12.994762829878374,24
azure_monitor,vm-prod-02,cpu_utilization,compute,centralus,percent,2026-08-04 00:00:00,77.94811809449435,75.60963162841215,79.53458582641476,24
azure_monitor,vm-dev-01,memory_utilization,development,centralus,percent,2026-08-05 00:00:00,11.879478521882364,11.057282627642518,12.993716343331235,24
azure_monitor,vm-prod-02,cpu_utilization,compute,centralus,percent,2026-08-05 00:00:00,78.98435895465228,76.44033616615172,81.194070280688,24
datadog,svc-api-gateway,request_rate,api,eastus2,rpm,2026-08-06 00:00:00,1158.9824644798807,1104.1021923597873,1234.4620775959145,5
azure_cost,vm-prod-02,daily_cost,compute,centralus,usd,2026-07-14 00:00:00,149.42380190896813,149.42380190896813,149.42380190896813,1
azure_cost,vm-dev-01,daily_cost,development,centralus,usd,2026-07-22 00:00:00,9.42673560598053,9.42673560598053,9.42673560598053,1
azure_cost,svc-api-gateway,daily_cost,api,eastus2,usd,2026-07-25 00:00:00,50.81164181812446,50.81164181812446,50.81164181812446,1
azure_cost,svc-api-gateway,daily_cost,api,eastus2,usd,2026-07-29 00:00:00,48.39435081971525,48.39435081971525,48.39435081971525,1
azure_cost,vm-dev-01,daily_cost,development,centralus,usd,2026-07-31 00:00:00,9.167127936372413,9.167127936372413,9.167127936372413,1
azure_cost,vm-prod-02,daily_cost,compute,centralus,usd,2026-08-01 00:00:00,144.28087662500315,144.28087662500315,144.28087662500315,1
azure_cost,svc-api-gateway,daily_cost,api,eastus2,usd,2026-08-04 00:00:00,50.14341704669663,50.14341704669663,50.14341704669663,1
azure_cost,svc-api-gateway,daily_cost,api,eastus2,usd,2026-08-05 00:00:00,51.45599222764424,51.45599222764424,51.45599222764424,1
datadog,vm-scale-03,request_rate,api,westeurope,rpm,2026-07-30 00:00:00,1752.8152341615437,332.21975896336454,4927.385716852398,4
azure_cost,vm-scale-08,daily_cost,compute,eastus,usd,2026-07-30 00:00:00,115.66361971530989,115.66361971530989,115.66361971530989,1
azure_monitor,vm-scale-06,cpu_utilization,compute,centralus,percent,2026-07-30 00:00:00,15.956046492259258,15.956046492259258,15.956046492259258,1
datadog,vm-scale-08,request_rate,api,westeurope,rpm,2026-07-30 00:00:00,2659.152676010479,2245.4104907296187,3072.8948612913396,2
azure_cost,vm-scale-05,daily_cost,compute,westeurope,usd,2026-07-31 00:00:00,101.5472806212608,43.62971621851807,171.1777344705588,5
azure_cost,vm-scale-04,daily_cost,compute,centralus,usd,2026-07-31 00:00:00,95.1996668610079,95.1996668610079,95.1996668610079,1
azure_cost,vm-scale-01,daily_cost,compute,westeurope,usd,2026-07-31 00:00:00,258.6824588435618,258.5053794251503,258.8595382619733,2
datadog,vm-scale-05,request_rate,api,westeurope,rpm,2026-08-01 00:00:00,3086.283847579702,350.4860648983487,4927.416511366779,6
datadog,vm-scale-09,request_rate,api,eastus,rpm,2026-08-01 00:00:00,2015.6522690117943,234.76374222248947,4254.476187334222,7
azure_monitor,vm-scale-07,cpu_utilization,compute,eastus,percent,2026-08-01 00:00:00,40.8296278911242,27.376274379953088,52.27819786281424,4
azure_cost,vm-scale-08,daily_cost,compute,centralus,usd,2026-08-01 00:00:00,145.945415071141,72.9513369876335,245.2959695229049,5
azure_monitor,vm-scale-06,cpu_utilization,compute,centralus,percent,2026-08-02 00:00:00,51.648248139199545,24.627062291404382,80.63788109742475,6
azure_cost,vm-scale-08,daily_cost,compute,eastus,usd,2026-08-02 00:00:00,213.36919717948587,176.19552799064365,250.54286636832808,2
azure_monitor,vm-scale-04,cpu_utilization,compute,eastus,percent,2026-08-02 00:00:00,59.83484166345992,34.8214124864364,83.43107763563279,4
datadog,vm-scale-08,request_rate,api,westeurope,rpm,2026-08-02 00:00:00,2020.9540640368969,135.0167539596178,4038.01376813551,4
datadog,vm-scale-03,request_rate,api,westeurope,rpm,2026-08-02 00:00:00,1478.5635547666056,689.5875638947556,1877.7772140022616,5
azure_monitor,vm-scale-09,cpu_utilization,compute,westeurope,percent,2026-08-03 00:00:00,46.57706475703291,24.368911204282323,88.93825387257468,3
azure_cost,vm-scale-04,daily_cost,compute,eastus,usd,2026-08-03 00:00:00,150.71520763936533,83.94441928665826,217.48599599207242,2
azure_monitor,vm-scale-02,cpu_utilization,compute,eastus,percent,2026-08-03 00:00:00,59.21960495296457,22.561845400472723,86.17790002375541,5
azure_cost,vm-scale-02,daily_cost,compute,westeurope,usd,2026-08-04 00:00:00,113.9465898031684,50.10686003976431,240.11860873597277,4
datadog,vm-scale-04,request_rate,api,centralus,rpm,2026-08-04 00:00:00,1190.9842130677393,816.4598094842512,1565.5086166512274,2
azure_monitor,vm-scale-04,cpu_utilization,compute,centralus,percent,2026-08-04 00:00:00,59.54178826494175,20.366527810577168,83.1950547933148,5
datadog,vm-scale-04,request_rate,api,eastus,rpm,2026-08-04 00:00:00,2805.4735766147314,919.4065642792557,4089.3225269943846,5
azure_monitor,vm-scale-05,cpu_utilization,compute,westeurope,percent,2026-08-04 00:00:00,52.402616532717104,31.86962572239594,84.84569971355582,3
azure_cost,vm-scale-09,daily_cost,compute,eastus,usd,2026-08-04 00:00:00,252.78751758372297,226.9768680040127,273.07169438056746,3
datadog,vm-scale-05,request_rate,api,eastus,rpm,2026-08-04 00:00:00,3543.5909316052835,2486.742849500603,4468.58208969515,4
datadog,vm-scale-03,request_rate,api,eastus,rpm,2026-08-04 00:00:00,3407.4448544549346,2561.377422282421,4212.2917740477305,4
azure_cost,vm-scale-09,daily_cost,compute,centralus,usd,2026-08-04 00:00:00,191.697895071908,128.34831273504815,240.26420165967772,5
datadog,vm-scale-05,request_rate,api,eastus,rpm,2026-08-05 00:00:00,2478.414455390248,966.032011823935,3975.0421087839995,4
azure_cost,vm-scale-09,daily_cost,compute,centralus,usd,2026-08-05 00:00:00,146.4296973437155,40.697250971572736,212.42452498896716,6
datadog,vm-scale-04,request_rate,api,centralus,rpm,2026-08-05 00:00:00,1469.8875755242068,862.5946163314197,2058.09579917673,3
datadog,vm-scale-04,request_rate,api,eastus,rpm,2026-08-05 00:00:00,2422.529736546227,1769.4018917510507,2980.9457769250894,3
azure_cost,vm-scale-09,daily_cost,compute,eastus,usd,2026-08-05 00:00:00,136.56488352661572,101.4432857636532,178.95555723570195,5
azure_cost,vm-scale-02,daily_cost,compute,westeurope,usd,2026-08-05 00:00:00,87.72854614714747,87.72854614714747,87.72854614714747,1
azure_monitor,vm-scale-04,cpu_utilization,compute,centralus,percent,2026-08-05 00:00:00,40.04579357121105,32.875218529013125,47.21636861340897,2
datadog,vm-scale-03,request_rate,api,eastus,rpm,2026-08-05 00:00:00,3340.100942520292,2307.039531886065,4373.162353154519,2
azure_monitor,vm-scale-05,cpu_utilization,compute,westeurope,percent,2026-08-05 00:00:00,54.2639104451639,38.780920409719144,71.6534265545584,4
azure_monitor,vm-scale-08,cpu_utilization,compute,eastus,percent,2026-08-06 00:00:00,50.30483164548487,16.24346377489219,81.40768308332783,8
azure_monitor,vm-scale-05,cpu_utilization,compute,eastus,percent,2026-08-06 00:00:00,21.13716092599284,16.689749478200824,24.82442929243786,3
azure_monitor,vm-scale-01,cpu_utilization,compute,westeurope,percent,2026-08-06 00:00:00,60.669794235065375,56.28437344676611,65.05521502336464,2
azure_monitor,vm-scale-02,cpu_utilization,compute,eastus,percent,2026-08-07 00:00:00,53.60137898942373,43.93897778506314,61.572477101564104,4
azure_cost,vm-scale-04,daily_cost,compute,eastus,usd,2026-08-07 00:00:00,152.8392649958264,59.4185141114322,257.810261834021,6
azure_monitor,vm-scale-09,cpu_utilization,compute,westeurope,percent,2026-08-07 00:00:00,19.03312783622174,19.03312783622174,19.03312783622174,1
datadog,vm-scale-03,request_rate,api,westeurope,rpm,2026-08-08 00:00:00,2738.278466292366,1428.5057687256917,4744.337980453149,5
datadog,vm-scale-08,request_rate,api,westeurope,rpm,2026-08-08 00:00:00,2693.3395463795796,1688.086826220556,4025.9192555569784,4
azure_cost,vm-scale-08,daily_cost,compute,eastus,usd,2026-08-08 00:00:00,147.7393514747077,45.238773594489395,244.15167381923,5
azure_monitor,vm-scale-04,cpu_utilization,compute,eastus,percent,2026-08-08 00:00:00,80.02845803317268,79.2894243510934,80.76749171525196,2
azure_monitor,vm-scale-06,cpu_utilization,compute,centralus,percent,2026-08-08 00:00:00,56.1594264474883,41.08929138501296,71.22956150996364,2
datadog,vm-scale-03,request_rate,api,westeurope,rpm,2026-08-09 00:00:00,1661.0905429753232,232.27866888843198,3015.576360992454,4
azure_monitor,vm-scale-04,cpu_utilization,compute,eastus,percent,2026-08-09 00:00:00,70.45995586225013,56.6832211317265,87.63976986488422,4
azure_cost,vm-scale-08,daily_cost,compute,eastus,usd,2026-08-09 00:00:00,199.74640068461042,181.34009722099626,218.1527041482246,2
datadog,vm-scale-08,request_rate,api,westeurope,rpm,2026-08-09 00:00:00,2970.6834756624326,1344.3098360656493,4597.057115259216,2
azure_monitor,vm-scale-06,cpu_utilization,compute,centralus,percent,2026-08-09 00:00:00,78.00668197731198,78.00668197731198,78.00668197731198,1
azure_monitor,vm-scale-02,cpu_utilization,compute,eastus,percent,2026-08-10 00:00:00,40.50145097556799,15.878617478610165,80.03756491288308,3
azure_cost,vm-scale-04,daily_cost,compute,eastus,usd,2026-08-10 00:00:00,164.23417734243944,58.68645454012099,260.56964678083295,6
azure_monitor,vm-scale-09,cpu_utilization,compute,westeurope,percent,2026-08-10 00:00:00,60.53608270673298,33.97560932335982,87.09655609010613,2
datadog,vm-scale-06,request_rate,api,westeurope,rpm,2026-08-11 00:00:00,1480.2168163066945,301.426816125285,2380.3181468715825,4
datadog,vm-scale-06,request_rate,api,centralus,rpm,2026-08-11 00:00:00,2815.819700968099,218.65679348960938,4924.746076377251,8
azure_cost,vm-scale-06,daily_cost,compute,centralus,usd,2026-08-11 00:00:00,125.5315081712591,83.74251015223733,167.32050619028087,2
azure_cost,vm-scale-04,daily_cost,compute,eastus,usd,2026-08-12 00:00:00,135.78006162262335,52.7318080830979,259.32304696006497,3
azure_monitor,vm-scale-09,cpu_utilization,compute,westeurope,percent,2026-08-12 00:00:00,66.36417397677165,44.926513243177816,91.6877842371373,3
azure_monitor,vm-scale-02,cpu_utilization,compute,eastus,percent,2026-08-12 00:00:00,48.9021726534709,15.096273908056691,72.8671055357457,3
datadog,vm-scale-02,request_rate,api,eastus,rpm,2026-08-13 00:00:00,1423.6438757055585,238.3319005318828,3493.7585552536407,4
azure_monitor,vm-scale-07,cpu_utilization,compute,westeurope,percent,2026-08-13 00:00:00,54.18465536094671,45.98562363640282,71.55332515457125,4
azure_cost,vm-scale-06,daily_cost,compute,westeurope,usd,2026-08-13 00:00:00,244.36686295136138,218.40198231582278,270.3317435869,2
datadog,vm-scale-07,request_rate,api,centralus,rpm,2026-08-13 00:00:00,4194.088068354778,3389.588555114167,4939.992323351446,5
azure_cost,vm-scale-04,daily_cost,compute,centralus,usd,2026-08-14 00:00:00,148.4002758025649,70.50324889296066,229.89040275847933,5
azure_cost,vm-scale-05,daily_cost,compute,westeurope,usd,2026-08-14 00:00:00,149.15686313335047,76.9221781706704,219.28801595099756,4
azure_cost,vm-scale-01,daily_cost,compute,westeurope,usd,2026-08-14 00:00:00,183.99910008453662,140.14737535138892,227.8508248176843,2
azure_cost,vm-scale-01,daily_cost,compute,westeurope,usd,2026-08-15 00:00:00,178.09125373744817,89.88236791342842,261.07553514575216,7
azure_cost,vm-scale-05,daily_cost,compute,westeurope,usd,2026-08-15 00:00:00,101.09067198721914,59.61643439421998,165.63692217459976,3
azure_cost,vm-scale-04,daily_cost,compute,centralus,usd,2026-08-15 00:00:00,116.96747886626319,43.09216485923491,204.33093675226561,5
azure_cost,vm-scale-06,daily_cost,compute,centralus,usd,2026-08-16 00:00:00,142.94063816712892,66.65025499905084,192.48882250830863,3
datadog,vm-scale-06,request_rate,api,centralus,rpm,2026-08-16 00:00:00,2294.271729021943,2294.271729021943,2294.271729021943,1
datadog,vm-scale-06,request_rate,api,westeurope,rpm,2026-08-16 00:00:00,1721.8747240193259,485.9365575226369,3302.1127421430133,6
azure_monitor,vm-scale-01,cpu_utilization,compute,westeurope,percent,2026-08-17 00:00:00,24.611151035370934,20.962496458564466,31.310102444294873,3
azure_monitor,vm-scale-05,cpu_utilization,compute,eastus,percent,2026-08-17 00:00:00,52.05083392645531,17.416474054898643,81.89757063669512,4
azure_monitor,vm-scale-08,cpu_utilization,compute,eastus,percent,2026-08-17 00:00:00,40.233926576335676,22.31394620116093,55.49613723212076,4
azure_monitor,vm-scale-05,cpu_utilization,compute,eastus,percent,2026-08-18 00:00:00,46.030259924472745,19.97706156384184,70.45119027940221,6
azure_monitor,vm-scale-01,cpu_utilization,compute,westeurope,percent,2026-08-18 00:00:00,53.13116972660335,31.08689880941676,72.92827413135888,3
azure_monitor,vm-scale-08,cpu_utilization,compute,eastus,percent,2026-08-18 00:00:00,42.30676036748811,42.30676036748811,42.30676036748811,1
azure_monitor,vm-scale-08,cpu_utilization,compute,westeurope,percent,2026-08-19 00:00:00,83.00332092931488,83.00332092931488,83.00332092931488,1
datadog,vm-scale-09,request_rate,api,centralus,rpm,2026-08-19 00:00:00,2168.75357866763,107.35171459889997,4413.2573980707975,4
datadog,vm-scale-08,request_rate,api,centralus,rpm,2026-08-19 00:00:00,2739.459127480756,1887.2568626884051,4915.372984484747,6
azure_monitor,vm-scale-08,cpu_utilization,compute,centralus,percent,2026-08-19 00:00:00,42.46308274646577,19.550972965707075,72.2210886875416,3
azure_monitor,vm-scale-03,cpu_utilization,compute,centralus,percent,2026-08-19 00:00:00,39.193882567539895,21.717480530669576,66.28499554323065,3
azure_cost,vm-scale-04,daily_cost,compute,westeurope,usd,2026-08-19 00:00:00,186.21263211795167,53.76088430719097,259.8501774523289,7
azure_cost,vm-scale-02,daily_cost,compute,centralus,usd,2026-08-19 00:00:00,156.82607530838033,95.24589431290077,218.40625630385986,2
azure_monitor,vm-scale-07,cpu_utilization,compute,westeurope,percent,2026-08-20 00:00:00,48.020337596794825,28.81955465651187,78.65612482428385,5
azure_cost,vm-scale-06,daily_cost,compute,westeurope,usd,2026-08-20 00:00:00,158.1616865088597,81.86457694424531,243.88799436159448,4
datadog,vm-scale-07,request_rate,api,centralus,rpm,2026-08-20 00:00:00,3224.7403827179796,2297.3121123000055,4152.168653135954,2
azure_monitor,vm-scale-06,cpu_utilization,compute,westeurope,percent,2026-08-21 00:00:00,46.097836304095,17.915712570601855,67.75924393129719,5
azure_cost,vm-scale-03,daily_cost,compute,westeurope,usd,2026-08-21 00:00:00,153.53137931450107,57.89999860535504,249.16276002364708,2
azure_monitor,vm-scale-02,cpu_utilization,compute,centralus,percent,2026-08-21 00:00:00,75.30138196302869,62.05042463681994,87.84805469336237,4
datadog,vm-scale-01,request_rate,api,westeurope,rpm,2026-08-21 00:00:00,2514.230515962227,921.7286731033472,3894.70775151754,4
azure_cost,vm-scale-08,daily_cost,compute,westeurope,usd,2026-08-22 00:00:00,192.78863193189218,117.95786623790677,260.9885751547629,3
azure_monitor,vm-scale-05,cpu_utilization,compute,centralus,percent,2026-08-22 00:00:00,56.785105177823986,29.058710176642418,75.66703648413062,7
datadog,vm-scale-02,request_rate,api,westeurope,rpm,2026-08-22 00:00:00,2794.3178820064986,644.7651978431156,4899.951222147633,5
datadog,vm-scale-01,request_rate,api,eastus,rpm,2026-08-22 00:00:00,2241.4299298602796,240.29466960788181,4375.928623433985,3
datadog,vm-scale-01,request_rate,api,centralus,rpm,2026-08-22 00:00:00,1027.531077857877,601.7252174865366,1780.6219303947842,3
azure_cost,vm-scale-03,daily_cost,compute,eastus,usd,2026-08-22 00:00:00,92.17846708488987,48.571965993036905,177.87601990627348,3
datadog,vm-scale-02,request_rate,api,centralus,rpm,2026-08-22 00:00:00,886.195693816323,348.8932386658113,1423.4981489668346,2
azure_cost,vm-scale-05,daily_cost,compute,eastus,usd,2026-08-22 00:00:00,162.61594440642585,59.96934008397279,274.7353751227342,5
azure_monitor,vm-scale-03,cpu_utilization,compute,eastus,percent,2026-08-22 00:00:00,47.90493634455428,16.98697215453422,73.64795321611396,5
azure_monitor,vm-scale-01,cpu_utilization,compute,centralus,percent,2026-08-22 00:00:00,48.77118589123975,35.12471135724608,78.79706499872538,5
azure_cost,vm-scale-09,daily_cost,compute,westeurope,usd,2026-08-22 00:00:00,69.29569257151138,69.29569257151138,69.29569257151138,1
azure_monitor,vm-scale-09,cpu_utilization,compute,centralus,percent,2026-08-22 00:00:00,45.333810902371404,31.687049593736106,55.39870719868549,3
datadog,vm-scale-03,request_rate,api,eastus,rpm,2026-08-23 00:00:00,3470.7983071450612,644.6991893292554,4923.870892684837,3
azure_monitor,vm-scale-05,cpu_utilization,compute,westeurope,percent,2026-08-23 00:00:00,57.45056557962908,22.728187858171054,73.00121393828479,7
datadog,vm-scale-04,request_rate,api,eastus,rpm,2026-08-23 00:00:00,2616.625694179632,692.0875392193071,4290.654078935452,4
datadog,vm-scale-04,request_rate,api,centralus,rpm,2026-08-23 00:00:00,2624.892473099966,607.3469895879578,4054.0103570188767,4
azure_cost,vm-scale-09,daily_cost,compute,eastus,usd,2026-08-23 00:00:00,130.98047681648674,75.20042405167808,221.16825608785993,3
azure_cost,vm-scale-09,daily_cost,compute,centralus,usd,2026-08-23 00:00:00,89.47468128268852,89.47468128268852,89.47468128268852,1
datadog,vm-scale-05,request_rate,api,eastus,rpm,2026-08-23 00:00:00,2709.0879593415066,669.2180666525167,4349.717062589244,3
azure_monitor,vm-scale-04,cpu_utilization,compute,centralus,percent,2026-08-23 00:00:00,49.671044765476935,37.73875150622827,61.60333802472561,2
azure_cost,vm-scale-02,daily_cost,compute,westeurope,usd,2026-08-23 00:00:00,96.92173258166963,75.658321856556,127.55356789416413,3
azure_monitor,vm-scale-01,cpu_utilization,compute,centralus,percent,2026-08-24 00:00:00,48.4059345313873,33.54704348879855,68.93194255052336,5
azure_cost,vm-scale-05,daily_cost,compute,eastus,usd,2026-08-24 00:00:00,167.1708191166184,132.61454476461,206.06324700470248,5
azure_cost,vm-scale-09,daily_cost,compute,westeurope,usd,2026-08-24 00:00:00,143.28613953139634,143.28613953139634,143.28613953139634,1
datadog,vm-scale-01,request_rate,api,centralus,rpm,2026-08-24 00:00:00,1307.7641344693816,344.45906786991964,2271.0692010688435,2
datadog,vm-scale-02,request_rate,api,centralus,rpm,2026-08-24 00:00:00,2612.4687581977623,521.3714224599953,4444.401808712607,5
azure_monitor,vm-scale-03,cpu_utilization,compute,eastus,percent,2026-08-24 00:00:00,63.298575285272086,54.688304739276,76.94219635024561,3
datadog,vm-scale-02,request_rate,api,westeurope,rpm,2026-08-24 00:00:00,3158.3229165812495,1365.1285440961212,4752.581195023824,6
azure_monitor,vm-scale-09,cpu_utilization,compute,centralus,percent,2026-08-24 00:00:00,45.31831264520272,20.50993052583649,85.19879140693864,3
azure_monitor,vm-scale-05,cpu_utilization,compute,centralus,percent,2026-08-24 00:00:00,68.7825484261483,59.506634205504064,83.99888332367593,3
datadog,vm-scale-01,request_rate,api,eastus,rpm,2026-08-24 00:00:00,4968.313586360416,4968.313586360416,4968.313586360416,1
azure_cost,vm-scale-03,daily_cost,compute,eastus,usd,2026-08-24 00:00:00,44.050559063189226,44.050559063189226,44.050559063189226,1
azure_cost,vm-scale-03,daily_cost,compute,centralus,usd,2026-08-25 00:00:00,163.00843268426348,76.97013331733771,261.9232964975009,8
azure_cost,vm-scale-06,daily_cost,compute,eastus,usd,2026-08-25 00:00:00,170.21080405095907,42.72622930284581,256.4279334784602,3
azure_cost,vm-scale-05,daily_cost,compute,centralus,usd,2026-08-25 00:00:00,213.79469704178746,96.04530172412557,279.93963148944783,3
azure_cost,vm-scale-02,daily_cost,compute,eastus,usd,2026-08-25 00:00:00,41.378585620324785,41.378585620324785,41.378585620324785,1
datadog,vm-scale-07,request_rate,api,westeurope,rpm,2026-08-25 00:00:00,2044.5350752050524,367.3642226144304,4228.641233181538,3
azure_cost,vm-scale-01,daily_cost,compute,centralus,usd,2026-08-25 00:00:00,176.4944904544825,56.18134918672344,251.59955957027665,3
azure_monitor,vm-scale-06,cpu_utilization,compute,eastus,percent,2026-08-25 00:00:00,53.76449972609627,27.059677098561075,75.44067302357482,5
azure_cost,vm-scale-07,daily_cost,compute,centralus,usd,2026-08-25 00:00:00,121.96925175203303,78.51498775534125,165.4235157487248,2
azure_monitor,vm-scale-04,cpu_utilization,compute,westeurope,percent,2026-08-25 00:00:00,22.560322963698717,20.24913698944653,24.871508937950903,2
azure_cost,vm-scale-01,daily_cost,compute,eastus,usd,2026-08-26 00:00:00,221.3423477763735,139.6822409152768,264.208689336703,3
azure_monitor,vm-scale-03,cpu_utilization,compute,westeurope,percent,2026-08-26 00:00:00,44.36067711433814,24.776910816705346,82.33646760052072,5
datadog,vm-scale-06,request_rate,api,eastus,rpm,2026-08-27 00:00:00,2615.56727158169,197.37124988719194,4623.464472312058,4
azure_cost,vm-scale-07,daily_cost,compute,westeurope,usd,2026-08-27 00:00:00,143.674730135312,58.2545591723687,218.57495941348975,5
datadog,vm-scale-09,request_rate,api,westeurope,rpm,2026-08-27 00:00:00,2525.551091345202,1587.7369706529382,4197.359877595605,6
datadog,vm-scale-03,request_rate,api,centralus,rpm,2026-08-27 00:00:00,2522.1661853759056,1444.108781840465,3219.5369336902513,4
azure_monitor,vm-scale-01,cpu_utilization,compute,eastus,percent,2026-08-27 00:00:00,52.72760793089385,27.03350789778191,73.2130301529578,4
azure_monitor,vm-scale-03,cpu_utilization,compute,westeurope,percent,2026-08-28 00:00:00,55.03502733733695,33.31375063391338,69.41687177678753,4
azure_cost,vm-scale-01,daily_cost,compute,eastus,usd,2026-08-28 00:00:00,163.73839116449957,127.49264806511596,188.78857100683265,3
azure_monitor,vm-scale-05,cpu_utilization,compute,eastus,percent,2026-08-29 00:00:00,51.43366127168438,15.417573366225016,76.8125978181788,5
azure_monitor,vm-scale-01,cpu_utilization,compute,westeurope,percent,2026-08-29 00:00:00,23.841525249157836,18.381799674825707,29.301250823489966,2
azure_monitor,vm-scale-08,cpu_utilization,compute,eastus,percent,2026-08-29 00:00:00,64.7173677563493,27.54856059635075,83.84055478918587,3
azure_cost,vm-scale-05,daily_cost,compute,westeurope,usd,2026-08-30 00:00:00,150.429172973868,96.71158206208659,228.65483864070126,5
azure_cost,vm-scale-01,daily_cost,compute,westeurope,usd,2026-08-30 00:00:00,162.7113855351327,60.50948103151178,224.25940655424557,7
azure_cost,vm-scale-04,daily_cost,compute,centralus,usd,2026-08-30 00:00:00,174.94243950936465,114.32142897746118,235.5634500412681,2
azure_cost,vm-scale-02,daily_cost,compute,westeurope,usd,2026-08-31 00:00:00,196.6890553397222,133.18477514667217,228.84503216363768,4
datadog,vm-scale-03,request_rate,api,eastus,rpm,2026-08-31 00:00:00,3126.338256264369,678.9529023624816,4627.850431511457,6
azure_monitor,vm-scale-04,cpu_utilization,compute,centralus,percent,2026-08-31 00:00:00,76.08172698198464,63.5352598294176,90.7009126438615,5
datadog,vm-scale-04,request_rate,api,eastus,rpm,2026-08-31 00:00:00,3791.907877700752,3791.907877700752,3791.907877700752,1
azure_cost,vm-scale-09,daily_cost,compute,centralus,usd,2026-08-31 00:00:00,155.99771899047687,129.29553005526827,182.6999079256855,2
datadog,vm-scale-04,request_rate,api,centralus,rpm,2026-08-31 00:00:00,4569.987343063029,4434.720904853206,4659.188743264836,3
azure_cost,vm-scale-09,daily_cost,compute,eastus,usd,2026-08-31 00:00:00,180.88922323828183,102.13495207167539,267.5606547225012,4
azure_monitor,vm-scale-05,cpu_utilization,compute,westeurope,percent,2026-08-31 00:00:00,59.67686786993736,26.075932211266554,75.97273540992802,4
datadog,vm-scale-05,request_rate,api,eastus,rpm,2026-08-31 00:00:00,2070.8189075470355,2070.8189075470355,2070.8189075470355,1
datadog,vm-scale-01,request_rate,api,centralus,rpm,2026-09-01 00:00:00,3291.010007341914,629.3621787339692,4549.3586812584135,5
azure_cost,vm-scale-09,daily_cost,compute,westeurope,usd,2026-09-01 00:00:00,193.99249393277358,159.64301567835238,215.89395193367665,4
azure_monitor,vm-scale-05,cpu_utilization,compute,centralus,percent,2026-09-01 00:00:00,63.600947311458945,40.14533129887017,84.55857253601808,4
azure_cost,vm-scale-03,daily_cost,compute,eastus,usd,2026-09-01 00:00:00,177.11663445950768,64.34904688234762,225.80721494921886,4
azure_monitor,vm-scale-09,cpu_utilization,compute,centralus,percent,2026-09-01 00:00:00,35.15780509840903,17.21894889700442,59.00548959251944,5
azure_cost,vm-scale-08,daily_cost,compute,westeurope,usd,2026-09-01 00:00:00,148.32455814051994,42.0028607110681,233.0358935974615,3
datadog,vm-scale-02,request_rate,api,westeurope,rpm,2026-09-01 00:00:00,2613.0970200273932,917.1674517467832,4266.311726699009,4
azure_monitor,vm-scale-03,cpu_utilization,compute,eastus,percent,2026-09-01 00:00:00,51.586941199609534,36.55268747566893,66.62119492355014,2
azure_cost,vm-scale-05,daily_cost,compute,eastus,usd,2026-09-01 00:00:00,178.32622825011356,110.50622628557521,259.7772463661016,3
azure_monitor,vm-scale-01,cpu_utilization,compute,centralus,percent,2026-09-01 00:00:00,68.22232366018619,68.22232366018619,68.22232366018619,1
datadog,vm-scale-02,request_rate,api,centralus,rpm,2026-09-01 00:00:00,3479.9878680557326,3479.9878680557326,3479.9878680557326,1
datadog,vm-scale-02,request_rate,api,westeurope,rpm,2026-09-02 00:00:00,2403.3507439889445,396.3174552539782,4637.498147164633,7
azure_cost,vm-scale-05,daily_cost,compute,eastus,usd,2026-09-02 00:00:00,158.43662327156184,65.18677354812677,251.6864729949969,2
azure_monitor,vm-scale-03,cpu_utilization,compute,eastus,percent,2026-09-02 00:00:00,45.51996831889276,16.85033935023065,65.26316029065916,4
azure_monitor,vm-scale-05,cpu_utilization,compute,centralus,percent,2026-09-02 00:00:00,58.5240176083243,24.831791494532407,86.93017881412165,5
azure_monitor,vm-scale-01,cpu_utilization,compute,centralus,percent,2026-09-02 00:00:00,57.90747823500216,29.039801250313168,86.77515521969116,2
datadog,vm-scale-01,request_rate,api,eastus,rpm,2026-09-02 00:00:00,1649.2670939565744,130.22266495963498,3572.5003457060407,3
azure_cost,vm-scale-09,daily_cost,compute,westeurope,usd,2026-09-02 00:00:00,169.70879804443976,41.24073402123798,234.98555522459915,3
datadog,vm-scale-01,request_rate,api,centralus,rpm,2026-09-02 00:00:00,2776.3197706653436,885.0818538080234,4957.499556574888,5
azure_monitor,vm-scale-09,cpu_utilization,compute,centralus,percent,2026-09-02 00:00:00,56.9454743257772,36.63653348199003,77.25441516956437,2
azure_cost,vm-scale-08,daily_cost,compute,westeurope,usd,2026-09-02 00:00:00,166.41034372857803,166.41034372857803,166.41034372857803,1
datadog,vm-scale-02,request_rate,api,centralus,rpm,2026-09-02 00:00:00,1190.798490578378,615.0923334710354,1766.5046476857208,2
azure_cost,vm-scale-03,daily_cost,compute,eastus,usd,2026-09-02 00:00:00,197.35424920128085,106.35438638855956,244.87760432146732,3
azure_cost,vm-scale-01,daily_cost,compute,centralus,usd,2026-09-03 00:00:00,157.02037235853416,146.1286065855199,167.91213813154843,2
azure_monitor,vm-scale-04,cpu_utilization,compute,westeurope,percent,2026-09-03 00:00:00,39.83660301760497,16.96370601326025,63.848243962090805,9
azure_monitor,vm-scale-06,cpu_utilization,compute,eastus,percent,2026-09-03 00:00:00,50.55957279656439,28.160398475702454,72.95874711742633,2
azure_cost,vm-scale-06,daily_cost,compute,eastus,usd,2026-09-03 00:00:00,152.7345396851888,152.7345396851888,152.7345396851888,1
azure_cost,vm-scale-07,daily_cost,compute,centralus,usd,2026-09-03 00:00:00,149.16978788068485,41.93729682868596,276.8847201752281,5
azure_cost,vm-scale-02,daily_cost,compute,eastus,usd,2026-09-03 00:00:00,218.43219952759515,195.7482192664715,250.04817679939782,3
azure_cost,vm-scale-03,daily_cost,compute,centralus,usd,2026-09-03 00:00:00,226.89454898518812,226.06688721923305,227.7222107511432,2
datadog,vm-scale-07,request_rate,api,westeurope,rpm,2026-09-03 00:00:00,3899.694504558308,3899.694504558308,3899.694504558308,1
azure_cost,vm-scale-05,daily_cost,compute,centralus,usd,2026-09-03 00:00:00,118.804746474078,46.6122653409536,164.38532218958886,3
azure_monitor,vm-scale-08,cpu_utilization,compute,eastus,percent,2026-09-04 00:00:00,85.62245038468524,79.16247561081461,91.62926542089507,3
azure_monitor,vm-scale-05,cpu_utilization,compute,eastus,percent,2026-09-04 00:00:00,55.21374002214272,30.0645251065734,76.11588105681952,4
azure_monitor,vm-scale-01,cpu_utilization,compute,westeurope,percent,2026-09-04 00:00:00,28.004993179039896,28.004993179039896,28.004993179039896,1
datadog,svc-api-gateway,request_rate,api,eastus2,rpm,2026-07-13 00:00:00,1210.4159164966372,1101.5189232917878,1299.0651882234515,27
azure_monitor,vm-prod-01,cpu_utilization,compute,centralus,percent,2026-07-15 00:00:00,45.41243684146895,40.43475512158787,49.82900796501079,24
azure_monitor,vm-prod-01,memory_utilization,compute,centralus,percent,2026-09-03 00:00:00,52.5,52.5,52.5,4
azure_monitor,vm-prod-01,memory_utilization,compute,centralus,percent,2026-07-11 00:00:00,54.925185384685335,52.5,56.98731035933028,296
azure_monitor,vm-dev-01,cpu_utilization,development,centralus,percent,2026-06-12 00:00:00,7.999551669371965,6.1128437385319545,9.970665467425379,174
datadog,svc-api-gateway,request_rate,api,eastus2,rpm,2026-06-13 00:00:00,1202.58914858775,1100.3840845134152,1299.9392179328845,261
datadog,svc-api-gateway,request_rate,api,eastus2,rpm,2026-06-14 00:00:00,1200.9890746437873,1100.1749931818183,1299.8743254532183,264
azure_monitor,vm-dev-01,cpu_utilization,development,centralus,percent,2026-06-16 00:00:00,7.947867449129879,6.019256864109126,9.962557670960317,264
azure_monitor,vm-prod-01,memory_utilization,compute,centralus,percent,2026-06-18 00:00:00,55.15829161140925,53.00710690960234,56.99138179037315,264
azure_monitor,vm-prod-02,memory_utilization,compute,centralus,percent,2026-06-19 00:00:00,59.969460392840354,59.001614424109334,60.99516944472042,264
datadog,svc-api-gateway,error_rate,api,eastus2,percent,2026-06-19 00:00:00,0.4944514927457095,0.3001777787204867,0.6970271624371338,264
datadog,svc-api-gateway,request_rate,api,eastus2,rpm,2026-06-20 00:00:00,1198.9718328239583,1100.7905168709372,1299.8294680799509,264
azure_monitor,vm-dev-01,memory_utilization,development,centralus,percent,2026-06-23 00:00:00,12.07620604576082,11.049701340530117,12.99637938983565,264
azure_monitor,vm-prod-02,cpu_utilization,compute,centralus,percent,2026-06-23 00:00:00,51.59593578428949,48.31558753851308,54.51408601862945,264
azure_monitor,vm-dev-01,cpu_utilization,development,centralus,percent,2026-06-25 00:00:00,8.021077842472197,6.048163110722568,9.996096112273595,264
azure_monitor,vm-prod-01,cpu_utilization,compute,centralus,percent,2026-06-27 00:00:00,44.82074746579136,40.00044411530554,49.98255981049404,264
azure_monitor,vm-dev-01,memory_utilization,development,centralus,percent,2026-06-29 00:00:00,12.04738133769441,11.011685331810385,12.9995745257194,264
azure_monitor,vm-prod-02,cpu_utilization,compute,centralus,percent,2026-06-29 00:00:00,60.72584622657736,57.64272379485995,63.4178470816459,264
azure_monitor,vm-prod-01,memory_utilization,compute,centralus,percent,2026-07-01 00:00:00,55.00915104092374,53.00259565308506,56.98479014003932,264
azure_monitor,vm-prod-01,cpu_utilization,compute,centralus,percent,2026-07-04 00:00:00,45.24446870107164,40.191865770149995,49.982989721892615,264
azure_monitor,vm-dev-01,cpu_utilization,development,centralus,percent,2026-07-05 00:00:00,7.922919510283026,6.004457186141094,9.996710828535036,264
azure_cost,vm-prod-01,daily_cost,compute,centralus,usd,2026-06-12 00:00:00,100.02097057552037,95.16332634779899,104.49552453934645,10
azure_cost,vm-prod-01,daily_cost,compute,centralus,usd,2026-06-16 00:00:00,101.38039286224274,97.82958503463554,104.76856674072589,11
azure_cost,svc-api-gateway,daily_cost,api,eastus2,usd,2026-06-23 00:00:00,50.17018228590014,48.34343904034633,51.45369624307175,11
azure_cost,vm-prod-01,daily_cost,compute,centralus,usd,2026-06-25 00:00:00,101.29600875332784,97.6236372975185,104.38312278147171,11
azure_cost,svc-api-gateway,daily_cost,api,eastus2,usd,2026-06-29 00:00:00,50.11411478663826,48.27043959123384,51.980209830742034,11
azure_cost,vm-prod-02,daily_cost,compute,centralus,usd,2026-06-30 00:00:00,149.51671969440133,142.2151888797878,157.73454518178082,11
azure_cost,vm-prod-01,daily_cost,compute,centralus,usd,2026-07-05 00:00:00,100.40501335717894,95.15508109411418,103.75183009686818,11
azure_cost,vm-dev-01,daily_cost,development,centralus,usd,2026-07-06 00:00:00,10.085165051297766,9.007439583580409,10.8091171926899,11
azure_monitor,vm-prod-01,cpu_utilization,compute,centralus,percent,2026-07-23 00:00:00,45.88975541325929,40.34303373973329,49.83377622329748,24
azure_monitor,vm-dev-01,cpu_utilization,development,centralus,percent,2026-07-24 00:00:00,8.415281329884742,6.336710896440203,9.984544103111869,24
datadog,svc-api-gateway,request_rate,api,eastus2,rpm,2026-07-25 00:00:00,1217.3192055050506,1104.4273662821868,1290.5764773552464,24
datadog,svc-api-gateway,request_rate,api,eastus2,rpm,2026-07-29 00:00:00,1188.0600715154712,1100.750467321599,1295.2466393149477,24
datadog,svc-api-gateway,request_rate,api,eastus2,rpm,2026-08-04 00:00:00,1172.0711067901937,1103.338064667225,1299.1129013879713,24
datadog,svc-api-gateway,request_rate,api,eastus2,rpm,2026-08-05 00:00:00,1201.1565228018248,1101.382565280599,1295.8011953892492,24
azure_monitor,vm-dev-01,memory_utilization,development,centralus,percent,2026-08-06 00:00:00,12.583530109485295,12.156519014657073,12.950176728643928,5
azure_monitor,vm-prod-02,cpu_utilization,compute,centralus,percent,2026-08-06 00:00:00,79.95527223359088,78.97223383075766,81.16428790198292,5
azure_cost,svc-api-gateway,daily_cost,api,eastus2,usd,2026-07-13 00:00:00,51.98787438589495,51.98787438589495,51.98787438589495,1
azure_cost,vm-prod-02,daily_cost,compute,centralus,usd,2026-07-17 00:00:00,143.6483705476448,143.6483705476448,143.6483705476448,1
azure_cost,vm-prod-02,daily_cost,compute,centralus,usd,2026-07-18 00:00:00,148.30286468605192,148.30286468605192,148.30286468605192,1
azure_cost,vm-prod-01,daily_cost,compute,centralus,usd,2026-07-24 00:00:00,103.60738497193233,103.60738497193233,103.60738497193233,1
azure_cost,vm-prod-02,daily_cost,compute,centralus,usd,2026-07-27 00:00:00,145.37093015019778,145.37093015019778,145.37093015019778,1
azure_cost,vm-dev-01,daily_cost,development,centralus,usd,2026-07-28 00:00:00,9.716973487914284,9.716973487914284,9.716973487914284,1
azure_cost,vm-prod-02,daily_cost,compute,centralus,usd,2026-07-30 00:00:00,148.91968645579536,148.91968645579536,148.91968645579536,1
azure_cost,vm-prod-02,daily_cost,compute,centralus,usd,2026-08-02 00:00:00,154.12963539716878,154.12963539716878,154.12963539716878,1
azure_cost,vm-dev-01,daily_cost,development,centralus,usd,2026-08-03 00:00:00,10.712582775927803,10.712582775927803,10.712582775927803,1
azure_monitor,vm-scale-07,cpu_utilization,compute,eastus,percent,2026-07-30 00:00:00,54.979230456298374,16.430772193734136,86.20640986837905,3
azure_cost,vm-scale-08,daily_cost,compute,centralus,usd,2026-07-30 00:00:00,145.81414458720863,145.81414458720863,145.81414458720863,1
datadog,vm-scale-09,request_rate,api,eastus,rpm,2026-07-30 00:00:00,4183.622556167505,3634.176747590962,4998.841821441613,3
azure_cost,vm-scale-04,daily_cost,compute,eastus,usd,2026-07-31 00:00:00,112.24263191780976,75.68290484968513,167.6316658123445,6
azure_monitor,vm-scale-02,cpu_utilization,compute,eastus,percent,2026-07-31 00:00:00,48.91375537104037,15.680846330833374,86.13624334188223,4
azure_monitor,vm-scale-09,cpu_utilization,compute,westeurope,percent,2026-07-31 00:00:00,45.21937506785367,19.772284214552315,89.99119911074608,4
azure_monitor,vm-scale-06,cpu_utilization,compute,centralus,percent,2026-08-01 00:00:00,54.75961707610573,32.36706803033551,79.31031793488066,4
datadog,vm-scale-08,request_rate,api,westeurope,rpm,2026-08-01 00:00:00,1888.7220262612468,338.52513018631475,3438.9189223361786,2
datadog,vm-scale-03,request_rate,api,westeurope,rpm,2026-08-01 00:00:00,3196.697730511347,1888.2234402330919,4505.172020789602,2
azure_monitor,vm-scale-04,cpu_utilization,compute,eastus,percent,2026-08-01 00:00:00,43.94309068917326,17.415892630117263,70.47028874822927,2
azure_cost,vm-scale-08,daily_cost,compute,centralus,usd,2026-08-02 00:00:00,116.40063006518774,61.34539795011158,155.20186984621307,5
datadog,vm-scale-09,request_rate,api,eastus,rpm,2026-08-02 00:00:00,2912.2549783663385,2912.2549783663385,2912.2549783663385,1
datadog,vm-scale-05,request_rate,api,westeurope,rpm,2026-08-02 00:00:00,1971.7063367840829,408.79487703510415,4486.766479490555,3
azure_cost,vm-scale-05,daily_cost,compute,westeurope,usd,2026-08-03 00:00:00,171.9554368216023,63.26326715903949,247.68630281381567,4
azure_cost,vm-scale-01,daily_cost,compute,westeurope,usd,2026-08-03 00:00:00,199.57031971449612,170.2326511119671,250.58707197669645,3
azure_cost,vm-scale-04,daily_cost,compute,centralus,usd,2026-08-03 00:00:00,166.29154700919835,120.65570634302549,216.2204875598461,3
azure_monitor,vm-scale-01,cpu_utilization,compute,westeurope,percent,2026-08-04 00:00:00,50.16902785137715,15.705716008442295,82.12828381448637,5
azure_monitor,vm-scale-08,cpu_utilization,compute,eastus,percent,2026-08-04 00:00:00,81.81421793037067,80.80759169578056,83.80745032483497,4
azure_monitor,vm-scale-05,cpu_utilization,compute,eastus,percent,2026-08-04 00:00:00,66.56043328933264,57.29108696088277,78.58730156333968,6
azure_monitor,vm-scale-08,cpu_utilization,compute,eastus,percent,2026-08-05 00:00:00,52.408123819249866,24.137091532473747,80.67915610602599,2
azure_monitor,vm-scale-05,cpu_utilization,compute,eastus,percent,2026-08-05 00:00:00,38.179953596762715,31.5749508782934,48.26402780656909,4
azure_monitor,vm-scale-01,cpu_utilization,compute,westeurope,percent,2026-08-05 00:00:00,41.91150972469987,32.17015267834366,57.86461361250431,3
datadog,vm-scale-04,request_rate,api,eastus,rpm,2026-08-06 00:00:00,3417.516986915088,1855.5923291790166,4979.44164465116,2
azure_monitor,vm-scale-04,cpu_utilization,compute,centralus,percent,2026-08-06 00:00:00,50.388757178818786,23.49835029169717,73.17996422559908,6
azure_cost,vm-scale-02,daily_cost,compute,westeurope,usd,2026-08-06 00:00:00,206.010058933503,136.84397929319292,267.36306461604636,5
azure_monitor,vm-scale-05,cpu_utilization,compute,westeurope,percent,2026-08-06 00:00:00,55.62069515599138,36.53840217665254,72.99012605887964,4
azure_cost,vm-scale-09,daily_cost,compute,centralus,usd,2026-08-06 00:00:00,151.22894421575742,75.02853332021238,209.6022383628912,3
azure_cost,vm-scale-09,daily_cost,compute,eastus,usd,2026-08-06 00:00:00,206.06880680699484,147.6737744131872,271.46849437223733,3
datadog,vm-scale-04,request_rate,api,centralus,rpm,2026-08-06 00:00:00,2803.71968432738,502.0496949955818,4982.369674030893,4
datadog,vm-scale-03,request_rate,api,eastus,rpm,2026-08-06 00:00:00,1728.84932057067,344.1074410998136,3113.5912000415265,2
datadog,vm-scale-05,request_rate,api,eastus,rpm,2026-08-06 00:00:00,3006.4277779839617,1813.900918139996,4458.917344287427,3
azure_cost,vm-scale-01,daily_cost,compute,westeurope,usd,2026-08-07 00:00:00,227.6187753037162,181.40435474444735,275.53800182789087,5
azure_cost,vm-scale-04,daily_cost,compute,centralus,usd,2026-08-07 00:00:00,174.93021444163043,139.03321210112168,210.8272167821392,2
azure_cost,vm-scale-05,daily_cost,compute,westeurope,usd,2026-08-07 00:00:00,54.52753601232638,54.52753601232638,54.52753601232638,1
datadog,vm-scale-09,request_rate,api,eastus,rpm,2026-08-08 00:00:00,2415.7235777534247,736.0598559982116,4410.737497201182,6
azure_cost,vm-scale-08,daily_cost,compute,centralus,usd,2026-08-08 00:00:00,98.06122133165321,42.265437753876746,135.03018291425332,3
datadog,vm-scale-05,request_rate,api,westeurope,rpm,2026-08-08 00:00:00,3080.502568604977,1738.0596449512523,4223.934691897544,6
azure_monitor,vm-scale-07,cpu_utilization,compute,eastus,percent,2026-08-08 00:00:00,31.162488850394535,24.286649249677673,38.0383284511114,2
datadog,vm-scale-05,request_rate,api,westeurope,rpm,2026-08-09 00:00:00,3516.375661563507,2213.652469963002,4475.515627467525,7
azure_cost,vm-scale-08,daily_cost,compute,centralus,usd,2026-08-09 00:00:00,196.14126162038139,82.38587980202641,263.2921227776671,4
azure_monitor,vm-scale-07,cpu_utilization,compute,eastus,percent,2026-08-09 00:00:00,90.17374311782982,90.17374311782982,90.17374311782982,1
azure_cost,vm-scale-04,daily_cost,compute,centralus,usd,2026-08-10 00:00:00,141.15049000523797,73.47333197547121,263.1616083136849,3
azure_cost,vm-scale-05,daily_cost,compute,westeurope,usd,2026-08-10 00:00:00,119.62635079524442,99.01769237488064,130.40527149482494,3
azure_cost,vm-scale-01,daily_cost,compute,westeurope,usd,2026-08-10 00:00:00,97.73172999341742,46.276444501244455,149.18701548559036,2
azure_monitor,vm-scale-06,cpu_utilization,compute,eastus,percent,2026-08-11 00:00:00,70.76532201219226,58.990293204504404,82.54035081988012,2
azure_cost,vm-scale-06,daily_cost,compute,eastus,usd,2026-08-11 00:00:00,199.2191884642635,89.46532015488611,260.8045507925708,5
datadog,vm-scale-07,request_rate,api,westeurope,rpm,2026-08-11 00:00:00,1324.5416813469803,464.8303074254948,2603.193973381179,4
azure_cost,vm-scale-01,daily_cost,compute,centralus,usd,2026-08-11 00:00:00,260.20058285405634,260.20058285405634,260.20058285405634,1
azure_cost,vm-scale-03,daily_cost,compute,centralus,usd,2026-08-11 00:00:00,113.07860093653157,49.74011250893227,220.39719239894706,5
azure_cost,vm-scale-07,daily_cost,compute,centralus,usd,2026-08-11 00:00:00,203.77787915787667,57.92353642518832,266.0656775104983,7
azure_cost,vm-scale-05,daily_cost,compute,centralus,usd,2026-08-11 00:00:00,187.82504362005784,144.67044971258315,238.79247217745183,4
azure_cost,vm-scale-02,daily_cost,compute,eastus,usd,2026-08-11 00:00:00,110.51618293576341,50.071408873583316,192.9535261705161,3
azure_monitor,vm-scale-04,cpu_utilization,compute,westeurope,percent,2026-08-11 00:00:00,59.8316274602937,33.04784437303888,74.41582054020341,3
azure_cost,vm-scale-04,daily_cost,compute,centralus,usd,2026-08-12 00:00:00,131.85559052615048,81.61852344943576,216.9576730119288,4
azure_cost,vm-scale-01,daily_cost,compute,westeurope,usd,2026-08-12 00:00:00,191.4543531318672,143.25374014517968,239.65496611855477,2
azure_cost,vm-scale-05,daily_cost,compute,westeurope,usd,2026-08-12 00:00:00,82.89731338432614,48.91019963000615,149.3287475376955,3
azure_monitor,vm-scale-09,cpu_utilization,compute,eastus,percent,2026-08-13 00:00:00,26.969876297951306,16.072702715506384,46.84009264823149,3
azure_monitor,vm-scale-07,cpu_utilization,compute,centralus,percent,2026-08-13 00:00:00,58.0059008027947,55.76643567564396,60.24536592994543,2
azure_cost,vm-scale-04,daily_cost,compute,eastus,usd,2026-08-14 00:00:00,165.97383901821203,90.45461562747676,233.616672702142,5
azure_monitor,vm-scale-02,cpu_utilization,compute,eastus,percent,2026-08-14 00:00:00,61.60915759898185,38.40761978513426,90.06091865062793,4
azure_monitor,vm-scale-09,cpu_utilization,compute,westeurope,percent,2026-08-14 00:00:00,50.2924975452824,36.142954218769894,78.3361594458024,4
azure_monitor,vm-scale-09,cpu_utilization,compute,westeurope,percent,2026-08-15 00:00:00,52.21968181369095,23.685429124217816,83.33239090723559,8
azure_monitor,vm-scale-02,cpu_utilization,compute,eastus,percent,2026-08-15 00:00:00,40.61819205547401,18.3452870071974,50.453531917779564,5
azure_cost,vm-scale-04,daily_cost,compute,eastus,usd,2026-08-15 00:00:00,219.71467883417446,172.17904624852815,242.37376233628265,4
azure_cost,vm-scale-06,daily_cost,compute,eastus,usd,2026-08-16 00:00:00,212.64625791233357,177.4116910234513,247.8808248012158,2
azure_cost,vm-scale-02,daily_cost,compute,eastus,usd,2026-08-16 00:00:00,156.75522294243092,63.747274444907376,274.92359361078866,6
azure_monitor,vm-scale-06,cpu_utilization,compute,eastus,percent,2026-08-16 00:00:00,47.81923540356869,15.609741974207013,75.2628471891033,6
azure_cost,vm-scale-03,daily_cost,compute,centralus,usd,2026-08-16 00:00:00,148.43762639671758,74.07066635707183,274.36068115666404,3
azure_cost,vm-scale-07,daily_cost,compute,centralus,usd,2026-08-16 00:00:00,149.85676048337731,45.22155153742644,250.46160491667922,7
azure_monitor,vm-scale-04,cpu_utilization,compute,westeurope,percent,2026-08-16 00:00:00,67.56203761971776,50.47094307498422,84.65313216445129,2
azure_cost,vm-scale-01,daily_cost,compute,centralus,usd,2026-08-16 00:00:00,188.48395671244535,104.09527183813134,260.85524751812704,4
datadog,vm-scale-07,request_rate,api,westeurope,rpm,2026-08-16 00:00:00,1945.417945481512,225.6979532912295,3330.154397048236,3
azure_cost,vm-scale-05,daily_cost,compute,centralus,usd,2026-08-16 00:00:00,212.66232238958833,197.4616756967049,227.86296908247175,2
azure_monitor,vm-scale-04,cpu_utilization,compute,centralus,percent,2026-08-17 00:00:00,60.956849568765456,18.469097308615773,85.88133159405119,7
datadog,vm-scale-05,request_rate,api,eastus,rpm,2026-08-17 00:00:00,2161.983684942936,425.0015179642353,4343.338802363859,3
azure_cost,vm-scale-02,daily_cost,compute,westeurope,usd,2026-08-17 00:00:00,133.57173724801882,49.8775268730897,253.46103328473833,7
datadog,vm-scale-04,request_rate,api,eastus,rpm,2026-08-17 00:00:00,1356.6995118378036,105.83204585053504,3039.4492074405853,4
azure_cost,vm-scale-09,daily_cost,compute,centralus,usd,2026-08-17 00:00:00,161.7656003365929,100.39967405778592,255.7582086651425,4
datadog,vm-scale-04,request_rate,api,centralus,rpm,2026-08-17 00:00:00,3080.5708512606593,1181.0328816021638,4391.767067529841,7
azure_monitor,vm-scale-05,cpu_utilization,compute,westeurope,percent,2026-08-17 00:00:00,53.2608455943728,28.972248434902593,77.52694243826944,3
azure_cost,vm-scale-09,daily_cost,compute,eastus,usd,2026-08-17 00:00:00,197.2711651733036,197.2711651733036,197.2711651733036,1
azure_cost,vm-scale-02,daily_cost,compute,westeurope,usd,2026-08-18 00:00:00,96.65943880256795,96.65943880256795,96.65943880256795,1
azure_monitor,vm-scale-05,cpu_utilization,compute,westeurope,percent,2026-08-18 00:00:00,68.54193131992692,52.989126241158296,82.80050339602093,3
azure_monitor,vm-scale-04,cpu_utilization,compute,centralus,percent,2026-08-18 00:00:00,49.01655848435434,25.781331094057837,91.0775324981228,7
datadog,vm-scale-04,request_rate,api,eastus,rpm,2026-08-18 00:00:00,3255.5695305930467,2246.9359770938686,4920.592229333568,5
azure_cost,vm-scale-09,daily_cost,compute,eastus,usd,2026-08-18 00:00:00,97.09534084659379,63.03124517664007,131.1594365165475,2
azure_cost,vm-scale-09,daily_cost,compute,centralus,usd,2026-08-18 00:00:00,172.78203793125584,101.44871834720628,271.9058732696118,4
datadog,vm-scale-05,request_rate,api,eastus,rpm,2026-08-18 00:00:00,1214.8627049422244,1214.8627049422244,1214.8627049422244,1
datadog,vm-scale-03,request_rate,api,eastus,rpm,2026-08-18 00:00:00,1207.3277899030688,1207.3277899030688,1207.3277899030688,1
datadog,vm-scale-04,request_rate,api,centralus,rpm,2026-08-18 00:00:00,3109.369221766619,2269.618892964849,3770.6985921763603,3
datadog,vm-scale-03,request_rate,api,centralus,rpm,2026-08-19 00:00:00,3659.6071530460204,2946.7981115294674,4372.416194562574,2
datadog,vm-scale-09,request_rate,api,westeurope,rpm,2026-08-19 00:00:00,1550.2891773357799,1066.6414114441927,2083.0372469371296,3
datadog,vm-scale-06,request_rate,api,eastus,rpm,2026-08-19 00:00:00,3477.538011815933,3477.538011815933,3477.538011815933,1
azure_cost,vm-scale-07,daily_cost,compute,westeurope,usd,2026-08-19 00:00:00,123.36818643404955,123.36818643404955,123.36818643404955,1
azure_monitor,vm-scale-01,cpu_utilization,compute,eastus,percent,2026-08-19 00:00:00,33.12213324563331,33.12213324563331,33.12213324563331,1
azure_monitor,vm-scale-07,cpu_utilization,compute,centralus,percent,2026-08-20 00:00:00,47.75856560827526,28.10980119327192,59.77608440369799,3
azure_monitor,vm-scale-09,cpu_utilization,compute,eastus,percent,2026-08-20 00:00:00,53.598422527356114,45.95822898292613,64.12372262371662,3
azure_cost,vm-scale-01,daily_cost,compute,eastus,usd,2026-08-21 00:00:00,208.2592937635759,172.39502934626253,264.17589203177823,3
azure_monitor,vm-scale-03,cpu_utilization,compute,westeurope,percent,2026-08-21 00:00:00,76.26045247850651,76.26045247850651,76.26045247850651,1
datadog,vm-scale-08,request_rate,api,eastus,rpm,2026-08-22 00:00:00,2142.9411971759937,155.59637150637207,4475.576615567611,6
datadog,vm-scale-04,request_rate,api,westeurope,rpm,2026-08-22 00:00:00,1602.2363300692014,182.8051388254126,2703.0764415401713,5
azure_monitor,vm-scale-02,cpu_utilization,compute,westeurope,percent,2026-08-22 00:00:00,59.58554803979101,15.023569842288465,80.72757760021808,6
datadog,vm-scale-07,request_rate,api,eastus,rpm,2026-08-22 00:00:00,1697.1218871870017,367.0497680856715,3027.194006288332,2
datadog,vm-scale-05,request_rate,api,centralus,rpm,2026-08-22 00:00:00,3682.278357680347,3131.614211044148,4050.6375432111568,3
azure_cost,vm-scale-07,daily_cost,compute,eastus,usd,2026-08-22 00:00:00,197.84849483525363,158.465668871294,220.36538552847546,3
azure_monitor,vm-scale-05,cpu_utilization,compute,eastus,percent,2026-08-23 00:00:00,56.261004319667336,23.812919539141227,83.22075214967857,4
azure_monitor,vm-scale-01,cpu_utilization,compute,westeurope,percent,2026-08-23 00:00:00,56.13018176286557,15.22873864132925,81.46512086098414,3
azure_monitor,vm-scale-08,cpu_utilization,compute,eastus,percent,2026-08-23 00:00:00,49.504584431358005,21.574191073579293,87.1321348931009,3
datadog,vm-scale-04,request_rate,api,westeurope,rpm,2026-08-24 00:00:00,1779.3827147358522,1122.3145631892967,2445.607109730384,3
azure_monitor,vm-scale-02,cpu_utilization,compute,westeurope,percent,2026-08-24 00:00:00,54.307841957593986,27.5377633708664,82.52217225788621,8
azure_cost,vm-scale-07,daily_cost,compute,eastus,usd,2026-08-24 00:00:00,170.91194128709978,63.61518888289842,256.75229147768835,6
datadog,vm-scale-05,request_rate,api,centralus,rpm,2026-08-24 00:00:00,3293.746727037581,1731.459662654148,4792.081859366821,4
datadog,vm-scale-08,request_rate,api,eastus,rpm,2026-08-24 00:00:00,2955.147413110366,1718.1240494951503,4192.170776725581,2
datadog,vm-scale-07,request_rate,api,eastus,rpm,2026-08-24 00:00:00,2520.567610188317,2005.341502173691,3035.7937182029427,2
azure_cost,vm-scale-06,daily_cost,compute,centralus,usd,2026-08-25 00:00:00,119.41999313023238,52.114233864959544,173.36230354770564,4
datadog,vm-scale-06,request_rate,api,centralus,rpm,2026-08-25 00:00:00,1968.875011671224,1072.3580850750398,3465.42497936836,5
datadog,vm-scale-06,request_rate,api,westeurope,rpm,2026-08-25 00:00:00,1046.0999432214503,1046.0999432214503,1046.0999432214503,1
datadog,vm-scale-01,request_rate,api,westeurope,rpm,2026-08-26 00:00:00,2867.7528529571123,1677.6658676216582,4057.8398382925666,2
azure_monitor,vm-scale-02,cpu_utilization,compute,centralus,percent,2026-08-26 00:00:00,61.245103289470435,23.35034888101441,87.79585749653522,4
azure_monitor,vm-scale-06,cpu_utilization,compute,westeurope,percent,2026-08-26 00:00:00,41.52633624466393,20.371393931983775,69.04415452187264,7
azure_cost,vm-scale-03,daily_cost,compute,westeurope,usd,2026-08-26 00:00:00,171.66422000446,61.19984791381921,255.69123625567747,7
datadog,vm-scale-08,request_rate,api,centralus,rpm,2026-08-27 00:00:00,2198.2710210779246,1430.8285497605139,2983.5052506667153,5
azure_cost,vm-scale-02,daily_cost,compute,centralus,usd,2026-08-27 00:00:00,209.38386484531054,144.44102053643536,260.8783736503738,4
datadog,vm-scale-09,request_rate,api,centralus,rpm,2026-08-27 00:00:00,2108.3015776651196,448.89084604797597,3374.0949667111604,3
azure_monitor,vm-scale-08,cpu_utilization,compute,centralus,percent,2026-08-27 00:00:00,53.22613042037624,24.591005088161598,88.1267998864024,4
azure_monitor,vm-scale-08,cpu_utilization,compute,westeurope,percent,2026-08-27 00:00:00,47.82077880336642,23.20610885048265,82.82238600674343,4
azure_cost,vm-scale-04,daily_cost,compute,westeurope,usd,2026-08-27 00:00:00,54.620725697504746,54.620725697504746,54.620725697504746,1
azure_monitor,vm-scale-06,cpu_utilization,compute,westeurope,percent,2026-08-28 00:00:00,45.916780856421376,36.333830280283166,55.499731432559585,2
datadog,vm-scale-01,request_rate,api,westeurope,rpm,2026-08-28 00:00:00,2892.396852955855,1127.5832110739223,3872.8434572096985,6
azure_cost,vm-scale-03,daily_cost,compute,westeurope,usd,2026-08-28 00:00:00,252.21878675589792,252.21878675589792,252.21878675589792,1
azure_monitor,vm-scale-02,cpu_utilization,compute,centralus,percent,2026-08-28 00:00:00,52.87276570983279,34.18410007649479,71.5614313431708,2
azure_monitor,vm-scale-05,cpu_utilization,compute,westeurope,percent,2026-08-29 00:00:00,65.29712602227245,16.059566627234116,90.62048162982167,6
datadog,vm-scale-05,request_rate,api,eastus,rpm,2026-08-29 00:00:00,4455.360672197154,4375.661825947373,4535.059518446934,2
azure_cost,vm-scale-02,daily_cost,compute,westeurope,usd,2026-08-29 00:00:00,118.34841284646966,85.47135818447322,181.29269561995332,3
azure_cost,vm-scale-09,daily_cost,compute,eastus,usd,2026-08-29 00:00:00,131.9039807456884,42.36792997194998,199.7182356005252,4
datadog,vm-scale-03,request_rate,api,eastus,rpm,2026-08-29 00:00:00,2245.9961149216924,1058.3033195112057,4011.478995302038,3
datadog,vm-scale-04,request_rate,api,centralus,rpm,2026-08-29 00:00:00,2966.4874762220593,2438.44425322338,3658.5533056038585,3
azure_cost,vm-scale-09,daily_cost,compute,centralus,usd,2026-08-29 00:00:00,113.15089833848839,44.24292843737402,213.0886821522998,3
azure_monitor,vm-scale-04,cpu_utilization,compute,centralus,percent,2026-08-29 00:00:00,63.92873440873855,25.440442439486382,91.50870568632051,4
datadog,vm-scale-04,request_rate,api,eastus,rpm,2026-08-29 00:00:00,3433.0553624514196,2432.820432687809,4433.290292215031,2
azure_monitor,vm-scale-02,cpu_utilization,compute,eastus,percent,2026-08-30 00:00:00,45.15588800915721,31.919018366825227,68.23966033588191,4
azure_monitor,vm-scale-09,cpu_utilization,compute,westeurope,percent,2026-08-30 00:00:00,51.71840004019468,19.239280632359048,68.53731998599363,5
azure_cost,vm-scale-04,daily_cost,compute,eastus,usd,2026-08-30 00:00:00,163.4963074757514,92.36284186240525,223.02620149944573,3
azure_monitor,vm-scale-05,cpu_utilization,compute,eastus,percent,2026-08-31 00:00:00,58.51315705229452,21.414800588710953,84.07408431857917,5
azure_monitor,vm-scale-01,cpu_utilization,compute,westeurope,percent,2026-08-31 00:00:00,41.48785464972824,17.610132869233606,59.0925164653202,3
datadog,vm-scale-08,request_rate,api,eastus,rpm,2026-09-01 00:00:00,2465.0783764184866,1168.7988547170094,3995.237116863368,3
datadog,vm-scale-04,request_rate,api,westeurope,rpm,2026-09-01 00:00:00,2026.8564405666796,565.8728778915704,3863.8471995595733,5
azure_monitor,vm-scale-02,cpu_utilization,compute,westeurope,percent,2026-09-01 00:00:00,41.88604234151722,28.839643978127548,53.28147274690598,3
azure_cost,vm-scale-07,daily_cost,compute,eastus,usd,2026-09-01 00:00:00,138.09744862425055,89.60332589635533,186.59157135214576,2
datadog,vm-scale-07,request_rate,api,eastus,rpm,2026-09-01 00:00:00,3375.7303561889366,1454.0106696342423,4537.922847172927,3
datadog,vm-scale-05,request_rate,api,centralus,rpm,2026-09-01 00:00:00,3569.4368016348253,2934.778935389882,4204.094667879768,2
datadog,vm-scale-07,request_rate,api,eastus,rpm,2026-09-02 00:00:00,1949.8090717204473,1409.4252510007063,2461.22141382968,4
datadog,vm-scale-08,request_rate,api,eastus,rpm,2026-09-02 00:00:00,3428.873894187746,2102.2895883329475,4222.747814293314,6
azure_monitor,vm-scale-02,cpu_utilization,compute,westeurope,percent,2026-09-02 00:00:00,71.42199701960844,53.37589298584202,89.97192669188591,4
azure_cost,vm-scale-07,daily_cost,compute,eastus,usd,2026-09-02 00:00:00,92.1310088972107,92.1310088972107,92.1310088972107,1
datadog,vm-scale-04,request_rate,api,westeurope,rpm,2026-09-02 00:00:00,2911.9167822304958,705.5640353387219,4650.710748600805,4
datadog,vm-scale-05,request_rate,api,centralus,rpm,2026-09-02 00:00:00,2149.7786940889073,273.9501930658585,4025.607195111956,2
datadog,vm-scale-06,request_rate,api,westeurope,rpm,2026-09-03 00:00:00,2170.0673831615104,463.9235498698312,3876.2112164531895,2
datadog,vm-scale-06,request_rate,api,centralus,rpm,2026-09-03 00:00:00,2288.5362564397583,1635.60949012199,2941.4630227575262,2
azure_cost,vm-scale-06,daily_cost,compute,centralus,usd,2026-09-03 00:00:00,180.40958253642697,87.07703993370183,271.1269728595719,4
azure_cost,vm-scale-09,daily_cost,compute,eastus,usd,2026-09-04 00:00:00,194.75611393784675,182.6235454783795,206.888682397314,2
datadog,vm-scale-05,request_rate,api,eastus,rpm,2026-09-04 00:00:00,2133.381334738373,155.07422404793869,4421.8644349097995,5
azure_cost,vm-scale-09,daily_cost,compute,centralus,usd,2026-09-04 00:00:00,183.04147748618834,66.19406051606622,251.54546844113725,4
azure_monitor,vm-scale-05,cpu_utilization,compute,westeurope,percent,2026-09-04 00:00:00,60.56061618627607,60.56061618627607,60.56061618627607,1
datadog,vm-scale-03,request_rate,api,eastus,rpm,2026-09-04 00:00:00,3611.161674299653,2771.522927120729,4513.572485802401,5
azure_cost,vm-scale-02,daily_cost,compute,westeurope,usd,2026-09-04 00:00:00,183.99511284225636,102.38409191352535,244.10159364464258,3
azure_monitor,vm-scale-04,cpu_utilization,compute,centralus,percent,2026-09-04 00:00:00,56.21557893811823,56.21557893811823,56.21557893811823,1
datadog,vm-scale-04,request_rate,api,centralus,rpm,2026-09-04 00:00:00,3979.4988536012,3421.1904335845247,4537.807273617876,2
datadog,vm-scale-04,request_rate,api,eastus,rpm,2026-09-04 00:00:00,2010.8468918383855,383.6525581941951,4097.825875217138,5
azure_monitor,vm-dev-01,memory_utilization,development,centralus,percent,2026-07-13 00:00:00,11.949803103198203,11.029102145997637,12.98989804959613,27
azure_monitor,vm-prod-02,cpu_utilization,compute,centralus,percent,2026-07-13 00:00:00,48.83285997040436,42.21788107189677,80.9219053027641,27
azure_monitor,vm-prod-01,memory_utilization,compute,centralus,percent,2026-07-15 00:00:00,55.16643034917675,53.29839257480146,56.85883295259891,24
azure_monitor,vm-prod-01,cpu_utilization,compute,centralus,percent,2026-09-03 00:00:00,64.2,64.2,64.2,4
datadog,svc-api-gateway,request_rate,api,eastus2,rpm,2026-06-15 00:00:00,1196.8520699558417,1100.392974797069,1299.1045706702955,264
azure_monitor,vm-prod-01,cpu_utilization,compute,centralus,percent,2026-06-17 00:00:00,44.724978908372435,40.029256605792256,49.97755758394287,264
azure_monitor,vm-dev-01,cpu_utilization,development,centralus,percent,2026-06-22 00:00:00,7.988225730994879,6.012293638432462,9.997390875405642,264
azure_monitor,vm-dev-01,memory_utilization,development,centralus,percent,2026-06-24 00:00:00,12.018715423345796,11.003644231811705,12.985269939339442,264
azure_monitor,vm-prod-02,cpu_utilization,compute,centralus,percent,2026-06-24 00:00:00,53.20430474082062,49.56014903904838,56.06225162907058,264
azure_monitor,vm-prod-01,cpu_utilization,compute,centralus,percent,2026-06-26 00:00:00,45.087245758161735,40.00525220255032,49.994525569432966,264
azure_monitor,vm-dev-01,memory_utilization,development,centralus,percent,2026-06-28 00:00:00,12.01030365836139,11.001718834652607,12.99712896406408,264
azure_monitor,vm-prod-02,cpu_utilization,compute,centralus,percent,2026-06-28 00:00:00,59.2972334663383,56.199715697977666,61.99756355287513,264
azure_monitor,vm-prod-01,cpu_utilization,compute,centralus,percent,2026-07-02 00:00:00,45.02486853899727,40.02599677044749,49.93414942147795,264
azure_monitor,vm-prod-02,memory_utilization,compute,centralus,percent,2026-07-06 00:00:00,59.961873758454395,59.00268501001575,60.99286696292872,264
datadog,svc-api-gateway,error_rate,api,eastus2,percent,2026-07-06 00:00:00,0.506130891293674,0.30153414875032,0.699849560938705,264
azure_monitor,vm-dev-01,cpu_utilization,development,centralus,percent,2026-07-08 00:00:00,8.056453144406778,6.010334581646891,9.99757911379666,288
azure_monitor,vm-prod-01,memory_utilization,compute,centralus,percent,2026-07-09 00:00:00,55.00830480058602,53.033822430946636,56.98857011156455,288
azure_cost,vm-dev-01,daily_cost,development,centralus,usd,2026-06-19 00:00:00,9.791573075154872,9.075873685377921,10.967604114483725,11
azure_cost,vm-prod-02,daily_cost,compute,centralus,usd,2026-06-21 00:00:00,149.90374060978496,143.9621567156579,156.45414902966738,11
azure_cost,vm-prod-01,daily_cost,compute,centralus,usd,2026-06-22 00:00:00,99.57427177473296,95.2384501820548,104.04214584377875,11
azure_cost,svc-api-gateway,daily_cost,api,eastus2,usd,2026-06-24 00:00:00,50.25696882986018,48.40720382874213,51.997852985150296,11
azure_cost,svc-api-gateway,daily_cost,api,eastus2,usd,2026-06-28 00:00:00,50.07373338857599,48.22843991027872,51.89216330274971,11
azure_cost,vm-prod-02,daily_cost,compute,centralus,usd,2026-07-03 00:00:00,152.9594102161008,145.32261269313662,157.546929889474,11
azure_cost,vm-prod-01,daily_cost,compute,centralus,usd,2026-07-08 00:00:00,100.35814969740089,95.85622528433704,104.80750094823225,12
azure_monitor,vm-prod-01,cpu_utilization,compute,centralus,percent,2026-07-19 00:00:00,44.61426388366121,40.25149787028121,49.94820753235686,24
azure_monitor,vm-prod-01,cpu_utilization,compute,centralus,percent,2026-07-20 00:00:00,45.62025138142076,41.10906743256827,49.903759679280434,24
azure_monitor,vm-dev-01,cpu_utilization,development,centralus,percent,2026-07-22 00:00:00,8.330688508012246,6.035844039868468,9.87875058072644,24
azure_monitor,vm-prod-02,memory_utilization,compute,centralus,percent,2026-07-28 00:00:00,60.134328750982576,59.09008838663833,60.992663263807025,24
datadog,svc-api-gateway,error_rate,api,eastus2,percent,2026-07-28 00:00:00,0.5172407155433133,0.3488081648113841,0.6832725554377727,24
azure_monitor,vm-dev-01,cpu_utilization,development,centralus,percent,2026-07-31 00:00:00,8.369887892850572,6.094015099544313,9.919578928040474,24
azure_monitor,vm-prod-02,memory_utilization,compute,centralus,percent,2026-08-03 00:00:00,60.03153561361139,59.050683102696205,60.94587220971216,24
datadog,svc-api-gateway,error_rate,api,eastus2,percent,2026-08-03 00:00:00,0.4894607548510672,0.3151676365811466,0.6902141415893566,24
azure_cost,vm-prod-02,daily_cost,compute,centralus,usd,2026-07-21 00:00:00,153.63480916718302,153.63480916718302,153.63480916718302,1
azure_cost,vm-prod-01,daily_cost,compute,centralus,usd,2026-07-22 00:00:00,101.40863316140768,101.40863316140768,101.40863316140768,1
azure_cost,vm-prod-01,daily_cost,compute,centralus,usd,2026-07-31 00:00:00,102.40956944355301,102.40956944355301,102.40956944355301,1
azure_monitor,vm-scale-07,cpu_utilization,compute,centralus,percent,2026-07-30 00:00:00,56.57879198546702,56.57879198546702,56.57879198546702,1
azure_monitor,vm-scale-09,cpu_utilization,compute,eastus,percent,2026-07-30 00:00:00,35.69934092931281,35.69934092931281,35.69934092931281,1
datadog,vm-scale-03,request_rate,api,centralus,rpm,2026-07-31 00:00:00,3390.4128824527984,2294.279837857876,4417.685972366317,3
datadog,vm-scale-06,request_rate,api,eastus,rpm,2026-07-31 00:00:00,2634.964867116731,1198.1186249408306,4390.992490538769,7
datadog,vm-scale-09,request_rate,api,westeurope,rpm,2026-07-31 00:00:00,2586.538108992761,1093.2154620209158,4693.3499888641045,7
azure_cost,vm-scale-07,daily_cost,compute,westeurope,usd,2026-07-31 00:00:00,187.66697653710276,104.36604183245481,274.4858830052726,5
azure_monitor,vm-scale-01,cpu_utilization,compute,eastus,percent,2026-07-31 00:00:00,54.510979361341896,54.510979361341896,54.510979361341896,1
datadog,vm-scale-07,request_rate,api,centralus,rpm,2026-08-01 00:00:00,2407.962412904305,128.60497910447702,4159.014973115081,8
datadog,vm-scale-02,request_rate,api,eastus,rpm,2026-08-01 00:00:00,2527.1827325107765,366.5645626922091,4193.441099249451,5
azure_cost,vm-scale-06,daily_cost,compute,westeurope,usd,2026-08-01 00:00:00,173.09965654033664,53.72615307860357,237.51427337271997,4
azure_monitor,vm-scale-07,cpu_utilization,compute,westeurope,percent,2026-08-01 00:00:00,53.049960908679054,17.071491239999734,88.25861712665252,5
azure_monitor,vm-scale-09,cpu_utilization,compute,eastus,percent,2026-08-02 00:00:00,60.77267200614093,25.9888127243673,76.89624776770322,6
azure_monitor,vm-scale-07,cpu_utilization,compute,centralus,percent,2026-08-02 00:00:00,61.8427847842202,38.70075889591369,83.8772506800932,4
azure_monitor,vm-scale-08,cpu_utilization,compute,centralus,percent,2026-08-03 00:00:00,81.06149323750083,75.32140295116247,89.7851333595594,3
azure_cost,vm-scale-04,daily_cost,compute,westeurope,usd,2026-08-03 00:00:00,135.63705577302497,57.800793056536136,177.48488447860288,3
azure_cost,vm-scale-02,daily_cost,compute,centralus,usd,2026-08-03 00:00:00,202.57479814871775,153.53376926065997,251.61582703677553,2
datadog,vm-scale-09,request_rate,api,centralus,rpm,2026-08-03 00:00:00,883.1543617939722,883.1543617939722,883.1543617939722,1
azure_monitor,vm-scale-03,cpu_utilization,compute,centralus,percent,2026-08-03 00:00:00,39.3845120672233,16.701791604993737,70.14300772914227,3
datadog,vm-scale-08,request_rate,api,centralus,rpm,2026-08-03 00:00:00,3076.0428255037996,1315.0215874362698,4837.06406357133,2
azure_monitor,vm-scale-08,cpu_utilization,compute,westeurope,percent,2026-08-03 00:00:00,42.58122175320381,42.58122175320381,42.58122175320381,1
azure_monitor,vm-scale-09,cpu_utilization,compute,centralus,percent,2026-08-04 00:00:00,49.66183614545734,24.47126131720029,74.01653026113075,5
datadog,vm-scale-02,request_rate,api,centralus,rpm,2026-08-04 00:00:00,2787.7132212661268,1247.9064866089195,4911.990887891981,4
azure_cost,vm-scale-03,daily_cost,compute,eastus,usd,2026-08-04 00:00:00,153.15716532473172,101.49135683014936,218.68311017999878,5
azure_monitor,vm-scale-05,cpu_utilization,compute,centralus,percent,2026-08-04 00:00:00,59.88967338937236,34.314633028561914,85.46471375018281,2
azure_cost,vm-scale-09,daily_cost,compute,westeurope,usd,2026-08-04 00:00:00,165.30209667030144,83.08866500407035,222.96119538687145,5
datadog,vm-scale-01,request_rate,api,eastus,rpm,2026-08-04 00:00:00,3160.160096046323,2462.513427466054,3857.8067646265913,2
datadog,vm-scale-02,request_rate,api,westeurope,rpm,2026-08-04 00:00:00,2023.524343714281,1104.5534570878208,3290.805754801834,5
datadog,vm-scale-01,request_rate,api,centralus,rpm,2026-08-04 00:00:00,2685.3104999192055,2685.3104999192055,2685.3104999192055,1
azure_cost,vm-scale-08,daily_cost,compute,westeurope,usd,2026-08-04 00:00:00,214.49147116227073,163.11730649605687,263.6339881915833,3
azure_cost,vm-scale-05,daily_cost,compute,eastus,usd,2026-08-04 00:00:00,110.02552533736163,43.28532510125114,243.0132723508693,3
azure_monitor,vm-scale-01,cpu_utilization,compute,centralus,percent,2026-08-04 00:00:00,85.83173290891813,85.83173290891813,85.83173290891813,1
azure_monitor,vm-scale-03,cpu_utilization,compute,eastus,percent,2026-08-04 00:00:00,73.1355092970862,73.1355092970862,73.1355092970862,1
azure_monitor,vm-scale-09,cpu_utilization,compute,centralus,percent,2026-08-05 00:00:00,42.23073443712785,15.015955891011043,84.15776174103829,6
azure_monitor,vm-scale-03,cpu_utilization,compute,eastus,percent,2026-08-05 00:00:00,74.4332833761484,62.108745063872874,89.01658661182738,7
azure_cost,vm-scale-08,daily_cost,compute,westeurope,usd,2026-08-05 00:00:00,176.05569972164724,56.026583389082276,260.94875419924927,4
azure_cost,vm-scale-09,daily_cost,compute,westeurope,usd,2026-08-05 00:00:00,228.07787331661268,177.10571048148515,279.0500361517402,2
azure_cost,vm-scale-05,daily_cost,compute,eastus,usd,2026-08-05 00:00:00,178.81800684937048,135.51045422788962,222.12555947085136,2
datadog,vm-scale-02,request_rate,api,centralus,rpm,2026-08-05 00:00:00,2728.414241895226,133.68171053104538,4199.894182335804,5
datadog,vm-scale-02,request_rate,api,westeurope,rpm,2026-08-05 00:00:00,3033.483672021107,1840.4509090514644,4226.516434990749,2
azure_monitor,vm-scale-01,cpu_utilization,compute,centralus,percent,2026-08-05 00:00:00,42.97840605730891,22.254752470303075,79.31524618089674,4
azure_cost,vm-scale-03,daily_cost,compute,eastus,usd,2026-08-05 00:00:00,190.81057385010791,113.58865550158575,236.73068526292536,4
datadog,vm-scale-01,request_rate,api,centralus,rpm,2026-08-05 00:00:00,3332.881607778938,1674.259073823447,4582.658931494117,3
datadog,vm-scale-01,request_rate,api,eastus,rpm,2026-08-05 00:00:00,463.2791473553844,463.2791473553844,463.2791473553844,1
azure_monitor,vm-scale-05,cpu_utilization,compute,centralus,percent,2026-08-05 00:00:00,40.39982799064562,16.844165312077642,63.9554906692136,2
datadog,vm-scale-08,request_rate,api,eastus,rpm,2026-08-06 00:00:00,3051.9813533419187,700.6710106565965,4936.693725986491,6
datadog,vm-scale-04,request_rate,api,westeurope,rpm,2026-08-06 00:00:00,3450.9431432811443,3450.9431432811443,3450.9431432811443,1
datadog,vm-scale-05,request_rate,api,centralus,rpm,2026-08-06 00:00:00,1897.0048973771466,227.0273973972482,4557.5538786961415,4
azure_monitor,vm-scale-02,cpu_utilization,compute,westeurope,percent,2026-08-06 00:00:00,36.48371296942169,15.31022658570299,50.62385204047897,4
azure_cost,vm-scale-07,daily_cost,compute,eastus,usd,2026-08-06 00:00:00,107.61435797885072,57.3582037507513,143.58058247201234,7
datadog,vm-scale-07,request_rate,api,eastus,rpm,2026-08-06 00:00:00,1318.141376005522,1026.799719537322,1609.4830324737218,2
datadog,vm-scale-08,request_rate,api,centralus,rpm,2026-08-07 00:00:00,3750.323036907333,2350.0165719428514,4919.495462461946,3
datadog,vm-scale-09,request_rate,api,centralus,rpm,2026-08-07 00:00:00,2360.14106585496,1449.3965638779239,3228.1450451878054,5
azure_cost,vm-scale-04,daily_cost,compute,westeurope,usd,2026-08-07 00:00:00,94.87052314443096,73.40904363404118,116.33200265482073,2
azure_cost,vm-scale-02,daily_cost,compute,centralus,usd,2026-08-07 00:00:00,80.56440354637489,54.626591166699754,94.66096150468297,3
azure_monitor,vm-scale-03,cpu_utilization,compute,centralus,percent,2026-08-07 00:00:00,41.362553837540524,29.071969781273587,56.855431196577264,3
azure_monitor,vm-scale-08,cpu_utilization,compute,centralus,percent,2026-08-07 00:00:00,60.596335439626536,43.36164986034214,89.03170411025147,4
azure_monitor,vm-scale-09,cpu_utilization,compute,eastus,percent,2026-08-08 00:00:00,59.6200975076758,34.43012380244628,88.42642612116272,5
azure_monitor,vm-scale-07,cpu_utilization,compute,centralus,percent,2026-08-08 00:00:00,60.82558947404486,21.87012222127703,90.84687093496215,4
azure_monitor,vm-scale-07,cpu_utilization,compute,centralus,percent,2026-08-09 00:00:00,60.83978167763272,28.814488847201357,81.93402523424382,3
azure_monitor,vm-scale-09,cpu_utilization,compute,eastus,percent,2026-08-09 00:00:00,38.004620220636404,38.004620220636404,38.004620220636404,1
azure_monitor,vm-scale-08,cpu_utilization,compute,centralus,percent,2026-08-10 00:00:00,78.67354931995672,66.42032074992261,90.92677788999083,2
azure_monitor,vm-scale-08,cpu_utilization,compute,westeurope,percent,2026-08-10 00:00:00,35.38655238581645,30.56139580195229,40.49871489810222,4
azure_cost,vm-scale-02,daily_cost,compute,centralus,usd,2026-08-10 00:00:00,148.03599297500298,41.178051760921775,277.363568845828,5
datadog,vm-scale-08,request_rate,api,centralus,rpm,2026-08-10 00:00:00,1944.9214732440446,682.8299850240749,3207.012961464014,2
azure_monitor,vm-scale-03,cpu_utilization,compute,centralus,percent,2026-08-10 00:00:00,55.750769510772976,44.00657040735491,69.28512240292261,4
datadog,vm-scale-09,request_rate,api,centralus,rpm,2026-08-10 00:00:00,2600.726753072989,1074.7173738658905,3632.01753445914,3
azure_cost,vm-scale-04,daily_cost,compute,westeurope,usd,2026-08-10 00:00:00,178.8917576023105,116.61695034861424,256.18237723417303,4
azure_monitor,vm-scale-02,cpu_utilization,compute,centralus,percent,2026-08-11 00:00:00,45.46547543236499,23.8244803968014,63.06469630319712,6
azure_monitor,vm-scale-06,cpu_utilization,compute,westeurope,percent,2026-08-11 00:00:00,54.84515459482188,25.00325210770655,89.83671334479403,4
azure_cost,vm-scale-03,daily_cost,compute,westeurope,usd,2026-08-11 00:00:00,169.39739762713208,169.39739762713208,169.39739762713208,1
datadog,vm-scale-01,request_rate,api,westeurope,rpm,2026-08-11 00:00:00,3487.735780015084,3487.735780015084,3487.735780015084,1
azure_monitor,vm-scale-03,cpu_utilization,compute,centralus,percent,2026-08-12 00:00:00,71.90372120221096,49.8455170677177,87.61241893391593,3
azure_monitor,vm-scale-08,cpu_utilization,compute,westeurope,percent,2026-08-12 00:00:00,68.51978649007198,43.54175526857418,82.51211956326442,3
azure_cost,vm-scale-04,daily_cost,compute,westeurope,usd,2026-08-12 00:00:00,154.1225092635651,75.65991883711939,217.21772574456443,5
datadog,vm-scale-09,request_rate,api,centralus,rpm,2026-08-12 00:00:00,2278.986089257206,547.7083460301428,4825.834835263528,8
datadog,vm-scale-08,request_rate,api,centralus,rpm,2026-08-12 00:00:00,3443.8439989634026,1762.284093946902,4509.171998701222,6
azure_monitor,vm-scale-08,cpu_utilization,compute,centralus,percent,2026-08-12 00:00:00,74.14698751907338,74.14698751907338,74.14698751907338,1
azure_cost,vm-scale-02,daily_cost,compute,centralus,usd,2026-08-12 00:00:00,127.3328957437671,42.348492411179386,202.4230640790312,4
datadog,vm-scale-05,request_rate,api,westeurope,rpm,2026-08-13 00:00:00,2526.907873505311,952.9972643630625,4995.5719367260845,5
azure_monitor,vm-scale-07,cpu_utilization,compute,eastus,percent,2026-08-13 00:00:00,57.88584783259086,38.943136382240866,86.60314648125356,3
azure_cost,vm-scale-08,daily_cost,compute,centralus,usd,2026-08-13 00:00:00,145.11082595916076,82.95100407703359,207.2706478412879,2
datadog,vm-scale-09,request_rate,api,eastus,rpm,2026-08-13 00:00:00,4422.765585739163,4422.765585739163,4422.765585739163,1
datadog,vm-scale-06,request_rate,api,eastus,rpm,2026-08-14 00:00:00,3515.8859532368647,3432.8368038547987,3636.0820926107394,3
azure_monitor,vm-scale-01,cpu_utilization,compute,eastus,percent,2026-08-14 00:00:00,63.16902066399213,41.5996452179417,84.9184213470355,4
datadog,vm-scale-09,request_rate,api,westeurope,rpm,2026-08-14 00:00:00,2330.960731323592,953.9623584764627,4377.860411741451,8
datadog,vm-scale-03,request_rate,api,centralus,rpm,2026-08-14 00:00:00,3112.5200515731767,1821.5594164212237,4790.692097730791,5
azure_cost,vm-scale-07,daily_cost,compute,westeurope,usd,2026-08-14 00:00:00,256.6011353778066,246.18867711207525,267.0135936435379,2
azure_monitor,vm-scale-01,cpu_utilization,compute,eastus,percent,2026-08-15 00:00:00,73.93479032780942,43.94046529876034,89.81398964518596,4
azure_cost,vm-scale-07,daily_cost,compute,westeurope,usd,2026-08-15 00:00:00,183.7674093387598,50.42351830291959,267.9090670835899,7
datadog,vm-scale-03,request_rate,api,centralus,rpm,2026-08-15 00:00:00,2602.305507352144,961.6278979903266,4723.22349179376,3
datadog,vm-scale-09,request_rate,api,westeurope,rpm,2026-08-15 00:00:00,2155.2371987277456,861.3948998556078,4022.7448425217203,5
datadog,vm-scale-06,request_rate,api,eastus,rpm,2026-08-15 00:00:00,4591.438763462026,4591.438763462026,4591.438763462026,1
datadog,vm-scale-01,request_rate,api,westeurope,rpm,2026-08-16 00:00:00,4267.5190696190875,3653.520864749176,4881.517274488999,2
azure_monitor,vm-scale-02,cpu_utilization,compute,centralus,percent,2026-08-16 00:00:00,53.55683428020583,38.34878588651769,68.76488267389396,2
azure_cost,vm-scale-03,daily_cost,compute,westeurope,usd,2026-08-16 00:00:00,216.25546604203714,180.37218421006372,247.01437297840002,4
azure_monitor,vm-scale-06,cpu_utilization,compute,westeurope,percent,2026-08-16 00:00:00,63.61497006863366,18.42121040380122,86.08324151072674,4
datadog,vm-scale-07,request_rate,api,eastus,rpm,2026-08-17 00:00:00,4711.211662286782,4640.267341729992,4782.155982843572,2
datadog,vm-scale-05,request_rate,api,centralus,rpm,2026-08-17 00:00:00,4525.455911470763,4230.302934908713,4820.608888032812,2
azure_monitor,vm-scale-02,cpu_utilization,compute,westeurope,percent,2026-08-17 00:00:00,55.97610878397282,33.772122285314325,84.92985360532693,4
datadog,vm-scale-04,request_rate,api,westeurope,rpm,2026-08-17 00:00:00,2604.431352000555,942.5871732694023,4243.027276004365,6
datadog,vm-scale-08,request_rate,api,eastus,rpm,2026-08-17 00:00:00,2879.41700575318,2731.99015324006,3026.8438582663,2
datadog,vm-scale-04,request_rate,api,westeurope,rpm,2026-08-18 00:00:00,2327.8753848758097,172.91617885990374,4019.1888151149997,5
azure_monitor,vm-scale-02,cpu_utilization,compute,westeurope,percent,2026-08-18 00:00:00,35.673554714296735,19.129422007140146,53.9618732399792,3
azure_cost,vm-scale-07,daily_cost,compute,eastus,usd,2026-08-18 00:00:00,188.40762088963402,134.6116989863601,275.4092405207904,4
datadog,vm-scale-08,request_rate,api,eastus,rpm,2026-08-18 00:00:00,1469.974122182718,274.9947865395138,3213.559146502754,4
datadog,vm-scale-07,request_rate,api,eastus,rpm,2026-08-18 00:00:00,3125.6751674938077,1139.9590370998794,4789.4255450883575,5
datadog,vm-scale-05,request_rate,api,centralus,rpm,2026-08-18 00:00:00,1411.816570788861,356.71545920002166,2466.9176823777007,2
azure_monitor,vm-scale-02,cpu_utilization,compute,eastus,percent,2026-08-19 00:00:00,59.60237063091943,26.188395215006615,78.32754108541845,6
azure_monitor,vm-scale-09,cpu_utilization,compute,westeurope,percent,2026-08-19 00:00:00,51.07514659212109,19.675525403303286,82.47476778093889,2
azure_cost,vm-scale-04,daily_cost,compute,eastus,usd,2026-08-19 00:00:00,197.51715115761743,151.31200247479603,255.94738768776645,4
datadog,vm-scale-05,request_rate,api,westeurope,rpm,2026-08-20 00:00:00,2626.3036885528772,2417.4698037257094,2835.1375733800446,2
azure_monitor,vm-scale-07,cpu_utilization,compute,eastus,percent,2026-08-20 00:00:00,45.87231987364191,36.837702364663826,60.21099127047001,3
datadog,vm-scale-09,request_rate,api,eastus,rpm,2026-08-20 00:00:00,1733.4463135104595,483.3751957509782,2549.1387991752113,3
azure_cost,vm-scale-08,daily_cost,compute,centralus,usd,2026-08-20 00:00:00,180.3037466951363,56.497789437159646,274.7959810542221,3
datadog,vm-scale-06,request_rate,api,centralus,rpm,2026-08-21 00:00:00,1491.6515428354812,894.5348825005178,2155.146150453146,6
datadog,vm-scale-06,request_rate,api,westeurope,rpm,2026-08-21 00:00:00,1230.9672066359467,237.97255498695915,2223.9618582849344,2
azure_cost,vm-scale-06,daily_cost,compute,centralus,usd,2026-08-21 00:00:00,131.61017584789232,73.09778325814887,206.4356538851362,5
azure_cost,vm-scale-09,daily_cost,compute,eastus,usd,2026-08-22 00:00:00,95.48862449440361,49.68253000036158,141.29471898844562,2
azure_monitor,vm-scale-05,cpu_utilization,compute,westeurope,percent,2026-08-22 00:00:00,70.03072553997016,55.31798248383309,91.6256269567384,4
datadog,vm-scale-04,request_rate,api,centralus,rpm,2026-08-22 00:00:00,2972.156053436253,2268.2865147783587,3828.0805976030247,4
datadog,vm-scale-04,request_rate,api,eastus,rpm,2026-08-22 00:00:00,2100.9129121117517,610.3805542841407,4513.615846767238,5
azure_monitor,vm-scale-04,cpu_utilization,compute,centralus,percent,2026-08-22 00:00:00,48.25540668554323,35.31050341640057,58.890469224491795,4
azure_cost,vm-scale-02,daily_cost,compute,westeurope,usd,2026-08-22 00:00:00,125.29337137989194,81.78517554810159,175.34607684964806,4
datadog,vm-scale-05,request_rate,api,eastus,rpm,2026-08-22 00:00:00,1517.3849154192533,829.4826135815434,2567.853103077913,3
azure_cost,vm-scale-09,daily_cost,compute,centralus,usd,2026-08-22 00:00:00,149.78912593170548,73.68950482009888,242.2152105650639,6
datadog,vm-scale-03,request_rate,api,eastus,rpm,2026-08-22 00:00:00,1731.6854282509776,1731.6854282509776,1731.6854282509776,1
azure_cost,vm-scale-05,daily_cost,compute,eastus,usd,2026-08-23 00:00:00,167.75142468110943,60.785237929463314,206.73478014698253,5
datadog,vm-scale-01,request_rate,api,centralus,rpm,2026-08-23 00:00:00,3144.2994838817594,1650.394308058917,4524.583458196505,4
azure_cost,vm-scale-09,daily_cost,compute,westeurope,usd,2026-08-23 00:00:00,153.51463682812567,97.06905424747822,208.24670685350344,4
datadog,vm-scale-02,request_rate,api,westeurope,rpm,2026-08-23 00:00:00,2101.78369657772,402.3808446090153,4281.669342571062,8
azure_monitor,vm-scale-05,cpu_utilization,compute,centralus,percent,2026-08-23 00:00:00,38.72297803752789,25.482326942905754,70.03743434807032,4
datadog,vm-scale-02,request_rate,api,centralus,rpm,2026-08-23 00:00:00,1840.6276731324517,119.78611746672352,4368.321641006192,4
azure_monitor,vm-scale-03,cpu_utilization,compute,eastus,percent,2026-08-23 00:00:00,55.25421829695006,30.35171250554916,77.69466586425987,5
azure_monitor,vm-scale-09,cpu_utilization,compute,centralus,percent,2026-08-23 00:00:00,87.79567873440284,87.79567873440284,87.79567873440284,1
azure_cost,vm-scale-08,daily_cost,compute,westeurope,usd,2026-08-23 00:00:00,120.22427787770498,43.41213292932858,205.38615644276223,6
azure_cost,vm-scale-03,daily_cost,compute,eastus,usd,2026-08-23 00:00:00,75.12075733605387,50.519459536884604,101.01540582496752,3
datadog,vm-scale-01,request_rate,api,eastus,rpm,2026-08-23 00:00:00,570.4674090398769,265.1383490309372,875.7964690488167,2
azure_monitor,vm-scale-01,cpu_utilization,compute,centralus,percent,2026-08-23 00:00:00,37.295461711456554,16.71232986713158,57.87859355578153,2
datadog,vm-scale-03,request_rate,api,eastus,rpm,2026-08-24 00:00:00,3130.240799009696,1696.5478662513424,4516.856580272884,4
datadog,vm-scale-04,request_rate,api,centralus,rpm,2026-08-24 00:00:00,2968.506489977221,983.9122323590626,4560.026078354893,7
azure_cost,vm-scale-02,daily_cost,compute,westeurope,usd,2026-08-24 00:00:00,133.7371236212726,96.2881580057708,195.92171012457192,5
azure_monitor,vm-scale-05,cpu_utilization,compute,westeurope,percent,2026-08-24 00:00:00,67.7521182057868,62.636407358328626,70.832276305047,3
azure_monitor,vm-scale-04,cpu_utilization,compute,centralus,percent,2026-08-24 00:00:00,20.579658120669706,20.544893484167524,20.614422757171887,2
azure_cost,vm-scale-09,daily_cost,compute,eastus,usd,2026-08-24 00:00:00,147.12985018164468,45.98969028079699,224.20006367133846,7
azure_cost,vm-scale-09,daily_cost,compute,centralus,usd,2026-08-24 00:00:00,188.44335522976948,128.31038314482754,263.8604691798233,3
datadog,vm-scale-04,request_rate,api,eastus,rpm,2026-08-24 00:00:00,2133.8483747488076,1011.2168488922331,3256.4799006053818,2
datadog,vm-scale-05,request_rate,api,eastus,rpm,2026-08-24 00:00:00,3568.4744565740666,2231.4274949911337,4905.521418156999,2
azure_cost,vm-scale-01,daily_cost,compute,eastus,usd,2026-08-25 00:00:00,91.92989657066666,42.1248348643216,148.62170899562506,4
azure_monitor,vm-scale-03,cpu_utilization,compute,westeurope,percent,2026-08-25 00:00:00,60.35460769153747,60.35460769153747,60.35460769153747,1
datadog,vm-scale-07,request_rate,api,westeurope,rpm,2026-08-26 00:00:00,2999.3418788569243,289.5290261273433,4494.361191491123,5
azure_cost,vm-scale-01,daily_cost,compute,centralus,usd,2026-08-26 00:00:00,135.3676992249099,86.36924204205218,184.36615640776762,2
azure_monitor,vm-scale-06,cpu_utilization,compute,eastus,percent,2026-08-26 00:00:00,70.19398308241256,49.03239098322353,89.2627046180746,4
azure_cost,vm-scale-03,daily_cost,compute,centralus,usd,2026-08-26 00:00:00,137.76806280363985,121.286355056476,154.24977055080373,2
azure_monitor,vm-scale-04,cpu_utilization,compute,westeurope,percent,2026-08-26 00:00:00,45.150316215581505,22.978144668779297,63.17123562122203,3
azure_cost,vm-scale-06,daily_cost,compute,eastus,usd,2026-08-26 00:00:00,203.17469483732827,83.38129542647917,273.41970168202994,4
azure_cost,vm-scale-02,daily_cost,compute,eastus,usd,2026-08-26 00:00:00,123.5941447946722,72.31211561805554,163.57220871948348,5
azure_cost,vm-scale-07,daily_cost,compute,centralus,usd,2026-08-26 00:00:00,143.83420314388252,125.62954118874623,180.10549302683899,3
azure_cost,vm-scale-05,daily_cost,compute,centralus,usd,2026-08-26 00:00:00,203.5833973728857,130.81689808400495,276.3498966617665,2
azure_cost,vm-scale-05,daily_cost,compute,westeurope,usd,2026-08-27 00:00:00,180.52509151999303,100.0349804060237,274.96002522095887,4
azure_cost,vm-scale-01,daily_cost,compute,westeurope,usd,2026-08-27 00:00:00,198.39070153859953,138.8628134027286,276.8095801185206,3
azure_cost,vm-scale-04,daily_cost,compute,centralus,usd,2026-08-27 00:00:00,178.8065976594469,74.44418770592296,259.5180944802487,3
azure_cost,vm-scale-07,daily_cost,compute,centralus,usd,2026-08-28 00:00:00,122.97281326232306,67.79335814582527,170.54677086122274,4
azure_cost,vm-scale-03,daily_cost,compute,centralus,usd,2026-08-28 00:00:00,162.9568174907459,48.30994816946678,224.59997881513715,4
azure_cost,vm-scale-02,daily_cost,compute,eastus,usd,2026-08-28 00:00:00,156.25842910204136,53.90917375113878,219.21806005569195,5
azure_monitor,vm-scale-04,cpu_utilization,compute,westeurope,percent,2026-08-28 00:00:00,59.52253303217814,49.43997055619916,69.60509550815712,2
azure_cost,vm-scale-01,daily_cost,compute,centralus,usd,2026-08-28 00:00:00,115.1441372050808,65.06197884068378,199.37734269097524,5
datadog,vm-scale-07,request_rate,api,westeurope,rpm,2026-08-28 00:00:00,3076.3697434090805,1641.1687284009467,4488.4671825765545,3
azure_cost,vm-scale-06,daily_cost,compute,eastus,usd,2026-08-28 00:00:00,167.87357783009284,73.15964099717773,262.58751466300794,2
azure_monitor,vm-scale-06,cpu_utilization,compute,eastus,percent,2026-08-28 00:00:00,59.75972578894416,26.625179689879094,89.34881237670514,3
azure_cost,vm-scale-05,daily_cost,compute,centralus,usd,2026-08-28 00:00:00,189.88197382849629,178.95191226214294,200.81203539484963,2
azure_cost,vm-scale-07,daily_cost,compute,eastus,usd,2026-08-29 00:00:00,119.11574941020606,40.105509019370146,183.22800136110632,5
datadog,vm-scale-08,request_rate,api,eastus,rpm,2026-08-29 00:00:00,2531.257131767373,524.7228110998863,4384.279235985037,5
datadog,vm-scale-05,request_rate,api,centralus,rpm,2026-08-29 00:00:00,3072.154625626835,830.2384845284163,4315.309723419508,4
datadog,vm-scale-07,request_rate,api,eastus,rpm,2026-08-29 00:00:00,2598.8703766330786,1155.4416389207881,4897.005025241815,6
azure_monitor,vm-scale-02,cpu_utilization,compute,westeurope,percent,2026-08-29 00:00:00,53.010113933783046,28.561436345514256,79.75170685671063,5
datadog,vm-scale-04,request_rate,api,westeurope,rpm,2026-08-29 00:00:00,2264.507776433804,201.29740668898435,4094.630606719568,4
datadog,vm-scale-03,request_rate,api,centralus,rpm,2026-08-30 00:00:00,2431.16400031555,1071.6988868185667,3790.6291138125334,2
azure_cost,vm-scale-07,daily_cost,compute,westeurope,usd,2026-08-30 00:00:00,207.4530727814776,202.80734115516898,212.09880440778622,2
datadog,vm-scale-09,request_rate,api,westeurope,rpm,2026-08-30 00:00:00,2747.2706768676903,1465.311005324217,4287.946518039402,4
azure_monitor,vm-scale-01,cpu_utilization,compute,eastus,percent,2026-08-30 00:00:00,60.36371037974114,15.672128117083714,91.73144247100967,6
datadog,vm-scale-06,request_rate,api,eastus,rpm,2026-08-30 00:00:00,2058.1015816976055,1938.7149509683,2177.488212426911,2
azure_cost,vm-scale-08,daily_cost,compute,westeurope,usd,2026-08-31 00:00:00,143.03655625873645,89.55018322676061,244.2761062309288,6
azure_cost,vm-scale-05,daily_cost,compute,eastus,usd,2026-08-31 00:00:00,139.50500177104365,70.42325135919722,266.17642447469206,3
azure_monitor,vm-scale-05,cpu_utilization,compute,centralus,percent,2026-08-31 00:00:00,62.60979505180536,25.79157213854816,87.85430207792855,6
azure_cost,vm-scale-03,daily_cost,compute,eastus,usd,2026-08-31 00:00:00,247.27902067132212,247.27902067132212,247.27902067132212,1
azure_monitor,vm-scale-09,cpu_utilization,compute,centralus,percent,2026-08-31 00:00:00,51.76516820820899,44.31823833255113,59.212098083866856,2
azure_monitor,vm-scale-01,cpu_utilization,compute,centralus,percent,2026-08-31 00:00:00,38.8475708245202,21.245416332803522,67.25521952548725,3
datadog,vm-scale-02,request_rate,api,centralus,rpm,2026-08-31 00:00:00,3967.2254688196313,3543.2173581337747,4739.767484996855,3
datadog,vm-scale-01,request_rate,api,eastus,rpm,2026-08-31 00:00:00,2660.2535373386386,421.55220814287657,4859.7530060641175,7
datadog,vm-scale-02,request_rate,api,westeurope,rpm,2026-08-31 00:00:00,2589.5689559169286,773.5230333399858,4954.445815585777,4
azure_cost,vm-scale-09,daily_cost,compute,westeurope,usd,2026-08-31 00:00:00,144.39940537352214,47.03873905547502,269.067216428753,4
datadog,vm-scale-01,request_rate,api,centralus,rpm,2026-08-31 00:00:00,2587.04604580048,1577.1023633231634,3596.989728277797,2
azure_monitor,vm-scale-03,cpu_utilization,compute,eastus,percent,2026-08-31 00:00:00,61.86809324086885,61.86809324086885,61.86809324086885,1
datadog,vm-scale-03,request_rate,api,eastus,rpm,2026-09-01 00:00:00,3192.896961819332,739.709189826218,4740.580907014035,4
datadog,vm-scale-04,request_rate,api,centralus,rpm,2026-09-01 00:00:00,1406.16062352078,878.0363385599883,2384.481382338883,3
datadog,vm-scale-05,request_rate,api,eastus,rpm,2026-09-01 00:00:00,3015.4814690923645,708.2589613851565,4292.333038246019,3
azure_cost,vm-scale-09,daily_cost,compute,centralus,usd,2026-09-01 00:00:00,187.18570796706783,120.68627085357218,253.68514508056347,2
azure_cost,vm-scale-09,daily_cost,compute,eastus,usd,2026-09-01 00:00:00,129.1385676980563,48.69958820849764,209.57754718761498,2
datadog,vm-scale-04,request_rate,api,eastus,rpm,2026-09-01 00:00:00,2635.5156156145495,372.8239865998295,4898.20724462927,2
azure_monitor,vm-scale-04,cpu_utilization,compute,centralus,percent,2026-09-01 00:00:00,39.01953888546716,18.608323824613727,66.3621793858911,7
azure_cost,vm-scale-02,daily_cost,compute,westeurope,usd,2026-09-01 00:00:00,156.42985948205273,85.42448284225621,241.8940098319072,4
datadog,vm-scale-04,request_rate,api,eastus,rpm,2026-09-02 00:00:00,2590.9907940839944,1509.9103807178385,4210.7741596609385,6
azure_cost,vm-scale-09,daily_cost,compute,eastus,usd,2026-09-02 00:00:00,149.81468514184425,82.59513515206929,235.7315155916897,3
azure_monitor,vm-scale-05,cpu_utilization,compute,westeurope,percent,2026-09-02 00:00:00,22.284772166187217,17.337323832541816,27.232220499832618,2
datadog,vm-scale-03,request_rate,api,eastus,rpm,2026-09-02 00:00:00,2799.133476540087,1563.1973009611486,4523.517009566959,4
azure_cost,vm-scale-02,daily_cost,compute,westeurope,usd,2026-09-02 00:00:00,172.0885071272823,79.74023120821113,266.8703888637493,5
datadog,vm-scale-04,request_rate,api,centralus,rpm,2026-09-02 00:00:00,2067.281824910096,938.0454179889298,2829.244331125148,4
azure_monitor,vm-scale-04,cpu_utilization,compute,centralus,percent,2026-09-02 00:00:00,44.84491628725482,40.26215815267878,49.42767442183086,2
datadog,vm-scale-05,request_rate,api,eastus,rpm,2026-09-02 00:00:00,2242.340345576583,577.2722219713696,3589.9384563403864,4
azure_monitor,vm-scale-03,cpu_utilization,compute,westeurope,percent,2026-09-03 00:00:00,64.13543620284483,40.99060264900183,76.03064170893407,4
azure_cost,vm-scale-01,daily_cost,compute,eastus,usd,2026-09-03 00:00:00,78.28737988516335,78.28737988516335,78.28737988516335,1
azure_monitor,vm-scale-02,cpu_utilization,compute,westeurope,percent,2026-09-04 00:00:00,77.64932397387916,65.05034634753824,85.49798414265643,3
datadog,vm-scale-05,request_rate,api,centralus,rpm,2026-09-04 00:00:00,2921.0014620484503,2921.0014620484503,2921.0014620484503,1
datadog,vm-scale-08,request_rate,api,eastus,rpm,2026-09-04 00:00:00,2810.5142827403265,702.5598083941674,4918.468757086485,2
azure_cost,vm-scale-07,daily_cost,compute,eastus,usd,2026-09-04 00:00:00,159.49048216077824,150.56244919346142,168.41851512809507,2
datadog,vm-scale-07,request_rate,api,eastus,rpm,2026-09-04 00:00:00,461.83382501699384,461.83382501699384,461.83382501699384,1
azure_monitor,vm-prod-01,cpu_utilization,compute,centralus,percent,2026-07-16 00:00:00,45.10527995393121,40.25359608836168,49.976516286624566,24
azure_monitor,vm-prod-01,memory_utilization,compute,centralus,percent,2026-06-15 00:00:00,55.17418009876498,53.00000036902093,56.99150910157074,264
azure_monitor,vm-dev-01,memory_utilization,development,centralus,percent,2026-06-17 00:00:00,12.024702632271332,11.000584109458265,12.999427412734754,264
azure_monitor,vm-prod-02,cpu_utilization,compute,centralus,percent,2026-06-17 00:00:00,42.6801056530274,39.300109732130196,45.32814212352963,264
azure_monitor,vm-prod-01,cpu_utilization,compute,centralus,percent,2026-06-24 00:00:00,44.87913231154922,40.01802732750711,49.99298970606451,264
azure_monitor,vm-dev-01,memory_utilization,development,centralus,percent,2026-06-26 00:00:00,11.987571063481514,11.010811140733617,12.99728756111149,264
azure_monitor,vm-prod-02,cpu_utilization,compute,centralus,percent,2026-06-26 00:00:00,56.13233499218109,52.737843873670585,58.748057852601,264
azure_monitor,vm-prod-01,cpu_utilization,compute,centralus,percent,2026-06-28 00:00:00,44.942116844144834,40.01154573821764,49.99029454206916,264
azure_monitor,vm-prod-02,memory_utilization,compute,centralus,percent,2026-06-30 00:00:00,59.993246026375814,59.008235440574765,60.99995735675047,264
datadog,svc-api-gateway,error_rate,api,eastus2,percent,2026-06-30 00:00:00,0.4986087716399411,0.30224887494032615,0.6984709131269868,264
azure_monitor,vm-dev-01,memory_utilization,development,centralus,percent,2026-07-02 00:00:00,12.028333211107704,11.01397593706463,12.996732049805562,264
azure_monitor,vm-prod-02,cpu_utilization,compute,centralus,percent,2026-07-02 00:00:00,65.28931804307066,61.414315219833306,67.98732359853348,264
azure_monitor,vm-dev-01,cpu_utilization,development,centralus,percent,2026-07-07 00:00:00,8.01618612742738,6.0008052249963075,9.984113687034226,283
datadog,svc-api-gateway,request_rate,api,eastus2,rpm,2026-07-09 00:00:00,1200.7623683377492,1100.2501148707333,1299.8302625239946,288
azure_monitor,vm-dev-01,cpu_utilization,development,centralus,percent,2026-07-10 00:00:00,8.006444431815325,6.007779894287008,9.998631614845696,288
azure_cost,svc-api-gateway,daily_cost,api,eastus2,usd,2026-06-17 00:00:00,49.77164986881514,48.271347147134065,51.69410805330876,11
azure_cost,vm-prod-02,daily_cost,compute,centralus,usd,2026-06-19 00:00:00,149.43292348743242,142.20835102443138,155.45489178892163,11
azure_cost,vm-dev-01,daily_cost,development,centralus,usd,2026-06-21 00:00:00,9.91517152657606,9.030718756300402,10.764223169111684,11
azure_cost,svc-api-gateway,daily_cost,api,eastus2,usd,2026-06-26 00:00:00,50.07977850359198,48.325860349767915,51.551989518946904,11
azure_cost,svc-api-gateway,daily_cost,api,eastus2,usd,2026-07-02 00:00:00,49.72174561186769,48.40001885350735,51.1589588584885,11
azure_cost,vm-dev-01,daily_cost,development,centralus,usd,2026-07-03 00:00:00,10.043464268115205,9.291716319728557,10.889068036382472,11
azure_cost,vm-prod-01,daily_cost,compute,centralus,usd,2026-07-07 00:00:00,99.81926885552402,95.68116567553331,103.78902440752545,12
azure_cost,vm-prod-01,daily_cost,compute,centralus,usd,2026-07-10 00:00:00,101.2797639065709,95.0349974091173,104.95327143030718,12
azure_monitor,vm-prod-02,memory_utilization,compute,centralus,percent,2026-07-18 00:00:00,60.0861826424576,59.00809242362137,60.988302370194226,24
datadog,svc-api-gateway,error_rate,api,eastus2,percent,2026-07-18 00:00:00,0.4883872336581789,0.3254866852878315,0.69270983827926,24
azure_monitor,vm-dev-01,memory_utilization,development,centralus,percent,2026-07-19 00:00:00,12.069378179326067,11.003163626984001,12.862945617004486,24
azure_monitor,vm-prod-02,cpu_utilization,compute,centralus,percent,2026-07-19 00:00:00,53.53857271793373,52.091338947743864,54.89309996298121,24
azure_monitor,vm-dev-01,memory_utilization,development,centralus,percent,2026-07-20 00:00:00,12.000893812530398,11.290711986706915,12.932667585344333,24
azure_monitor,vm-prod-02,cpu_utilization,compute,centralus,percent,2026-07-20 00:00:00,54.92097326159121,53.17111595808369,57.17247220978318,24
azure_monitor,vm-prod-02,memory_utilization,compute,centralus,percent,2026-07-27 00:00:00,59.91108533966729,59.02221376766766,60.986273354991226,24
datadog,svc-api-gateway,error_rate,api,eastus2,percent,2026-07-27 00:00:00,0.46826484588938516,0.3000017619630805,0.6522531732979215,24
azure_monitor,vm-prod-02,memory_utilization,compute,centralus,percent,2026-07-30 00:00:00,60.0724392292586,59.11143898226677,60.97788359314443,24
datadog,svc-api-gateway,error_rate,api,eastus2,percent,2026-07-30 00:00:00,0.5201589355610444,0.33288326334603124,0.6955874538647346,24
azure_monitor,vm-dev-01,cpu_utilization,development,centralus,percent,2026-08-01 00:00:00,8.032888455122107,6.0307747974765205,9.96754732866978,24
azure_monitor,vm-prod-02,memory_utilization,compute,centralus,percent,2026-08-02 00:00:00,60.14738941237118,59.205300633409315,60.83414211972397,24
datadog,svc-api-gateway,error_rate,api,eastus2,percent,2026-08-02 00:00:00,0.49873199844998667,0.31029567640120204,0.6791271535636638,24
azure_cost,vm-prod-01,daily_cost,compute,centralus,usd,2026-07-14 00:00:00,98.37692726019311,98.37692726019311,98.37692726019311,1
azure_cost,svc-api-gateway,daily_cost,api,eastus2,usd,2026-07-16 00:00:00,49.44157319230517,49.44157319230517,49.44157319230517,1
azure_cost,svc-api-gateway,daily_cost,api,eastus2,usd,2026-07-19 00:00:00,49.10973852868756,49.10973852868756,49.10973852868756,1
azure_cost,svc-api-gateway,daily_cost,api,eastus2,usd,2026-07-20 00:00:00,50.36509207909666,50.36509207909666,50.36509207909666,1
azure_cost,vm-dev-01,daily_cost,development,centralus,usd,2026-07-21 00:00:00,10.100442712142094,10.100442712142094,10.100442712142094,1
azure_cost,vm-prod-01,daily_cost,compute,centralus,usd,2026-08-01 00:00:00,99.94389683880577,99.94389683880577,99.94389683880577,1
azure_monitor,vm-scale-08,cpu_utilization,compute,westeurope,percent,2026-07-30 00:00:00,48.98059785570874,43.75706988962841,54.20412582178907,2
azure_cost,vm-scale-02,daily_cost,compute,centralus,usd,2026-07-30 00:00:00,180.26442208841868,141.76660408754987,206.51196350604022,3
datadog,vm-scale-08,request_rate,api,centralus,rpm,2026-07-30 00:00:00,1713.7400327820367,1713.7400327820367,1713.7400327820367,1
azure_monitor,vm-scale-08,cpu_utilization,compute,centralus,percent,2026-07-30 00:00:00,21.404614284984568,21.404614284984568,21.404614284984568,1
azure_cost,vm-scale-04,daily_cost,compute,westeurope,usd,2026-07-30 00:00:00,210.71871047043953,193.93063062323466,227.5067903176444,2
datadog,vm-scale-09,request_rate,api,centralus,rpm,2026-07-30 00:00:00,1043.098264377844,1043.098264377844,1043.098264377844,1
azure_monitor,vm-scale-03,cpu_utilization,compute,centralus,percent,2026-07-30 00:00:00,16.0541668608623,16.0541668608623,16.0541668608623,1
azure_cost,vm-scale-06,daily_cost,compute,westeurope,usd,2026-07-31 00:00:00,164.04255967648055,75.22391831186738,244.8403914394904,5
datadog,vm-scale-02,request_rate,api,eastus,rpm,2026-07-31 00:00:00,1732.0737655225482,360.5059933541868,2675.6527169378937,3
azure_monitor,vm-scale-07,cpu_utilization,compute,westeurope,percent,2026-07-31 00:00:00,30.512170650973196,30.512170650973196,30.512170650973196,1
datadog,vm-scale-09,request_rate,api,westeurope,rpm,2026-08-01 00:00:00,2237.050920651579,384.87369640443706,3434.045621799908,7
datadog,vm-scale-06,request_rate,api,eastus,rpm,2026-08-01 00:00:00,3225.390922754412,2227.5411507480167,4223.240694760807,2
datadog,vm-scale-03,request_rate,api,centralus,rpm,2026-08-01 00:00:00,2631.2368836422615,1180.9810139798972,4112.299462587178,3
azure_cost,vm-scale-07,daily_cost,compute,westeurope,usd,2026-08-01 00:00:00,143.96006230853897,143.96006230853897,143.96006230853897,1
azure_monitor,vm-scale-01,cpu_utilization,compute,eastus,percent,2026-08-01 00:00:00,64.47060503789248,37.908904099487856,91.03230597629712,2
datadog,vm-scale-09,request_rate,api,centralus,rpm,2026-08-02 00:00:00,2688.685959136783,703.4216704712337,4729.979994850101,4
azure_cost,vm-scale-02,daily_cost,compute,centralus,usd,2026-08-02 00:00:00,171.97586962329237,120.67024333782877,229.80548966110794,7
azure_monitor,vm-scale-08,cpu_utilization,compute,centralus,percent,2026-08-02 00:00:00,46.95171287498688,19.13097711608321,61.67848511004179,4
azure_cost,vm-scale-04,daily_cost,compute,westeurope,usd,2026-08-02 00:00:00,168.73915389354397,108.37415232005547,205.13774917002428,3
datadog,vm-scale-08,request_rate,api,centralus,rpm,2026-08-02 00:00:00,2758.948938392828,489.3038481724287,4563.36046216714,3
azure_monitor,vm-scale-03,cpu_utilization,compute,centralus,percent,2026-08-02 00:00:00,63.098776872152456,48.05531114730616,78.14224259699876,2
azure_monitor,vm-scale-08,cpu_utilization,compute,westeurope,percent,2026-08-02 00:00:00,37.986501976568384,20.083919988161355,51.320561917911526,3
azure_monitor,vm-scale-09,cpu_utilization,compute,eastus,percent,2026-08-03 00:00:00,56.971321737703875,33.50711958307702,80.43552389233072,2
azure_monitor,vm-scale-07,cpu_utilization,compute,centralus,percent,2026-08-03 00:00:00,56.56395847325072,38.96459560875011,66.13474251093743,3
azure_monitor,vm-scale-02,cpu_utilization,compute,centralus,percent,2026-08-04 00:00:00,55.38998052118088,27.95824138700783,77.56184812365166,6
azure_monitor,vm-scale-06,cpu_utilization,compute,westeurope,percent,2026-08-04 00:00:00,27.20776261783757,17.56099035756924,35.92136349881693,3
datadog,vm-scale-01,request_rate,api,westeurope,rpm,2026-08-04 00:00:00,1961.099258626313,118.51880974651358,3542.517463416533,4
azure_monitor,vm-scale-02,cpu_utilization,compute,centralus,percent,2026-08-05 00:00:00,60.01779468055237,24.90919898193033,88.3575271356274,4
azure_cost,vm-scale-03,daily_cost,compute,westeurope,usd,2026-08-05 00:00:00,103.99738239718738,45.690999366640455,177.96062265623254,5
azure_monitor,vm-scale-06,cpu_utilization,compute,westeurope,percent,2026-08-05 00:00:00,21.03696067624948,16.257206935388208,25.816714417110752,2
datadog,vm-scale-01,request_rate,api,westeurope,rpm,2026-08-05 00:00:00,2625.2264083522687,864.7544902997823,4385.698326404755,2
azure_monitor,vm-scale-03,cpu_utilization,compute,westeurope,percent,2026-08-06 00:00:00,52.25989226176538,37.45497599042294,77.30419125852448,6
azure_cost,vm-scale-01,daily_cost,compute,eastus,usd,2026-08-06 00:00:00,125.35938558660048,96.17538214716195,180.45394702132467,3
azure_monitor,vm-scale-07,cpu_utilization,compute,centralus,percent,2026-08-07 00:00:00,53.38309655375068,17.41546261594425,74.15671883673748,6
azure_monitor,vm-scale-09,cpu_utilization,compute,eastus,percent,2026-08-07 00:00:00,45.10238249421841,15.493338176419076,88.51261776578772,5
datadog,vm-scale-08,request_rate,api,centralus,rpm,2026-08-08 00:00:00,2555.472478968047,844.476870129842,4085.576913125423,8
azure_monitor,vm-scale-03,cpu_utilization,compute,centralus,percent,2026-08-08 00:00:00,61.189511640238344,38.11040646184401,89.64573441319747,5
azure_monitor,vm-scale-08,cpu_utilization,compute,westeurope,percent,2026-08-08 00:00:00,32.47509759226191,16.53715441856803,62.88857969177918,4
datadog,vm-scale-09,request_rate,api,centralus,rpm,2026-08-08 00:00:00,2498.9392426478726,1345.1928359720869,3781.5984039263108,5
azure_cost,vm-scale-02,daily_cost,compute,centralus,usd,2026-08-08 00:00:00,149.6221290299225,63.0491094095163,242.33955392511945,3
azure_monitor,vm-scale-08,cpu_utilization,compute,centralus,percent,2026-08-08 00:00:00,62.32061015263406,61.11749203131887,64.03564319967951,3
azure_cost,vm-scale-04,daily_cost,compute,westeurope,usd,2026-08-08 00:00:00,99.60792952942077,99.60792952942077,99.60792952942077,1
azure_monitor,vm-scale-03,cpu_utilization,compute,centralus,percent,2026-08-09 00:00:00,58.95830069887725,48.06733508739575,70.18247069204648,3
azure_monitor,vm-scale-08,cpu_utilization,compute,westeurope,percent,2026-08-09 00:00:00,51.53927078772578,21.320369763682017,82.5667936416749,5
datadog,vm-scale-09,request_rate,api,centralus,rpm,2026-08-09 00:00:00,1786.0140275528781,715.2612314724352,2724.797008583174,4
azure_cost,vm-scale-04,daily_cost,compute,westeurope,usd,2026-08-09 00:00:00,217.20413301999173,154.49114253347068,266.71985298723206,7
datadog,vm-scale-08,request_rate,api,centralus,rpm,2026-08-09 00:00:00,2336.0356347681195,1534.8905834705088,2928.1096878787407,3
azure_monitor,vm-scale-08,cpu_utilization,compute,centralus,percent,2026-08-09 00:00:00,87.72610292264261,87.72610292264261,87.72610292264261,1
azure_cost,vm-scale-02,daily_cost,compute,centralus,usd,2026-08-09 00:00:00,255.32491068026056,242.43891730032328,268.21090406019783,2
azure_monitor,vm-scale-09,cpu_utilization,compute,eastus,percent,2026-08-10 00:00:00,48.16194335163282,18.23362603203143,86.21091154721593,6
azure_monitor,vm-scale-07,cpu_utilization,compute,centralus,percent,2026-08-10 00:00:00,64.65123668605914,38.12598069060074,78.90911267892005,3
azure_monitor,vm-scale-01,cpu_utilization,compute,centralus,percent,2026-08-11 00:00:00,65.1828173679878,40.798975010604224,78.90748986783521,3
azure_cost,vm-scale-05,daily_cost,compute,eastus,usd,2026-08-11 00:00:00,211.75848716753603,83.159489330258,279.3131118003631,6
datadog,vm-scale-02,request_rate,api,westeurope,rpm,2026-08-11 00:00:00,3766.6624501097226,2725.568397685123,4917.054951624454,3
datadog,vm-scale-01,request_rate,api,centralus,rpm,2026-08-11 00:00:00,3016.482110945454,506.75056985589134,4470.537182394443,9
datadog,vm-scale-01,request_rate,api,eastus,rpm,2026-08-11 00:00:00,2587.985068017246,1360.0501807371443,3815.9199552973478,2
azure_monitor,vm-scale-05,cpu_utilization,compute,centralus,percent,2026-08-11 00:00:00,34.38062025445126,19.603476209855888,62.859044680488815,4
azure_cost,vm-scale-03,daily_cost,compute,eastus,usd,2026-08-11 00:00:00,206.83575149664455,198.7486997157835,214.92280327750558,2
azure_cost,vm-scale-08,daily_cost,compute,westeurope,usd,2026-08-11 00:00:00,153.59879648214127,45.42433686277508,255.4246553187588,8
datadog,vm-scale-02,request_rate,api,centralus,rpm,2026-08-11 00:00:00,2389.124815589387,1779.4226413051335,2891.292959043052,3
azure_monitor,vm-scale-09,cpu_utilization,compute,centralus,percent,2026-08-11 00:00:00,60.48933823433647,40.15851172419835,84.87690546517467,5
azure_monitor,vm-scale-09,cpu_utilization,compute,eastus,percent,2026-08-12 00:00:00,38.74026076387918,19.110828484614544,81.20055356600596,4
azure_monitor,vm-scale-07,cpu_utilization,compute,centralus,percent,2026-08-12 00:00:00,56.08013802464269,16.84007982880054,85.83908762008122,4
azure_cost,vm-scale-01,daily_cost,compute,westeurope,usd,2026-08-13 00:00:00,134.6916764152596,52.53841065846792,264.6187870645935,7
azure_cost,vm-scale-05,daily_cost,compute,westeurope,usd,2026-08-13 00:00:00,264.32059080865974,264.32059080865974,264.32059080865974,1
datadog,vm-scale-07,request_rate,api,centralus,rpm,2026-08-14 00:00:00,2715.4044120378267,340.97623303160566,4909.119927560897,4
datadog,vm-scale-02,request_rate,api,eastus,rpm,2026-08-14 00:00:00,315.67965112854813,315.67965112854813,315.67965112854813,1
azure_monitor,vm-scale-07,cpu_utilization,compute,westeurope,percent,2026-08-14 00:00:00,30.243444209732637,21.14637361293194,39.340514806533335,2
azure_cost,vm-scale-06,daily_cost,compute,westeurope,usd,2026-08-14 00:00:00,167.35277138552357,167.35277138552357,167.35277138552357,1
datadog,vm-scale-07,request_rate,api,centralus,rpm,2026-08-15 00:00:00,1554.8152071920258,786.6048667042699,2323.0255476797815,2
datadog,vm-scale-02,request_rate,api,eastus,rpm,2026-08-15 00:00:00,3865.877573360541,1555.18380223068,4754.187849467521,6
azure_monitor,vm-scale-07,cpu_utilization,compute,westeurope,percent,2026-08-15 00:00:00,64.34033580066767,36.3564773195198,88.38782987921265,4
azure_cost,vm-scale-06,daily_cost,compute,westeurope,usd,2026-08-15 00:00:00,161.8918738305801,146.95466743358764,176.82908022757258,2
datadog,vm-scale-01,request_rate,api,eastus,rpm,2026-08-16 00:00:00,1907.021864102846,392.11033860500686,4425.091260418239,5
datadog,vm-scale-02,request_rate,api,centralus,rpm,2026-08-16 00:00:00,2290.9460408828277,763.2992184869013,4305.360683315463,6
azure_cost,vm-scale-09,daily_cost,compute,westeurope,usd,2026-08-16 00:00:00,164.94459920203224,77.43153702304859,256.7782394930922,10
azure_cost,vm-scale-05,daily_cost,compute,eastus,usd,2026-08-16 00:00:00,133.26759818022802,86.98338244552603,184.8061852532036,3
datadog,vm-scale-01,request_rate,api,centralus,rpm,2026-08-16 00:00:00,1514.2636441985735,622.008601424902,2737.3445145079186,3
azure_cost,vm-scale-03,daily_cost,compute,eastus,usd,2026-08-16 00:00:00,198.212288077039,116.79655167874662,243.94451440471576,8
azure_monitor,vm-scale-03,cpu_utilization,compute,eastus,percent,2026-08-16 00:00:00,32.01788438134013,21.734914396602974,51.50406708659452,4
azure_monitor,vm-scale-01,cpu_utilization,compute,centralus,percent,2026-08-16 00:00:00,44.887939549767914,15.20274661062951,67.7298873708192,4
datadog,vm-scale-02,request_rate,api,westeurope,rpm,2026-08-16 00:00:00,1456.9901133366893,334.5144310146575,4533.21712471712,4
azure_cost,vm-scale-08,daily_cost,compute,westeurope,usd,2026-08-16 00:00:00,145.31809822063622,66.82305703101393,208.1801837895695,3
azure_monitor,vm-scale-09,cpu_utilization,compute,centralus,percent,2026-08-16 00:00:00,48.87820666608294,48.87820666608294,48.87820666608294,1
azure_monitor,vm-scale-03,cpu_utilization,compute,westeurope,percent,2026-08-17 00:00:00,46.18647557593482,23.091938497674654,71.93231421989262,3
azure_cost,vm-scale-01,daily_cost,compute,eastus,usd,2026-08-17 00:00:00,165.10609959006513,48.30375915406022,245.4888130429375,5
azure_cost,vm-scale-01,daily_cost,compute,eastus,usd,2026-08-18 00:00:00,122.80001195169392,65.96248062434944,201.16144034459285,3
azure_monitor,vm-scale-03,cpu_utilization,compute,westeurope,percent,2026-08-18 00:00:00,51.164509951087936,20.229105014221116,83.8080182084167,5
datadog,vm-scale-08,request_rate,api,westeurope,rpm,2026-08-19 00:00:00,2937.035488371556,666.0113190898176,4641.265123812352,7
azure_monitor,vm-scale-06,cpu_utilization,compute,centralus,percent,2026-08-19 00:00:00,45.95929144591868,16.0538316417161,75.86475125012126,2
azure_cost,vm-scale-08,daily_cost,compute,eastus,usd,2026-08-19 00:00:00,180.43748448015572,54.46000307286432,269.2326286687467,3
azure_monitor,vm-scale-04,cpu_utilization,compute,eastus,percent,2026-08-19 00:00:00,45.2926686397249,18.16915305457839,84.79340561392824,6
datadog,vm-scale-03,request_rate,api,westeurope,rpm,2026-08-19 00:00:00,1003.9918921962085,852.3739184707439,1155.609865921673,2
azure_cost,vm-scale-04,daily_cost,compute,centralus,usd,2026-08-20 00:00:00,87.59913655999131,41.655608930603194,133.54266418937942,2
azure_cost,vm-scale-05,daily_cost,compute,westeurope,usd,2026-08-20 00:00:00,147.03893530360062,76.84186657027178,250.40905285635336,6
azure_cost,vm-scale-01,daily_cost,compute,westeurope,usd,2026-08-20 00:00:00,157.05259092721667,79.51333068667988,278.82907236476404,3
azure_monitor,vm-scale-05,cpu_utilization,compute,westeurope,percent,2026-08-21 00:00:00,58.35363926704412,48.50294095141955,67.33104312178202,3
datadog,vm-scale-03,request_rate,api,eastus,rpm,2026-08-21 00:00:00,4357.564058215425,4206.082104276853,4509.046012153995,2
azure_cost,vm-scale-09,daily_cost,compute,centralus,usd,2026-08-21 00:00:00,187.62106390576426,50.60098940270673,277.8051126643939,3
datadog,vm-scale-04,request_rate,api,eastus,rpm,2026-08-21 00:00:00,2634.569639253374,875.5616682228092,4932.576451848673,7
azure_cost,vm-scale-09,daily_cost,compute,eastus,usd,2026-08-21 00:00:00,171.76694281432302,44.32861427432272,278.59393682621885,6
azure_cost,vm-scale-02,daily_cost,compute,westeurope,usd,2026-08-21 00:00:00,138.8515684982061,78.68587824239857,255.6534585510731,3
datadog,vm-scale-05,request_rate,api,eastus,rpm,2026-08-21 00:00:00,2898.4772922627635,1764.512011168763,4637.8620687213,3
azure_monitor,vm-scale-04,cpu_utilization,compute,centralus,percent,2026-08-21 00:00:00,74.26244379944923,66.7638567162265,79.72214470117378,3
datadog,vm-scale-04,request_rate,api,centralus,rpm,2026-08-21 00:00:00,3455.5599017481977,1255.4189201884785,4988.811177690475,4
datadog,vm-scale-06,request_rate,api,centralus,rpm,2026-08-22 00:00:00,1980.7621286991214,716.2820533486546,3190.9252978796985,4
datadog,vm-scale-06,request_rate,api,westeurope,rpm,2026-08-22 00:00:00,2243.685896008368,931.5825836299969,4820.777725001168,3
azure_monitor,vm-scale-02,cpu_utilization,compute,centralus,percent,2026-08-23 00:00:00,53.64948317407637,22.994194161483605,84.3659234687757,6
azure_cost,vm-scale-03,daily_cost,compute,westeurope,usd,2026-08-23 00:00:00,143.71695290424051,55.34049466326557,267.3011116251328,5
datadog,vm-scale-01,request_rate,api,westeurope,rpm,2026-08-23 00:00:00,1559.0742785727343,357.0914421652438,2967.377249488396,5
azure_monitor,vm-scale-06,cpu_utilization,compute,westeurope,percent,2026-08-23 00:00:00,47.50568881898289,28.0265688011025,69.39885046908958,4
datadog,vm-scale-06,request_rate,api,centralus,rpm,2026-08-24 00:00:00,3644.9616187253473,2477.822881676287,4724.787724179735,6
azure_cost,vm-scale-06,daily_cost,compute,centralus,usd,2026-08-24 00:00:00,180.13382659680008,114.0722167836652,267.2183749986134,3
datadog,vm-scale-06,request_rate,api,westeurope,rpm,2026-08-24 00:00:00,2212.9314304497166,2212.9314304497166,2212.9314304497166,1
azure_monitor,vm-scale-02,cpu_utilization,compute,westeurope,percent,2026-08-25 00:00:00,61.286191234935636,37.313427603204445,91.52130964238593,3
datadog,vm-scale-05,request_rate,api,centralus,rpm,2026-08-25 00:00:00,2447.5355411718697,563.1483184807207,4190.06255715155,4
datadog,vm-scale-04,request_rate,api,westeurope,rpm,2026-08-25 00:00:00,1755.4733298011001,334.1596659045652,3183.9796939745775,5
datadog,vm-scale-07,request_rate,api,eastus,rpm,2026-08-25 00:00:00,4177.271317199419,4177.271317199419,4177.271317199419,1
azure_cost,vm-scale-07,daily_cost,compute,eastus,usd,2026-08-25 00:00:00,126.84613865947927,74.06859167600872,179.6236856429498,2
datadog,vm-scale-08,request_rate,api,eastus,rpm,2026-08-25 00:00:00,4822.915140825007,4822.915140825007,4822.915140825007,1
azure_monitor,vm-scale-01,cpu_utilization,compute,westeurope,percent,2026-08-26 00:00:00,36.71265340574404,19.86497048175782,62.658052588471875,3
azure_monitor,vm-scale-05,cpu_utilization,compute,eastus,percent,2026-08-26 00:00:00,61.869668670747096,18.47261066102251,84.3274141957178,8
azure_monitor,vm-scale-08,cpu_utilization,compute,eastus,percent,2026-08-26 00:00:00,16.082505043346828,16.082505043346828,16.082505043346828,1
datadog,vm-scale-05,request_rate,api,westeurope,rpm,2026-08-27 00:00:00,4273.047410133604,4273.047410133604,4273.047410133604,1
azure_cost,vm-scale-08,daily_cost,compute,centralus,usd,2026-08-27 00:00:00,190.11516852910972,55.50010293881667,274.1695771233194,8
datadog,vm-scale-09,request_rate,api,eastus,rpm,2026-08-27 00:00:00,1088.6150339805367,186.23845334290837,2194.852351743595,10
azure_monitor,vm-scale-07,cpu_utilization,compute,eastus,percent,2026-08-27 00:00:00,64.58629977491225,58.88332288804427,70.28927666178024,2
azure_monitor,vm-scale-01,cpu_utilization,compute,westeurope,percent,2026-08-28 00:00:00,35.88340028920416,17.010364668928723,67.15651322734324,6
azure_monitor,vm-scale-05,cpu_utilization,compute,eastus,percent,2026-08-28 00:00:00,48.63915610878194,27.97255177449505,80.3203938113781,3
azure_monitor,vm-scale-08,cpu_utilization,compute,eastus,percent,2026-08-28 00:00:00,32.87638783602534,15.268467782623711,45.67357234522049,3
azure_cost,vm-scale-01,daily_cost,compute,eastus,usd,2026-08-29 00:00:00,148.54367241315902,137.4764128085102,159.6109320178078,2
azure_monitor,vm-scale-03,cpu_utilization,compute,westeurope,percent,2026-08-29 00:00:00,64.03445962914702,49.08139625200001,78.98752300629403,2
datadog,vm-scale-07,request_rate,api,centralus,rpm,2026-08-30 00:00:00,794.3657875494886,314.9052982175966,1320.883977524736,3
datadog,vm-scale-02,request_rate,api,eastus,rpm,2026-08-30 00:00:00,1942.647468005339,1765.0467928857927,2149.651964891925,3
azure_cost,vm-scale-06,daily_cost,compute,westeurope,usd,2026-08-30 00:00:00,169.6340438276478,44.335786579165664,264.084452779193,3
azure_monitor,vm-scale-07,cpu_utilization,compute,westeurope,percent,2026-08-30 00:00:00,53.50946721084562,35.08309110158494,67.59899006423632,3
azure_monitor,vm-scale-06,cpu_utilization,compute,westeurope,percent,2026-08-31 00:00:00,68.93812098569212,38.33524222096498,91.18945650911208,4
datadog,vm-scale-01,request_rate,api,westeurope,rpm,2026-08-31 00:00:00,2442.9587254727294,1565.0725561901081,2810.588077455841,4
azure_cost,vm-scale-03,daily_cost,compute,westeurope,usd,2026-08-31 00:00:00,64.47917023399643,51.60987662692162,75.49737979082289,5
azure_monitor,vm-scale-02,cpu_utilization,compute,centralus,percent,2026-08-31 00:00:00,53.226667410986295,28.856021467442122,65.19533791354061,4
datadog,vm-scale-06,request_rate,api,westeurope,rpm,2026-09-01 00:00:00,2056.8938020458595,446.59978014388923,3490.6689745601548,5
datadog,vm-scale-06,request_rate,api,centralus,rpm,2026-09-01 00:00:00,1407.3355146476263,1119.7243925204248,1567.4288814862946,3
azure_cost,vm-scale-06,daily_cost,compute,centralus,usd,2026-09-01 00:00:00,164.0168707554161,75.05586913240039,252.9778723784318,2
datadog,vm-scale-06,request_rate,api,centralus,rpm,2026-09-02 00:00:00,4027.4490259367153,3242.6261414742453,4777.773266480104,4
datadog,vm-scale-06,request_rate,api,westeurope,rpm,2026-09-02 00:00:00,2421.3807869534903,1306.9012142189122,4015.9760078810436,6
azure_cost,vm-scale-06,daily_cost,compute,centralus,usd,2026-09-02 00:00:00,144.6845019503718,94.89897880625367,238.69126832056276,3
datadog,vm-scale-08,request_rate,api,eastus,rpm,2026-09-03 00:00:00,2742.7519031259394,1365.6664345194997,4496.985961785818,5
datadog,vm-scale-04,request_rate,api,westeurope,rpm,2026-09-03 00:00:00,2142.741426524393,545.7589357196531,4939.167515325552,10
azure_cost,vm-scale-07,daily_cost,compute,eastus,usd,2026-09-03 00:00:00,191.9625665591985,125.82576277730331,249.4129352367362,3
datadog,vm-scale-05,request_rate,api,centralus,rpm,2026-09-03 00:00:00,3390.40714954724,2163.420191727004,3935.9785803869877,4
datadog,vm-scale-07,request_rate,api,eastus,rpm,2026-09-03 00:00:00,1034.041043102404,122.91260406673008,1680.5295195446656,3
azure_monitor,vm-scale-02,cpu_utilization,compute,westeurope,percent,2026-09-03 00:00:00,60.620835428571034,24.178911563779984,84.82517663492726,3
azure_cost,vm-scale-01,daily_cost,compute,eastus,usd,2026-09-04 00:00:00,169.99752826574812,56.637500545609214,231.23463332151672,3
azure_monitor,vm-scale-03,cpu_utilization,compute,westeurope,percent,2026-09-04 00:00:00,54.35111233668487,54.35111233668487,54.35111233668487,1
azure_monitor,vm-dev-01,cpu_utilization,development,centralus,percent,2026-07-14 00:00:00,7.795074047961896,6.084488398198106,9.994344716208946,24
azure_monitor,vm-dev-01,memory_utilization,development,centralus,percent,2026-07-16 00:00:00,11.937564577884503,11.11753776836337,12.92553865229697,24
azure_monitor,vm-prod-02,cpu_utilization,compute,centralus,percent,2026-07-16 00:00:00,49.011272322956266,46.65050604469929,51.17218937532731,24
azure_monitor,vm-prod-02,memory_utilization,compute,centralus,percent,2026-07-17 00:00:00,60.05172608099389,59.01754529319797,60.719725100364556,24
datadog,svc-api-gateway,error_rate,api,eastus2,percent,2026-07-17 00:00:00,0.5394638262311598,0.3038034107216785,0.6993683835770708,24
azure_monitor,vm-prod-01,cpu_utilization,compute,centralus,percent,2026-06-15 00:00:00,44.77064900646492,40.04910695544537,49.96683067809221,264
datadog,svc-api-gateway,request_rate,api,eastus2,rpm,2026-06-17 00:00:00,1202.3845118844238,1100.3843692041942,1299.9769818595141,264
azure_monitor,vm-prod-01,memory_utilization,compute,centralus,percent,2026-06-24 00:00:00,55.09982758956381,53.00220763498337,56.9711518023848,264
datadog,svc-api-gateway,request_rate,api,eastus2,rpm,2026-06-26 00:00:00,1200.8752844042183,1100.2799539778598,1299.8648952797837,264
azure_monitor,vm-prod-01,memory_utilization,compute,centralus,percent,2026-06-28 00:00:00,54.97368203962237,53.001729389797276,56.98501607328285,264
azure_monitor,vm-dev-01,cpu_utilization,development,centralus,percent,2026-06-30 00:00:00,8.035521830662635,6.021625788809429,9.999247869400278,264
datadog,svc-api-gateway,request_rate,api,eastus2,rpm,2026-07-02 00:00:00,1201.0545844458916,1100.8962248769203,1297.1831764253561,264
azure_monitor,vm-prod-02,memory_utilization,compute,centralus,percent,2026-07-07 00:00:00,59.99899092076845,59.003670271902706,60.99010304007163,283
datadog,svc-api-gateway,error_rate,api,eastus2,percent,2026-07-07 00:00:00,0.5045979331683473,0.30330273517543005,0.6982238479790169,283
azure_monitor,vm-dev-01,memory_utilization,development,centralus,percent,2026-07-09 00:00:00,12.015782052971261,11.00844999065437,12.999717400430683,288
azure_monitor,vm-prod-02,cpu_utilization,compute,centralus,percent,2026-07-09 00:00:00,72.74444556541884,35.93907384662663,78.49464429452183,288
azure_monitor,vm-prod-02,memory_utilization,compute,centralus,percent,2026-07-10 00:00:00,60.026079471305366,59.003271832264005,60.99509109599712,288
datadog,svc-api-gateway,error_rate,api,eastus2,percent,2026-07-10 00:00:00,0.4980285500336568,0.3001150728543591,0.699508525695345,288
azure_cost,vm-prod-02,daily_cost,compute,centralus,usd,2026-06-12 00:00:00,150.16118285961136,142.72284445803626,156.4264554152249,10
azure_cost,vm-prod-02,daily_cost,compute,centralus,usd,2026-06-16 00:00:00,149.11514023785574,142.96201339791193,156.04950055311699,11
azure_cost,vm-prod-02,daily_cost,compute,centralus,usd,2026-06-25 00:00:00,149.8633735111655,142.2112159990143,157.496764807779,11
azure_cost,vm-prod-01,daily_cost,compute,centralus,usd,2026-06-30 00:00:00,99.21617227077823,95.43808832035504,103.89619336233895,11
azure_cost,vm-prod-02,daily_cost,compute,centralus,usd,2026-07-05 00:00:00,151.7526852075933,145.72501104144283,157.36929217744515,11
azure_cost,svc-api-gateway,daily_cost,api,eastus2,usd,2026-07-09 00:00:00,49.90548969183413,48.09703424814168,51.49217829352037,12
azure_monitor,vm-dev-01,cpu_utilization,development,centralus,percent,2026-07-18 00:00:00,8.04782173549237,6.0140364320559385,9.917713363865472,24
datadog,svc-api-gateway,request_rate,api,eastus2,rpm,2026-07-19 00:00:00,1207.2568304133158,1112.1184349033183,1288.6215264379052,24
datadog,svc-api-gateway,request_rate,api,eastus2,rpm,2026-07-20 00:00:00,1185.0176963181436,1105.6686695591925,1296.1623914297961,24
azure_monitor,vm-dev-01,cpu_utilization,development,centralus,percent,2026-07-27 00:00:00,8.10001778689531,6.069728492995793,9.598768301482881,24
azure_monitor,vm-dev-01,cpu_utilization,development,centralus,percent,2026-07-30 00:00:00,8.155672815941069,6.00422421809847,9.996110563529635,24
azure_monitor,vm-prod-02,memory_utilization,compute,centralus,percent,2026-08-01 00:00:00,60.0733728665374,59.03478289201202,60.8788142548322,24
datadog,svc-api-gateway,error_rate,api,eastus2,percent,2026-08-01 00:00:00,0.4673053455324288,0.30866642785499654,0.6829037450650941,24
azure_monitor,vm-dev-01,cpu_utilization,development,centralus,percent,2026-08-02 00:00:00,7.993412783347776,6.286998203261588,9.61421077936826,24
azure_cost,vm-prod-01,daily_cost,compute,centralus,usd,2026-07-17 00:00:00,98.14539415689724,98.14539415689724,98.14539415689724,1
azure_cost,vm-prod-01,daily_cost,compute,centralus,usd,2026-07-18 00:00:00,96.44235582198081,96.44235582198081,96.44235582198081,1
azure_cost,vm-prod-02,daily_cost,compute,centralus,usd,2026-07-24 00:00:00,144.10364896367398,144.10364896367398,144.10364896367398,1
azure_cost,vm-dev-01,daily_cost,development,centralus,usd,2026-07-26 00:00:00,10.744781478875648,10.744781478875648,10.744781478875648,1
azure_cost,vm-prod-01,daily_cost,compute,centralus,usd,2026-07-27 00:00:00,95.8760449163492,95.8760449163492,95.8760449163492,1
azure_cost,vm-prod-01,daily_cost,compute,centralus,usd,2026-07-30 00:00:00,102.6068028304707,102.6068028304707,102.6068028304707,1
azure_cost,vm-prod-01,daily_cost,compute,centralus,usd,2026-08-02 00:00:00,97.21825449559732,97.21825449559732,97.21825449559732,1
azure_monitor,vm-scale-01,cpu_utilization,compute,eastus,percent,2026-07-30 00:00:00,43.695095891048034,17.012339881436304,88.21544984480657,3
datadog,vm-scale-09,request_rate,api,westeurope,rpm,2026-07-30 00:00:00,2677.584676638623,253.51048571963162,4514.320604151405,4
datadog,vm-scale-03,request_rate,api,centralus,rpm,2026-07-30 00:00:00,1743.4282464654216,1743.4282464654216,1743.4282464654216,1
datadog,vm-scale-06,request_rate,api,eastus,rpm,2026-07-30 00:00:00,3697.5777116083373,3384.8746720412646,4178.0770304863545,3
azure_cost,vm-scale-07,daily_cost,compute,westeurope,usd,2026-07-30 00:00:00,203.16280450030297,203.16280450030297,203.16280450030297,1
azure_monitor,vm-scale-09,cpu_utilization,compute,eastus,percent,2026-07-31 00:00:00,42.28181553983237,17.84743694406395,84.86544528752279,5
azure_monitor,vm-scale-07,cpu_utilization,compute,centralus,percent,2026-07-31 00:00:00,40.66245479110881,20.394803068287295,72.49838647187994,5
azure_cost,vm-scale-04,daily_cost,compute,westeurope,usd,2026-08-01 00:00:00,219.02320462884924,149.202756893356,247.79404757261418,6
datadog,vm-scale-08,request_rate,api,centralus,rpm,2026-08-01 00:00:00,3115.9030333100927,2581.4212787770093,4470.768395095927,4
datadog,vm-scale-09,request_rate,api,centralus,rpm,2026-08-01 00:00:00,2730.1450336390417,2730.1450336390417,2730.1450336390417,1
azure_monitor,vm-scale-08,cpu_utilization,compute,centralus,percent,2026-08-01 00:00:00,43.712896190842606,29.543790392690624,59.7736877057364,3
azure_monitor,vm-scale-08,cpu_utilization,compute,westeurope,percent,2026-08-01 00:00:00,33.50152304126445,15.217394558324386,56.05922445924845,3
azure_cost,vm-scale-02,daily_cost,compute,centralus,usd,2026-08-01 00:00:00,170.5579682314112,131.82824361423638,213.56968109172297,3
azure_monitor,vm-scale-03,cpu_utilization,compute,centralus,percent,2026-08-01 00:00:00,46.74984437109574,35.152083198381,61.98931752055661,5
datadog,vm-scale-09,request_rate,api,westeurope,rpm,2026-08-02 00:00:00,2756.5450759928376,220.82685993306023,4702.557847507738,7
azure_cost,vm-scale-07,daily_cost,compute,westeurope,usd,2026-08-02 00:00:00,145.21237640755422,46.70539070669469,243.71936210841372,2
azure_monitor,vm-scale-01,cpu_utilization,compute,eastus,percent,2026-08-02 00:00:00,38.731432319075985,23.195689924778335,58.41115352133135,7
datadog,vm-scale-06,request_rate,api,eastus,rpm,2026-08-02 00:00:00,1953.683535102023,486.8690069854182,3091.971075160779,3
datadog,vm-scale-03,request_rate,api,centralus,rpm,2026-08-02 00:00:00,3271.106145601665,3271.106145601665,3271.106145601665,1
azure_monitor,vm-scale-07,cpu_utilization,compute,westeurope,percent,2026-08-03 00:00:00,73.7644300135698,42.61948131935607,90.64709968247858,3
datadog,vm-scale-02,request_rate,api,eastus,rpm,2026-08-03 00:00:00,1663.6154518927526,274.69851985657533,3447.8541850779056,7
datadog,vm-scale-07,request_rate,api,centralus,rpm,2026-08-03 00:00:00,3609.3490604694716,2727.069822328251,4861.111609734699,5
azure_cost,vm-scale-06,daily_cost,compute,westeurope,usd,2026-08-03 00:00:00,165.02398306591118,51.62549580143868,237.48502883012856,5
azure_monitor,vm-scale-03,cpu_utilization,compute,westeurope,percent,2026-08-04 00:00:00,55.56516940782605,40.866191307313954,70.26414750833814,2
azure_cost,vm-scale-01,daily_cost,compute,eastus,usd,2026-08-04 00:00:00,200.6778865363093,170.11377964793965,231.24199342467895,2
azure_monitor,vm-scale-03,cpu_utilization,compute,westeurope,percent,2026-08-05 00:00:00,55.103558875388636,28.90088040758102,91.02297428794171,6
azure_cost,vm-scale-01,daily_cost,compute,eastus,usd,2026-08-05 00:00:00,163.32135456910763,60.185018745066884,275.6853066642119,12
azure_monitor,vm-scale-02,cpu_utilization,compute,centralus,percent,2026-08-06 00:00:00,57.48064517332651,19.710286146039042,86.73818793413798,4
azure_monitor,vm-scale-06,cpu_utilization,compute,westeurope,percent,2026-08-06 00:00:00,69.2430977275945,34.278647393136794,88.7083380373607,3
azure_cost,vm-scale-03,daily_cost,compute,westeurope,usd,2026-08-06 00:00:00,136.30667731450595,58.17549606936933,206.88874564920735,6
datadog,vm-scale-01,request_rate,api,westeurope,rpm,2026-08-06 00:00:00,1235.0249087488205,517.0243173371,1953.0255001605412,2
datadog,vm-scale-07,request_rate,api,centralus,rpm,2026-08-07 00:00:00,2780.5199856322743,763.8200161585922,4376.630257358604,8
datadog,vm-scale-02,request_rate,api,eastus,rpm,2026-08-07 00:00:00,2361.5534190348876,1872.2688867779882,2840.8507438103456,4
azure_cost,vm-scale-06,daily_cost,compute,westeurope,usd,2026-08-07 00:00:00,183.34483362338946,101.59609714256021,265.0935701042187,2
azure_monitor,vm-scale-07,cpu_utilization,compute,westeurope,percent,2026-08-07 00:00:00,60.34603595644326,60.34603595644326,60.34603595644326,1
azure_cost,vm-scale-07,daily_cost,compute,westeurope,usd,2026-08-08 00:00:00,173.65963200666909,93.5392977155525,253.7799662977857,2
datadog,vm-scale-06,request_rate,api,eastus,rpm,2026-08-08 00:00:00,2781.6982968644643,1896.3894131756513,3365.430795811241,4
datadog,vm-scale-09,request_rate,api,westeurope,rpm,2026-08-08 00:00:00,802.4162137125538,493.30552763269066,1111.526899792417,2
azure_monitor,vm-scale-01,cpu_utilization,compute,eastus,percent,2026-08-08 00:00:00,33.18114895423445,26.15271762994701,42.09234350254101,3
datadog,vm-scale-03,request_rate,api,centralus,rpm,2026-08-08 00:00:00,1559.4655203433033,427.25323242079946,2588.631214075861,4
azure_cost,vm-scale-07,daily_cost,compute,westeurope,usd,2026-08-09 00:00:00,144.79091718977418,47.58192338732388,239.7720784753506,6
datadog,vm-scale-03,request_rate,api,centralus,rpm,2026-08-09 00:00:00,4463.634622769405,4185.181932811121,4777.708450211526,3
datadog,vm-scale-06,request_rate,api,eastus,rpm,2026-08-09 00:00:00,1823.809887865092,930.9877239870142,3602.1001522431443,3
azure_monitor,vm-scale-01,cpu_utilization,compute,eastus,percent,2026-08-09 00:00:00,43.16033496655518,24.30874078269126,52.81039718275288,3
azure_cost,vm-scale-06,daily_cost,compute,westeurope,usd,2026-08-10 00:00:00,212.69503564893984,60.7365915099446,278.44106637212485,4
azure_monitor,vm-scale-07,cpu_utilization,compute,westeurope,percent,2026-08-10 00:00:00,58.00270808031324,17.90608295041443,80.22116296588287,4
datadog,vm-scale-02,request_rate,api,eastus,rpm,2026-08-10 00:00:00,2392.0674681599503,639.4119269355385,4833.412150317161,5
datadog,vm-scale-07,request_rate,api,centralus,rpm,2026-08-10 00:00:00,2101.0426789860985,141.38411786372853,4694.455832296,7
datadog,vm-scale-04,request_rate,api,westeurope,rpm,2026-08-11 00:00:00,2742.807114365448,1401.1169167506966,4479.785210591349,5
azure_monitor,vm-scale-02,cpu_utilization,compute,westeurope,percent,2026-08-11 00:00:00,70.8598101758781,29.11294557108937,90.83305148222654,5
datadog,vm-scale-08,request_rate,api,eastus,rpm,2026-08-11 00:00:00,2410.4552480566535,245.01395610273536,4877.46845709749,5
azure_cost,vm-scale-07,daily_cost,compute,eastus,usd,2026-08-11 00:00:00,162.31736713062148,107.77898805262419,196.39215610936506,3
datadog,vm-scale-07,request_rate,api,eastus,rpm,2026-08-11 00:00:00,3149.2989614611897,907.5958703216713,4020.4146581518085,5
datadog,vm-scale-05,request_rate,api,centralus,rpm,2026-08-11 00:00:00,2994.5648152410718,2994.5648152410718,2994.5648152410718,1
datadog,vm-scale-07,request_rate,api,centralus,rpm,2026-08-12 00:00:00,2115.139832711985,385.4844666372972,4410.564934583537,5
azure_monitor,vm-scale-07,cpu_utilization,compute,westeurope,percent,2026-08-12 00:00:00,49.35615002882039,25.640084641189773,86.86283403062347,5
azure_cost,vm-scale-06,daily_cost,compute,westeurope,usd,2026-08-12 00:00:00,228.61943544880765,196.41871664644273,275.152592252318,4
azure_monitor,vm-scale-09,cpu_utilization,compute,westeurope,percent,2026-08-13 00:00:00,54.18422884798505,17.482811795152,87.33948784199316,3
azure_cost,vm-scale-04,daily_cost,compute,eastus,usd,2026-08-13 00:00:00,101.03659745808474,87.60393753590594,114.46925738026354,2
azure_monitor,vm-scale-02,cpu_utilization,compute,eastus,percent,2026-08-13 00:00:00,81.09872966406103,78.64600754379373,83.55145178432832,2
azure_monitor,vm-scale-09,cpu_utilization,compute,eastus,percent,2026-08-14 00:00:00,64.37633237471128,31.414735783661126,87.79734339614578,8
azure_monitor,vm-scale-07,cpu_utilization,compute,centralus,percent,2026-08-14 00:00:00,59.31685431192824,56.69284348946845,61.94086513438802,2
azure_monitor,vm-scale-09,cpu_utilization,compute,eastus,percent,2026-08-15 00:00:00,62.96335804380473,18.72689945198025,86.2477248589493,4
azure_monitor,vm-scale-07,cpu_utilization,compute,centralus,percent,2026-08-15 00:00:00,57.200124231089355,55.24187947023099,59.15836899194772,2
datadog,vm-scale-05,request_rate,api,centralus,rpm,2026-08-16 00:00:00,2533.3310167046648,584.518978496016,4414.1731824481285,8
datadog,vm-scale-04,request_rate,api,westeurope,rpm,2026-08-16 00:00:00,3637.05517840717,2846.8763841553273,4427.233972659013,2
azure_monitor,vm-scale-02,cpu_utilization,compute,westeurope,percent,2026-08-16 00:00:00,52.74062055152756,19.508075744740662,76.22384349810864,3
azure_cost,vm-scale-07,daily_cost,compute,eastus,usd,2026-08-16 00:00:00,105.15843837274065,57.11824723136268,193.90310711684006,3
azure_cost,vm-scale-03,daily_cost,compute,westeurope,usd,2026-08-17 00:00:00,139.3774662268427,93.15344521602668,185.60148723765872,2
datadog,vm-scale-01,request_rate,api,westeurope,rpm,2026-08-17 00:00:00,4016.4290359609035,2383.043121499158,4872.848581396504,6
azure_monitor,vm-scale-06,cpu_utilization,compute,westeurope,percent,2026-08-17 00:00:00,59.74250937516091,30.225731603150773,80.1219835407506,5
azure_monitor,vm-scale-06,cpu_utilization,compute,westeurope,percent,2026-08-18 00:00:00,67.05630945296211,57.22424895210485,74.59870445289364,3
azure_cost,vm-scale-03,daily_cost,compute,westeurope,usd,2026-08-18 00:00:00,263.01308771616476,255.86161855412104,269.4680835714688,3
azure_monitor,vm-scale-02,cpu_utilization,compute,centralus,percent,2026-08-18 00:00:00,44.063002525502654,24.077438983868092,62.126513981724074,4
datadog,vm-scale-01,request_rate,api,westeurope,rpm,2026-08-18 00:00:00,4615.456370735874,4615.456370735874,4615.456370735874,1
azure_cost,vm-scale-08,daily_cost,compute,centralus,usd,2026-08-19 00:00:00,224.5293063726148,134.52312571898003,272.3661203605262,7
datadog,vm-scale-05,request_rate,api,westeurope,rpm,2026-08-19 00:00:00,2204.2860720625617,186.4383740406354,4354.336893006072,4
azure_monitor,vm-scale-07,cpu_utilization,compute,eastus,percent,2026-08-19 00:00:00,60.76644183445016,43.48976289247441,80.16888855898169,4
datadog,vm-scale-09,request_rate,api,eastus,rpm,2026-08-19 00:00:00,2520.63446716527,235.12718205647488,4806.141752274065,2
azure_monitor,vm-scale-09,cpu_utilization,compute,westeurope,percent,2026-08-20 00:00:00,43.593737431563596,28.47344039251457,65.39461667061941,3
azure_monitor,vm-scale-02,cpu_utilization,compute,eastus,percent,2026-08-20 00:00:00,58.54550405884356,22.558080788028064,81.50633236113825,5
azure_cost,vm-scale-04,daily_cost,compute,eastus,usd,2026-08-20 00:00:00,89.58194473126225,64.50323923700557,116.70771206435067,3
azure_monitor,vm-scale-01,cpu_utilization,compute,westeurope,percent,2026-08-21 00:00:00,61.955382778613036,18.055469605910098,91.25745045766709,3
azure_monitor,vm-scale-05,cpu_utilization,compute,eastus,percent,2026-08-21 00:00:00,62.18965390592899,57.690021462946916,70.78219283053227,3
azure_monitor,vm-scale-08,cpu_utilization,compute,eastus,percent,2026-08-21 00:00:00,44.822756324827104,19.062715975819625,70.15815200126606,4
azure_cost,vm-scale-01,daily_cost,compute,centralus,usd,2026-08-22 00:00:00,161.22505350580397,75.44551448803034,268.2337849155311,3
azure_cost,vm-scale-03,daily_cost,compute,centralus,usd,2026-08-22 00:00:00,110.51635582143717,45.524768790935155,233.90049769077507,3
azure_monitor,vm-scale-06,cpu_utilization,compute,eastus,percent,2026-08-22 00:00:00,62.8691716157256,29.136367242782505,80.95577957301715,3
azure_cost,vm-scale-06,daily_cost,compute,eastus,usd,2026-08-22 00:00:00,258.88346877806083,250.57235124202205,267.19458631409964,2
azure_cost,vm-scale-07,daily_cost,compute,centralus,usd,2026-08-22 00:00:00,216.92908121467954,126.0782069384169,269.7641191072746,6
azure_cost,vm-scale-05,daily_cost,compute,centralus,usd,2026-08-22 00:00:00,153.90974899042774,98.14976754152325,209.66973043933226,2
azure_cost,vm-scale-02,daily_cost,compute,eastus,usd,2026-08-22 00:00:00,94.27183688560544,64.34874221689606,122.73450714737494,4
azure_monitor,vm-scale-04,cpu_utilization,compute,westeurope,percent,2026-08-22 00:00:00,69.48011257037854,69.48011257037854,69.48011257037854,1
datadog,vm-scale-07,request_rate,api,westeurope,rpm,2026-08-22 00:00:00,3296.6036218788495,3296.6036218788495,3296.6036218788495,1
azure_cost,vm-scale-01,daily_cost,compute,eastus,usd,2026-08-23 00:00:00,107.69132086413447,69.7117527722371,157.74334690234062,3
azure_monitor,vm-scale-03,cpu_utilization,compute,westeurope,percent,2026-08-23 00:00:00,56.773759009551725,23.728314995969434,82.07197146138417,3
azure_cost,vm-scale-01,daily_cost,compute,centralus,usd,2026-08-24 00:00:00,224.68085025859074,198.39409232875664,250.96760818842483,2
azure_cost,vm-scale-03,daily_cost,compute,centralus,usd,2026-08-24 00:00:00,124.57041493316801,54.04649269637875,218.40721704951392,3
azure_monitor,vm-scale-04,cpu_utilization,compute,westeurope,percent,2026-08-24 00:00:00,45.16640245335662,29.64028153067737,60.692523376035865,2
azure_cost,vm-scale-06,daily_cost,compute,eastus,usd,2026-08-24 00:00:00,121.51478725133867,66.42830250063622,257.6207319280187,7
azure_cost,vm-scale-05,daily_cost,compute,centralus,usd,2026-08-24 00:00:00,103.79437615369811,88.35018569346491,129.44298097845615,3
azure_cost,vm-scale-02,daily_cost,compute,eastus,usd,2026-08-24 00:00:00,174.95968756277492,50.33062945469183,272.54014321417617,7
datadog,vm-scale-07,request_rate,api,westeurope,rpm,2026-08-24 00:00:00,2721.429558524862,862.6196073044232,4314.261502841444,6
azure_monitor,vm-scale-06,cpu_utilization,compute,eastus,percent,2026-08-24 00:00:00,42.91700238735364,20.305208199674578,67.79243455541017,6
datadog,vm-scale-02,request_rate,api,centralus,rpm,2026-08-25 00:00:00,2700.5714911369164,464.8327952651929,4763.925744997066,6
azure_cost,vm-scale-03,daily_cost,compute,eastus,usd,2026-08-25 00:00:00,175.38922314389816,112.54146103525223,225.87031433471836,5
azure_monitor,vm-scale-01,cpu_utilization,compute,centralus,percent,2026-08-25 00:00:00,64.51029378312965,61.08307269057763,71.1732052404575,3
datadog,vm-scale-01,request_rate,api,centralus,rpm,2026-08-25 00:00:00,2479.304493734656,2479.304493734656,2479.304493734656,1
azure_cost,vm-scale-08,daily_cost,compute,westeurope,usd,2026-08-25 00:00:00,159.36479427470556,140.63493319346864,178.09465535594245,2
azure_cost,vm-scale-09,daily_cost,compute,westeurope,usd,2026-08-25 00:00:00,200.51173951388304,200.51173951388304,200.51173951388304,1
datadog,vm-scale-02,request_rate,api,westeurope,rpm,2026-08-25 00:00:00,3546.83905986806,1073.4320358981686,4811.8237774366635,3
azure_monitor,vm-scale-09,cpu_utilization,compute,centralus,percent,2026-08-25 00:00:00,52.878076278306885,25.76442765182076,83.94265556001025,6
azure_cost,vm-scale-05,daily_cost,compute,eastus,usd,2026-08-25 00:00:00,155.24640917812872,74.52120079971533,233.9217101862774,5
azure_monitor,vm-scale-05,cpu_utilization,compute,centralus,percent,2026-08-25 00:00:00,59.87967749843153,38.89087372253335,75.64620125053642,4
azure_monitor,vm-scale-03,cpu_utilization,compute,eastus,percent,2026-08-25 00:00:00,91.069983576831,91.069983576831,91.069983576831,1
datadog,vm-scale-01,request_rate,api,eastus,rpm,2026-08-25 00:00:00,3521.2222019970536,3521.2222019970536,3521.2222019970536,1
datadog,vm-scale-04,request_rate,api,centralus,rpm,2026-08-26 00:00:00,2616.075804559525,400.3889581853369,4522.87629410296,8
azure_cost,vm-scale-09,daily_cost,compute,eastus,usd,2026-08-26 00:00:00,137.2313464652686,40.556963046158494,238.86256270457727,4
azure_cost,vm-scale-09,daily_cost,compute,centralus,usd,2026-08-26 00:00:00,115.23704994713944,56.71154860845586,145.0779840148075,3
azure_monitor,vm-scale-05,cpu_utilization,compute,westeurope,percent,2026-08-26 00:00:00,24.04769090735827,20.13437187811775,27.96100993659879,2
azure_cost,vm-scale-02,daily_cost,compute,westeurope,usd,2026-08-26 00:00:00,106.59936494912749,93.88968033072926,113.52344168618272,3
datadog,vm-scale-03,request_rate,api,eastus,rpm,2026-08-26 00:00:00,2978.0915392387064,2264.6012340061848,4190.128352710476,3
azure_monitor,vm-scale-04,cpu_utilization,compute,centralus,percent,2026-08-26 00:00:00,35.357708081349635,15.537782427660124,55.17763373503915,2
datadog,vm-scale-05,request_rate,api,eastus,rpm,2026-08-26 00:00:00,3286.8704227009293,2375.8971850367575,4197.843660365101,2
datadog,vm-scale-04,request_rate,api,eastus,rpm,2026-08-26 00:00:00,476.04010072715425,476.04010072715425,476.04010072715425,1
datadog,vm-scale-03,request_rate,api,westeurope,rpm,2026-08-27 00:00:00,2202.1343836415417,822.2289098107066,4045.205751258479,4
datadog,vm-scale-08,request_rate,api,westeurope,rpm,2026-08-27 00:00:00,2363.8207851243346,1280.3542861497376,3456.653521162132,6
azure_monitor,vm-scale-06,cpu_utilization,compute,centralus,percent,2026-08-27 00:00:00,52.38542569887238,25.535324950474667,91.04156274652705,3
azure_monitor,vm-scale-04,cpu_utilization,compute,eastus,percent,2026-08-27 00:00:00,46.44457351970692,23.89285398831764,84.64617414470607,3
azure_cost,vm-scale-08,daily_cost,compute,eastus,usd,2026-08-27 00:00:00,205.05937209154573,203.7468749221597,206.37186926093176,2
datadog,vm-scale-04,request_rate,api,eastus,rpm,2026-08-28 00:00:00,3303.805883028202,1793.9134206632016,4813.6983453932025,2
azure_cost,vm-scale-02,daily_cost,compute,westeurope,usd,2026-08-28 00:00:00,175.6152789021876,110.92370794255314,244.8753426171967,4
datadog,vm-scale-04,request_rate,api,centralus,rpm,2026-08-28 00:00:00,1529.9725692533204,990.8433281293405,2381.9896163404833,3
azure_monitor,vm-scale-04,cpu_utilization,compute,centralus,percent,2026-08-28 00:00:00,58.96059416446384,27.123973660551286,86.75582407992435,4
azure_cost,vm-scale-09,daily_cost,compute,centralus,usd,2026-08-28 00:00:00,185.9221671959057,124.5788315053688,268.6831582148203,3
azure_monitor,vm-scale-05,cpu_utilization,compute,westeurope,percent,2026-08-28 00:00:00,43.351923284567675,32.26172140397584,66.81354204181878,5
datadog,vm-scale-03,request_rate,api,eastus,rpm,2026-08-28 00:00:00,2271.812723255536,723.5074373550483,3330.4582744993445,3
azure_cost,vm-scale-09,daily_cost,compute,eastus,usd,2026-08-28 00:00:00,135.58828363992396,84.91128389196292,186.26528338788498,2
datadog,vm-scale-05,request_rate,api,eastus,rpm,2026-08-28 00:00:00,644.6094782364452,644.6094782364452,644.6094782364452,1
azure_cost,vm-scale-03,daily_cost,compute,westeurope,usd,2026-08-29 00:00:00,165.75697665303568,63.69335815347809,250.48883804463776,5
azure_monitor,vm-scale-02,cpu_utilization,compute,centralus,percent,2026-08-29 00:00:00,55.88728625286479,25.384391499733773,86.51166754560556,3
datadog,vm-scale-01,request_rate,api,westeurope,rpm,2026-08-29 00:00:00,2917.1339961271724,2338.0152780777616,3813.9795212414188,4
azure_monitor,vm-scale-06,cpu_utilization,compute,westeurope,percent,2026-08-29 00:00:00,56.72979817814951,26.618234293535032,86.84136206276398,2
azure_monitor,vm-scale-09,cpu_utilization,compute,eastus,percent,2026-08-30 00:00:00,62.99015932131073,36.15587293684777,81.77964459597176,4
azure_monitor,vm-scale-07,cpu_utilization,compute,centralus,percent,2026-08-30 00:00:00,52.40257522763392,23.774878747061,73.26610310495627,3
azure_monitor,vm-scale-03,cpu_utilization,compute,westeurope,percent,2026-08-31 00:00:00,67.91925413147149,29.87348739823664,90.75884917434381,7
azure_cost,vm-scale-01,daily_cost,compute,eastus,usd,2026-08-31 00:00:00,245.65650289017657,212.45844950796163,278.8545562723915,2
azure_cost,vm-scale-05,daily_cost,compute,centralus,usd,2026-09-01 00:00:00,109.73438194920256,71.17425874738242,148.2945051510227,2
azure_cost,vm-scale-01,daily_cost,compute,centralus,usd,2026-09-01 00:00:00,138.8731060072273,49.76961374307031,252.59330893763976,7
azure_cost,vm-scale-03,daily_cost,compute,centralus,usd,2026-09-01 00:00:00,186.72701576101943,163.2310118612026,234.83942712637588,4
azure_cost,vm-scale-02,daily_cost,compute,eastus,usd,2026-09-01 00:00:00,153.7391354888364,61.05580014908035,196.9711041713209,4
azure_cost,vm-scale-07,daily_cost,compute,centralus,usd,2026-09-01 00:00:00,160.31903472465447,106.32941636031588,212.01412038630545,4
azure_monitor,vm-scale-04,cpu_utilization,compute,westeurope,percent,2026-09-01 00:00:00,56.343726074257006,28.941023083367345,75.6482556782785,3
azure_monitor,vm-scale-06,cpu_utilization,compute,eastus,percent,2026-09-01 00:00:00,59.11062056174207,46.65253001855917,91.0310935198387,5
azure_cost,vm-scale-06,daily_cost,compute,eastus,usd,2026-09-01 00:00:00,138.29398109904213,53.95726370316196,213.11461893091482,5
datadog,vm-scale-07,request_rate,api,westeurope,rpm,2026-09-01 00:00:00,555.9592191772042,555.9592191772042,555.9592191772042,1
azure_cost,vm-scale-01,daily_cost,compute,centralus,usd,2026-09-02 00:00:00,149.91108133892243,84.50080731092925,204.42725720289803,5
azure_cost,vm-scale-02,daily_cost,compute,eastus,usd,2026-09-02 00:00:00,149.44826326909282,75.30186939722883,250.99111823002306,4
azure_cost,vm-scale-03,daily_cost,compute,centralus,usd,2026-09-02 00:00:00,161.18413262095032,57.22597707385873,222.19803506407163,3
azure_cost,vm-scale-07,daily_cost,compute,centralus,usd,2026-09-02 00:00:00,99.32056379500186,72.59958184283403,142.3716844396436,3
azure_monitor,vm-scale-06,cpu_utilization,compute,eastus,percent,2026-09-02 00:00:00,26.833653847837468,22.066172197125567,31.601135498549365,2
azure_cost,vm-scale-05,daily_cost,compute,centralus,usd,2026-09-02 00:00:00,165.382311971332,81.93178825120539,248.8328356914586,2
azure_cost,vm-scale-06,daily_cost,compute,eastus,usd,2026-09-02 00:00:00,152.5937649433748,82.91121491012328,261.50973271642073,4
datadog,vm-scale-07,request_rate,api,westeurope,rpm,2026-09-02 00:00:00,3357.812857084967,2473.274486084847,4242.351228085087,2
azure_monitor,vm-scale-04,cpu_utilization,compute,westeurope,percent,2026-09-02 00:00:00,63.82390078216943,56.335421056418205,71.31238050792066,2
datadog,vm-scale-02,request_rate,api,centralus,rpm,2026-09-03 00:00:00,3091.7875275468978,202.20510515376378,4608.056420659469,8
azure_cost,vm-scale-08,daily_cost,compute,westeurope,usd,2026-09-03 00:00:00,140.32020315113553,69.9392344640456,195.17132774909626,3
azure_monitor,vm-scale-01,cpu_utilization,compute,centralus,percent,2026-09-03 00:00:00,60.70697246882653,22.47997680644175,87.641417567835,5
azure_cost,vm-scale-03,daily_cost,compute,eastus,usd,2026-09-03 00:00:00,198.82458327271044,73.14519737411834,277.8186281954215,3
datadog,vm-scale-01,request_rate,api,eastus,rpm,2026-09-03 00:00:00,4406.465169688092,4383.432803763258,4429.497535612925,2
datadog,vm-scale-01,request_rate,api,centralus,rpm,2026-09-03 00:00:00,1903.8457790131758,919.5673317219786,3027.1604061435096,6
azure_cost,vm-scale-09,daily_cost,compute,westeurope,usd,2026-09-03 00:00:00,174.850102080116,102.16572272296871,276.17423441011937,5
azure_cost,vm-scale-05,daily_cost,compute,eastus,usd,2026-09-03 00:00:00,170.06195287622666,59.85851893876533,238.39213275754065,3
azure_monitor,vm-scale-03,cpu_utilization,compute,eastus,percent,2026-09-03 00:00:00,59.58400401355084,25.56341747678944,81.64475110067812,4
azure_monitor,vm-scale-05,cpu_utilization,compute,centralus,percent,2026-09-03 00:00:00,22.852329867491473,22.852329867491473,22.852329867491473,1
azure_monitor,vm-scale-09,cpu_utilization,compute,centralus,percent,2026-09-03 00:00:00,58.81710230850077,50.82549297594582,65.81437181035739,3
azure_monitor,vm-scale-02,cpu_utilization,compute,centralus,percent,2026-09-04 00:00:00,64.94015628690649,28.755736802807373,86.39038057649623,3
datadog,vm-scale-01,request_rate,api,westeurope,rpm,2026-09-04 00:00:00,4217.897915855359,3766.666170980244,4741.221945305697,3
azure_cost,vm-scale-03,daily_cost,compute,westeurope,usd,2026-09-04 00:00:00,129.00116145895512,97.87892113447121,160.12340178343902,2
azure_monitor,vm-scale-06,cpu_utilization,compute,westeurope,percent,2026-09-04 00:00:00,64.28358679453859,17.484789684729275,89.25998330552672,3
azure_cost,vm-dev-01,daily_cost,development,centralus,usd,2026-07-12 00:00:00,10.177489679688708,10.15599435170798,10.198985007669439,2
azure_monitor,vm-prod-02,memory_utilization,compute,centralus,percent,2026-07-14 00:00:00,59.87564085607246,59.0011859420064,60.9625641294861,24
datadog,svc-api-gateway,error_rate,api,eastus2,percent,2026-07-14 00:00:00,0.5112893147223817,0.3009086577990171,0.6496776987440089,24
datadog,svc-api-gateway,request_rate,api,eastus2,rpm,2026-07-16 00:00:00,1200.0638174801454,1100.1653124759514,1288.6785753736856,24
azure_monitor,vm-dev-01,cpu_utilization,development,centralus,percent,2026-07-17 00:00:00,7.840673186000342,6.039697200610561,9.767126415314568,24
azure_monitor,vm-dev-01,memory_utilization,development,centralus,percent,2026-06-15 00:00:00,11.993322978296852,11.00849243348899,12.999630098939669,264
azure_monitor,vm-prod-02,cpu_utilization,compute,centralus,percent,2026-06-15 00:00:00,39.72755152453395,36.1760479140341,42.507449945716466,264
azure_monitor,vm-prod-01,memory_utilization,compute,centralus,percent,2026-06-17 00:00:00,54.83794207571604,53.00258682236792,56.9599436400629,264
azure_monitor,vm-prod-02,memory_utilization,compute,centralus,percent,2026-06-22 00:00:00,60.03711791355667,59.000879975352625,60.99929503275888,264
datadog,svc-api-gateway,error_rate,api,eastus2,percent,2026-06-22 00:00:00,0.4964221514719705,0.30004312303115466,0.699826841476334,264
datadog,svc-api-gateway,request_rate,api,eastus2,rpm,2026-06-24 00:00:00,1197.0054568743774,1101.1900442045016,1299.6657138617095,264
azure_monitor,vm-prod-01,memory_utilization,compute,centralus,percent,2026-06-26 00:00:00,54.95763630423192,53.02698493521715,56.98500920532395,264
datadog,svc-api-gateway,request_rate,api,eastus2,rpm,2026-06-28 00:00:00,1195.9652318558103,1100.3012316708218,1299.3932903651926,264
azure_monitor,vm-prod-01,memory_utilization,compute,centralus,percent,2026-07-02 00:00:00,54.951540133917156,53.010079102058924,56.9811135808683,264
azure_monitor,vm-dev-01,cpu_utilization,development,centralus,percent,2026-07-06 00:00:00,8.019896169108412,6.0000955105020735,9.981946703795327,264
azure_monitor,vm-prod-02,memory_utilization,compute,centralus,percent,2026-07-08 00:00:00,60.00439531138841,59.0057663322849,60.996598996441556,288
datadog,svc-api-gateway,error_rate,api,eastus2,percent,2026-07-08 00:00:00,0.4981519468973679,0.3026291764685857,0.6999587361237303,288
azure_monitor,vm-prod-01,cpu_utilization,compute,centralus,percent,2026-07-09 00:00:00,45.246366117180656,40.013974587614435,49.962334636859936,288
azure_cost,vm-dev-01,daily_cost,development,centralus,usd,2026-06-12 00:00:00,9.820169614399383,9.23982429855251,10.858703234569068,10
azure_cost,svc-api-gateway,daily_cost,api,eastus2,usd,2026-06-15 00:00:00,50.455346733385575,49.403086832938484,51.81838080188453,11
azure_cost,vm-dev-01,daily_cost,development,centralus,usd,2026-06-16 00:00:00,10.02815180417065,9.327398439480456,10.808113839081502,11
azure_cost,vm-dev-01,daily_cost,development,centralus,usd,2026-06-25 00:00:00,9.773519307453377,9.263888828129206,10.926850185190006,11
azure_cost,vm-dev-01,daily_cost,development,centralus,usd,2026-07-05 00:00:00,10.025238397685161,9.146144368658943,10.850455774496167,11
azure_cost,vm-prod-01,daily_cost,compute,centralus,usd,2026-07-06 00:00:00,101.7294605467744,96.7362531272259,104.9280597037715,11
azure_monitor,vm-prod-01,memory_utilization,compute,centralus,percent,2026-07-19 00:00:00,54.775571982588765,53.113072301397814,56.855760216541135,24
azure_monitor,vm-prod-01,memory_utilization,compute,centralus,percent,2026-07-20 00:00:00,55.183871833632985,53.06627051977161,56.800888440802545,24
azure_monitor,vm-prod-02,memory_utilization,compute,centralus,percent,2026-07-22 00:00:00,59.860760559269785,59.056441498072985,60.9318892033361,24
datadog,svc-api-gateway,error_rate,api,eastus2,percent,2026-07-22 00:00:00,0.5306732363636001,0.33790078251179057,0.6934995759375686,24
azure_monitor,vm-dev-01,cpu_utilization,development,centralus,percent,2026-07-28 00:00:00,7.572249298368804,6.02436475669818,9.960926720088127,24
azure_monitor,vm-prod-02,memory_utilization,compute,centralus,percent,2026-07-31 00:00:00,60.05341778210181,59.06960318959675,60.90555505630497,24
datadog,svc-api-gateway,error_rate,api,eastus2,percent,2026-07-31 00:00:00,0.5040924133243988,0.3074862325336922,0.6963315165629829,24
azure_monitor,vm-dev-01,cpu_utilization,development,centralus,percent,2026-08-03 00:00:00,8.538810048627687,6.1017918136854075,9.865701167243902,24
azure_cost,vm-dev-01,daily_cost,development,centralus,usd,2026-07-24 00:00:00,10.257207908515465,10.257207908515465,10.257207908515465,1
azure_cost,vm-prod-02,daily_cost,compute,centralus,usd,2026-07-26 00:00:00,147.90158658108902,147.90158658108902,147.90158658108902,1
azure_cost,vm-prod-01,daily_cost,compute,centralus,usd,2026-07-28 00:00:00,95.17192996516638,95.17192996516638,95.17192996516638,1
azure_cost,vm-prod-01,daily_cost,compute,centralus,usd,2026-08-03 00:00:00,101.42505552463483,101.42505552463483,101.42505552463483,1
datadog,vm-scale-08,request_rate,api,centralus,rpm,2026-07-31 00:00:00,3464.313316374225,3178.4864908345585,3750.1401419138915,2
azure_cost,vm-scale-04,daily_cost,compute,westeurope,usd,2026-07-31 00:00:00,159.8765638075121,119.50337525240926,215.51954176508727,5
azure_monitor,vm-scale-08,cpu_utilization,compute,westeurope,percent,2026-07-31 00:00:00,58.74440689635888,30.342454206565733,82.34650016551052,5
datadog,vm-scale-09,request_rate,api,centralus,rpm,2026-07-31 00:00:00,2169.9169250979508,608.9841966013564,3713.2731051596156,3
azure_cost,vm-scale-02,daily_cost,compute,centralus,usd,2026-07-31 00:00:00,233.4441611084391,184.86786894239103,277.9555571483688,4
azure_monitor,vm-scale-03,cpu_utilization,compute,centralus,percent,2026-07-31 00:00:00,77.0686954407031,77.0686954407031,77.0686954407031,1
azure_monitor,vm-scale-08,cpu_utilization,compute,centralus,percent,2026-07-31 00:00:00,74.09316815978184,74.09316815978184,74.09316815978184,1
azure_monitor,vm-scale-09,cpu_utilization,compute,eastus,percent,2026-08-01 00:00:00,70.35405495028715,68.73753196705812,73.18062148205945,3
azure_monitor,vm-scale-07,cpu_utilization,compute,centralus,percent,2026-08-01 00:00:00,85.11060428296804,85.11060428296804,85.11060428296804,1
datadog,vm-scale-07,request_rate,api,centralus,rpm,2026-08-02 00:00:00,953.9977370001766,329.7808090326812,2165.286219908685,3
datadog,vm-scale-02,request_rate,api,eastus,rpm,2026-08-02 00:00:00,2219.281039580521,496.30092097110656,3809.035579645756,3
azure_monitor,vm-scale-07,cpu_utilization,compute,westeurope,percent,2026-08-02 00:00:00,31.375569640560094,15.2691835324315,47.48195574868869,2
azure_cost,vm-scale-06,daily_cost,compute,westeurope,usd,2026-08-02 00:00:00,83.05926946588019,83.05926946588019,83.05926946588019,1
datadog,vm-scale-09,request_rate,api,westeurope,rpm,2026-08-03 00:00:00,1393.123243910367,525.576066981559,2260.6704208391748,2
azure_monitor,vm-scale-01,cpu_utilization,compute,eastus,percent,2026-08-03 00:00:00,47.01709393859623,23.58575301964314,75.24750921143206,8
datadog,vm-scale-03,request_rate,api,centralus,rpm,2026-08-03 00:00:00,2846.1781949925667,366.13922882676843,3795.850526471263,6
datadog,vm-scale-06,request_rate,api,eastus,rpm,2026-08-03 00:00:00,2165.4615282062614,815.2354882656373,4243.42071348235,3
azure_cost,vm-scale-07,daily_cost,compute,westeurope,usd,2026-08-03 00:00:00,59.63608896273251,59.63608896273251,59.63608896273251,1
datadog,vm-scale-07,request_rate,api,eastus,rpm,2026-08-04 00:00:00,2896.3531237681004,1610.180349154431,4881.988198830058,5
azure_monitor,vm-scale-02,cpu_utilization,compute,westeurope,percent,2026-08-04 00:00:00,46.62910207633081,32.50033599401742,60.75786815864419,2
datadog,vm-scale-04,request_rate,api,westeurope,rpm,2026-08-04 00:00:00,2092.2760587326825,204.40873031894114,4009.8606690081256,6
datadog,vm-scale-05,request_rate,api,centralus,rpm,2026-08-04 00:00:00,3224.9104178434986,1572.2777355750216,4924.470334631222,3
datadog,vm-scale-05,request_rate,api,centralus,rpm,2026-08-05 00:00:00,2586.9535920321323,1534.194677742584,3372.008435565959,3
azure_monitor,vm-scale-02,cpu_utilization,compute,westeurope,percent,2026-08-05 00:00:00,56.263312112757255,30.89375767488869,81.63286655062582,2
datadog,vm-scale-04,request_rate,api,westeurope,rpm,2026-08-05 00:00:00,3148.7765454992136,572.2424728263873,4765.49580264289,5
azure_cost,vm-scale-07,daily_cost,compute,eastus,usd,2026-08-05 00:00:00,184.9496410012699,71.16718056959004,259.85254900392357,5
datadog,vm-scale-07,request_rate,api,eastus,rpm,2026-08-05 00:00:00,3361.8481432100484,1729.1288406260394,4994.567445794058,2
datadog,vm-scale-08,request_rate,api,eastus,rpm,2026-08-05 00:00:00,2351.3823538083525,2187.452744568544,2678.613970814208,5
azure_monitor,vm-scale-03,cpu_utilization,compute,eastus,percent,2026-08-06 00:00:00,52.271587190856756,18.598927161661013,91.49444551274931,3
azure_cost,vm-scale-03,daily_cost,compute,eastus,usd,2026-08-06 00:00:00,166.92113462316442,47.104365358384044,269.42363663549224,6
datadog,vm-scale-01,request_rate,api,centralus,rpm,2026-08-06 00:00:00,1415.6358507817715,636.1260759306134,2452.5056414992646,4
azure_monitor,vm-scale-01,cpu_utilization,compute,centralus,percent,2026-08-06 00:00:00,51.42459092858268,21.24555703500805,81.60362482215731,2
azure_cost,vm-scale-09,daily_cost,compute,westeurope,usd,2026-08-06 00:00:00,185.79919789735575,129.00961871559647,260.92795974487086,3
azure_monitor,vm-scale-05,cpu_utilization,compute,centralus,percent,2026-08-06 00:00:00,60.80035198749213,38.631255769857816,81.11252202808213,3
datadog,vm-scale-01,request_rate,api,eastus,rpm,2026-08-06 00:00:00,1959.4845334630984,104.32444141826727,3515.0520712706007,3
datadog,vm-scale-02,request_rate,api,westeurope,rpm,2026-08-06 00:00:00,2030.4543346003263,348.13321337870707,3354.138560146179,4
azure_monitor,vm-scale-09,cpu_utilization,compute,centralus,percent,2026-08-06 00:00:00,40.03941293288215,40.03941293288215,40.03941293288215,1
datadog,vm-scale-02,request_rate,api,centralus,rpm,2026-08-06 00:00:00,2854.230823135473,317.4263793591217,4640.250070160215,5
azure_cost,vm-scale-05,daily_cost,compute,eastus,usd,2026-08-06 00:00:00,85.7206291924965,85.7206291924965,85.7206291924965,1
azure_monitor,vm-scale-01,cpu_utilization,compute,eastus,percent,2026-08-07 00:00:00,50.025324677284736,31.36068776537523,78.27323345304254,4
azure_cost,vm-scale-07,daily_cost,compute,westeurope,usd,2026-08-07 00:00:00,152.7486084145977,100.63575787536396,194.81903348982982,4
datadog,vm-scale-03,request_rate,api,centralus,rpm,2026-08-07 00:00:00,2187.115650113424,680.2992091960971,4566.31608340513,7
datadog,vm-scale-09,request_rate,api,westeurope,rpm,2026-08-07 00:00:00,2887.6674793715442,2242.33662115638,3719.693118792148,3
datadog,vm-scale-06,request_rate,api,eastus,rpm,2026-08-07 00:00:00,2014.737210745625,1070.7188260006183,3067.267060463627,4
azure_cost,vm-scale-06,daily_cost,compute,westeurope,usd,2026-08-08 00:00:00,160.46964300115292,110.99812241062918,225.2249056676964,4
datadog,vm-scale-07,request_rate,api,centralus,rpm,2026-08-08 00:00:00,2314.4877453654462,482.0974468201895,4603.635865690675,5
datadog,vm-scale-02,request_rate,api,eastus,rpm,2026-08-08 00:00:00,2912.328093480957,516.2159342186881,4954.178929406743,4
azure_monitor,vm-scale-07,cpu_utilization,compute,westeurope,percent,2026-08-08 00:00:00,51.56381359386963,29.93801616293187,71.73209296761303,3
datadog,vm-scale-02,request_rate,api,eastus,rpm,2026-08-09 00:00:00,3089.054887603819,1117.9817818301678,4781.494480409533,4
datadog,vm-scale-07,request_rate,api,centralus,rpm,2026-08-09 00:00:00,2781.4779228339808,1115.6615387334198,4912.33542395609,6
azure_monitor,vm-scale-07,cpu_utilization,compute,westeurope,percent,2026-08-09 00:00:00,43.97659221469187,33.72616393855564,58.623310224253466,3
azure_cost,vm-scale-06,daily_cost,compute,westeurope,usd,2026-08-09 00:00:00,140.2515706598042,77.03481225975517,200.58940491077828,5
azure_cost,vm-scale-07,daily_cost,compute,westeurope,usd,2026-08-10 00:00:00,178.0066513176244,78.65748914670566,265.80012201733,4
datadog,vm-scale-03,request_rate,api,centralus,rpm,2026-08-10 00:00:00,1784.8516405860933,332.74498775954885,3459.45790091918,4
datadog,vm-scale-06,request_rate,api,eastus,rpm,2026-08-10 00:00:00,1310.3681685767765,380.23176073056544,2419.3298558962374,5
datadog,vm-scale-09,request_rate,api,westeurope,rpm,2026-08-10 00:00:00,1533.621685290997,470.2159780182543,2597.02739256374,2
azure_monitor,vm-scale-01,cpu_utilization,compute,eastus,percent,2026-08-10 00:00:00,17.96501946636878,17.96501946636878,17.96501946636878,1
azure_monitor,vm-scale-03,cpu_utilization,compute,westeurope,percent,2026-08-11 00:00:00,59.75246547054807,47.81633050430965,76.2683918004341,4
azure_cost,vm-scale-01,daily_cost,compute,eastus,usd,2026-08-11 00:00:00,121.8637296386041,61.316708271988546,173.05764212874442,4
datadog,vm-scale-06,request_rate,api,eastus,rpm,2026-08-12 00:00:00,1351.1602437227548,347.9544605581224,2354.3660268873873,2
datadog,vm-scale-09,request_rate,api,westeurope,rpm,2026-08-12 00:00:00,2653.958180913294,1678.2009048145956,3629.7154570119924,2
azure_monitor,vm-scale-01,cpu_utilization,compute,eastus,percent,2026-08-12 00:00:00,49.22078114657911,22.03020096474974,82.47795734582643,6
datadog,vm-scale-03,request_rate,api,centralus,rpm,2026-08-12 00:00:00,2345.4305922734547,623.3964586093183,4243.775702002298,4
azure_cost,vm-scale-07,daily_cost,compute,westeurope,usd,2026-08-12 00:00:00,108.73212252437925,49.270671995530236,191.86686161020793,4
azure_cost,vm-scale-08,daily_cost,compute,eastus,usd,2026-08-13 00:00:00,135.19701340194916,42.27261799525989,278.17158190205447,5
datadog,vm-scale-08,request_rate,api,westeurope,rpm,2026-08-13 00:00:00,3226.047452075035,1935.8746244637964,3950.5016777857577,5
azure_monitor,vm-scale-04,cpu_utilization,compute,eastus,percent,2026-08-13 00:00:00,62.83705277283517,25.84876016046704,88.67586303883924,6
datadog,vm-scale-03,request_rate,api,westeurope,rpm,2026-08-13 00:00:00,1203.8032598124607,620.3162162389992,1700.5498181478395,4
datadog,vm-scale-09,request_rate,api,centralus,rpm,2026-08-14 00:00:00,2372.1317973973637,203.18902038358792,4712.0840963217115,8
azure_cost,vm-scale-04,daily_cost,compute,westeurope,usd,2026-08-14 00:00:00,181.71882031382052,79.10139272231075,278.91347550615774,8
azure_cost,vm-scale-02,daily_cost,compute,centralus,usd,2026-08-14 00:00:00,184.90994249530493,100.71666216031136,277.5020135780296,7
datadog,vm-scale-08,request_rate,api,centralus,rpm,2026-08-14 00:00:00,3446.121595109933,2453.112347439273,4439.1308427805925,2
azure_monitor,vm-scale-03,cpu_utilization,compute,centralus,percent,2026-08-14 00:00:00,51.574656838376846,26.515143118140127,78.82385983392595,7
azure_monitor,vm-scale-08,cpu_utilization,compute,centralus,percent,2026-08-14 00:00:00,60.266839088327025,60.266839088327025,60.266839088327025,1
azure_monitor,vm-scale-08,cpu_utilization,compute,westeurope,percent,2026-08-14 00:00:00,72.12533532792034,63.91329728792043,80.33737336792025,2
azure_cost,vm-scale-04,daily_cost,compute,westeurope,usd,2026-08-15 00:00:00,203.320666219852,106.40750457872065,265.31487655722526,4
azure_monitor,vm-scale-03,cpu_utilization,compute,centralus,percent,2026-08-15 00:00:00,34.85219655948532,15.648006714260067,72.04542405067022,4
datadog,vm-scale-08,request_rate,api,centralus,rpm,2026-08-15 00:00:00,2250.902002377702,1028.2193530686345,3473.5846516867696,2
azure_cost,vm-scale-02,daily_cost,compute,centralus,usd,2026-08-15 00:00:00,165.10560839571124,124.77314059743945,227.11143712856622,4
datadog,vm-scale-09,request_rate,api,centralus,rpm,2026-08-15 00:00:00,3073.005172968704,2584.8683298466926,3562.4486584746132,3
azure_monitor,vm-scale-08,cpu_utilization,compute,westeurope,percent,2026-08-15 00:00:00,30.552279718239998,20.533428680162714,40.57113075631728,2
azure_monitor,vm-scale-08,cpu_utilization,compute,centralus,percent,2026-08-15 00:00:00,57.83059911967536,57.83059911967536,57.83059911967536,1
azure_monitor,vm-scale-03,cpu_utilization,compute,westeurope,percent,2026-08-16 00:00:00,38.847991247183934,26.36012799257515,54.34892151589734,5
azure_monitor,vm-scale-09,cpu_utilization,compute,centralus,percent,2026-08-17 00:00:00,23.853692653829697,23.853692653829697,23.853692653829697,1
azure_monitor,vm-scale-05,cpu_utilization,compute,centralus,percent,2026-08-17 00:00:00,38.07035131990392,29.715740922874694,50.27366140034843,3
datadog,vm-scale-02,request_rate,api,centralus,rpm,2026-08-17 00:00:00,2605.937245874926,917.6068069367917,3859.8278720279927,4
azure_cost,vm-scale-08,daily_cost,compute,westeurope,usd,2026-08-17 00:00:00,127.28473594509327,68.20614941939417,269.2555270543794,5
azure_monitor,vm-scale-01,cpu_utilization,compute,centralus,percent,2026-08-17 00:00:00,55.569576292386,17.346807810535612,91.21585690671971,5
datadog,vm-scale-01,request_rate,api,centralus,rpm,2026-08-17 00:00:00,3031.230344400678,1323.839666966037,4395.9368104980185,5
azure_cost,vm-scale-09,daily_cost,compute,westeurope,usd,2026-08-17 00:00:00,172.838042226537,150.47827086581142,231.71160163023663,4
azure_cost,vm-scale-03,daily_cost,compute,eastus,usd,2026-08-17 00:00:00,256.1717363917186,256.1717363917186,256.1717363917186,1
datadog,vm-scale-01,request_rate,api,eastus,rpm,2026-08-17 00:00:00,3539.30230700914,1983.9564026599498,4452.492966147205,3
azure_cost,vm-scale-05,daily_cost,compute,eastus,usd,2026-08-17 00:00:00,156.9058141325111,140.56899003909965,173.24263822592255,2
azure_monitor,vm-scale-03,cpu_utilization,compute,eastus,percent,2026-08-17 00:00:00,28.055622735317773,28.055622735317773,28.055622735317773,1
azure_monitor,vm-scale-03,cpu_utilization,compute,eastus,percent,2026-08-18 00:00:00,62.38411984677546,44.76215819614488,79.78785250644685,4
datadog,vm-scale-01,request_rate,api,centralus,rpm,2026-08-18 00:00:00,2024.563751924668,1045.398804024382,3023.637852937703,4
azure_monitor,vm-scale-05,cpu_utilization,compute,centralus,percent,2026-08-18 00:00:00,48.67530412590149,26.535492990673504,66.96905638407969,4
datadog,vm-scale-02,request_rate,api,centralus,rpm,2026-08-18 00:00:00,3236.5437405108314,2105.552563026462,4636.7625644022855,5
azure_monitor,vm-scale-09,cpu_utilization,compute,centralus,percent,2026-08-18 00:00:00,48.62234533373283,17.684713444304542,84.67602784436164,6
azure_cost,vm-scale-05,daily_cost,compute,eastus,usd,2026-08-18 00:00:00,181.35499782271464,72.6934410832219,274.6199126625549,4
azure_monitor,vm-scale-01,cpu_utilization,compute,centralus,percent,2026-08-18 00:00:00,40.086439223883005,38.250457617351756,41.922420830414254,2
datadog,vm-scale-01,request_rate,api,eastus,rpm,2026-08-18 00:00:00,1742.8259674446945,704.2693171995642,2775.994106757882,4
azure_cost,vm-scale-09,daily_cost,compute,westeurope,usd,2026-08-18 00:00:00,103.66296309354168,46.09350036923096,154.39327222872322,3
azure_cost,vm-scale-03,daily_cost,compute,eastus,usd,2026-08-18 00:00:00,213.5585646413043,140.28171352635246,269.45966629171664,6
datadog,vm-scale-02,request_rate,api,westeurope,rpm,2026-08-18 00:00:00,1123.7959160574303,1123.7959160574303,1123.7959160574303,1
azure_cost,vm-scale-08,daily_cost,compute,westeurope,usd,2026-08-18 00:00:00,207.3224260266628,207.3224260266628,207.3224260266628,1
azure_cost,vm-scale-04,daily_cost,compute,centralus,usd,2026-08-19 00:00:00,113.16303484602209,41.77569959115046,169.69377306843592,5
azure_cost,vm-scale-05,daily_cost,compute,westeurope,usd,2026-08-19 00:00:00,144.70431555058434,40.25824274167221,212.56008609640028,4
azure_cost,vm-scale-01,daily_cost,compute,westeurope,usd,2026-08-19 00:00:00,163.52898109518253,163.52898109518253,163.52898109518253,1
azure_cost,vm-scale-08,daily_cost,compute,eastus,usd,2026-08-20 00:00:00,153.13052358806877,50.2085938127434,242.28903865288447,7
azure_monitor,vm-scale-06,cpu_utilization,compute,centralus,percent,2026-08-20 00:00:00,46.31010202775561,16.305603811464145,73.42720875275305,8
datadog,vm-scale-08,request_rate,api,westeurope,rpm,2026-08-20 00:00:00,4050.2920499349198,3851.976057593247,4248.608042276593,2
datadog,vm-scale-03,request_rate,api,westeurope,rpm,2026-08-20 00:00:00,3600.116914337303,2750.1682162225193,4291.79878885292,3
azure_monitor,vm-scale-04,cpu_utilization,compute,eastus,percent,2026-08-20 00:00:00,73.68869320656725,59.952310292329315,87.42507612080519,2
datadog,vm-scale-07,request_rate,api,westeurope,rpm,2026-08-21 00:00:00,2494.4468102166625,741.4112785963121,4808.473178224826,5
azure_cost,vm-scale-01,daily_cost,compute,centralus,usd,2026-08-21 00:00:00,95.58539068335256,65.62536289155676,136.23774723418128,3
azure_cost,vm-scale-06,daily_cost,compute,eastus,usd,2026-08-21 00:00:00,175.1229628155771,94.13530097276379,277.4407271029079,6
azure_cost,vm-scale-02,daily_cost,compute,eastus,usd,2026-08-21 00:00:00,144.68839438260642,66.36112820260942,257.8796513247287,6
azure_monitor,vm-scale-04,cpu_utilization,compute,westeurope,percent,2026-08-21 00:00:00,57.017267110221475,22.459593057970118,83.18706443552088,5
azure_cost,vm-scale-07,daily_cost,compute,centralus,usd,2026-08-21 00:00:00,118.57144764100956,85.24878308604337,136.7077904297464,3
azure_cost,vm-scale-05,daily_cost,compute,centralus,usd,2026-08-21 00:00:00,121.4207658666765,50.12730720831047,220.69031794688092,4
azure_cost,vm-scale-03,daily_cost,compute,centralus,usd,2026-08-21 00:00:00,98.1904873311704,42.159701916105604,199.3507055006377,4
azure_monitor,vm-scale-06,cpu_utilization,compute,eastus,percent,2026-08-21 00:00:00,57.39061476202479,51.536539939545534,63.25255116083683,3
azure_monitor,vm-scale-08,cpu_utilization,compute,eastus,percent,2026-08-22 00:00:00,42.67148092346158,32.47058409549682,59.064277038588955,3
azure_monitor,vm-scale-01,cpu_utilization,compute,westeurope,percent,2026-08-22 00:00:00,53.502936768910295,17.016712984765036,86.02522118043535,3
azure_monitor,vm-scale-05,cpu_utilization,compute,eastus,percent,2026-08-22 00:00:00,57.718365648580914,28.62313236774272,86.8135989294191,2
datadog,vm-scale-08,request_rate,api,eastus,rpm,2026-08-23 00:00:00,2924.1498489962646,2026.7910182756905,3953.9037794761093,3
datadog,vm-scale-07,request_rate,api,eastus,rpm,2026-08-23 00:00:00,991.19796531401,434.7221978795929,1718.1811792767253,3
azure_cost,vm-scale-07,daily_cost,compute,eastus,usd,2026-08-23 00:00:00,235.89230697109357,224.81340248349906,254.18326062176314,3
datadog,vm-scale-04,request_rate,api,westeurope,rpm,2026-08-23 00:00:00,3131.850091512118,1720.154457911975,4098.264320296777,6
datadog,vm-scale-05,request_rate,api,centralus,rpm,2026-08-23 00:00:00,3648.944323841206,2935.700085844896,4362.188561837515,2
azure_monitor,vm-scale-02,cpu_utilization,compute,westeurope,percent,2026-08-23 00:00:00,91.07558789322883,91.07558789322883,91.07558789322883,1
azure_monitor,vm-scale-05,cpu_utilization,compute,eastus,percent,2026-08-24 00:00:00,67.46896088860854,64.51137093742996,69.71130343624189,3
azure_monitor,vm-scale-08,cpu_utilization,compute,eastus,percent,2026-08-24 00:00:00,60.63328597291353,60.63328597291353,60.63328597291353,1
azure_monitor,vm-scale-01,cpu_utilization,compute,westeurope,percent,2026-08-24 00:00:00,39.961449326307054,21.80503805072327,58.11786060189084,2
azure_monitor,vm-scale-06,cpu_utilization,compute,westeurope,percent,2026-08-25 00:00:00,64.98412473102334,43.59404087676279,91.14036317382528,3
datadog,vm-scale-01,request_rate,api,westeurope,rpm,2026-08-25 00:00:00,2022.9219948128805,1277.9389623683521,2865.6390725474603,3
azure_cost,vm-scale-03,daily_cost,compute,westeurope,usd,2026-08-25 00:00:00,75.22777035421053,75.22777035421053,75.22777035421053,1
azure_monitor,vm-scale-02,cpu_utilization,compute,centralus,percent,2026-08-25 00:00:00,55.12572438550188,20.366708285365654,88.74654332646259,5
datadog,vm-scale-06,request_rate,api,centralus,rpm,2026-08-26 00:00:00,3132.317683822974,1358.117925015206,4489.069468412945,4
datadog,vm-scale-06,request_rate,api,westeurope,rpm,2026-08-26 00:00:00,2216.080469811409,850.9190177950453,4140.026480905939,8
azure_cost,vm-scale-06,daily_cost,compute,centralus,usd,2026-08-26 00:00:00,226.9590502278508,226.9590502278508,226.9590502278508,1
azure_cost,vm-scale-04,daily_cost,compute,eastus,usd,2026-08-27 00:00:00,152.3173409993098,40.525159682430505,255.9450232841668,4
azure_monitor,vm-scale-09,cpu_utilization,compute,westeurope,percent,2026-08-27 00:00:00,57.266687423323525,37.106024361595956,78.59551716207373,5
datadog,vm-scale-06,request_rate,api,westeurope,rpm,2026-08-28 00:00:00,3152.5949654503834,1063.3657851598407,4779.143185236528,4
azure_cost,vm-scale-06,daily_cost,compute,centralus,usd,2026-08-28 00:00:00,119.85256224603248,44.672960286131,204.99775042879716,5
datadog,vm-scale-06,request_rate,api,centralus,rpm,2026-08-28 00:00:00,2697.4715555449725,2225.444409975561,3169.498701114384,2
azure_cost,vm-scale-03,daily_cost,compute,eastus,usd,2026-08-29 00:00:00,107.85952130032614,107.85952130032614,107.85952130032614,1
datadog,vm-scale-01,request_rate,api,centralus,rpm,2026-08-29 00:00:00,3258.3663335042156,1089.7274707973143,4812.02180663722,5
azure_monitor,vm-scale-09,cpu_utilization,compute,centralus,percent,2026-08-29 00:00:00,75.89093017181213,56.50448202366035,88.81787577108136,5
azure_monitor,vm-scale-03,cpu_utilization,compute,eastus,percent,2026-08-29 00:00:00,47.69026343541541,34.60917065003933,71.94287770134775,3
azure_monitor,vm-scale-05,cpu_utilization,compute,centralus,percent,2026-08-29 00:00:00,61.1168433064942,24.22087215547529,87.51512732748894,7
azure_cost,vm-scale-08,daily_cost,compute,westeurope,usd,2026-08-29 00:00:00,176.85782341585582,176.85782341585582,176.85782341585582,1
datadog,vm-scale-02,request_rate,api,westeurope,rpm,2026-08-29 00:00:00,3292.266673189189,2581.290823843412,4588.612049388537,3
azure_cost,vm-scale-05,daily_cost,compute,eastus,usd,2026-08-29 00:00:00,143.02209148575776,56.00816599392364,259.8312467875049,6
datadog,vm-scale-02,request_rate,api,centralus,rpm,2026-08-29 00:00:00,2236.2295460335044,1753.6940871607849,2718.7650049062245,2
datadog,vm-scale-01,request_rate,api,eastus,rpm,2026-08-29 00:00:00,2479.4386164875955,767.3148790578904,3905.0547337568537,8
azure_cost,vm-scale-09,daily_cost,compute,westeurope,usd,2026-08-29 00:00:00,165.69769920486257,49.75015238715522,266.26590215548083,5
azure_monitor,vm-scale-01,cpu_utilization,compute,centralus,percent,2026-08-29 00:00:00,47.48538328163104,19.65871547975511,73.8774002691517,4
azure_monitor,vm-scale-03,cpu_utilization,compute,centralus,percent,2026-08-30 00:00:00,26.99184539367066,26.99116766718535,26.992523120155965,2
datadog,vm-scale-08,request_rate,api,centralus,rpm,2026-08-30 00:00:00,1929.3015838605693,830.3428269448793,3028.260340776259,2
datadog,vm-scale-09,request_rate,api,centralus,rpm,2026-08-30 00:00:00,1937.634896695355,427.8118440421779,3447.4579493485326,2
azure_cost,vm-scale-02,daily_cost,compute,centralus,usd,2026-08-30 00:00:00,155.8226929464979,133.1308899490838,178.51449594391204,2
azure_monitor,vm-scale-08,cpu_utilization,compute,centralus,percent,2026-08-30 00:00:00,34.71226377271874,31.612849406680706,37.81167813875678,2
azure_cost,vm-scale-04,daily_cost,compute,westeurope,usd,2026-08-30 00:00:00,183.74725411067914,76.99345951296102,256.1618761331634,4
azure_monitor,vm-scale-02,cpu_utilization,compute,westeurope,percent,2026-08-31 00:00:00,49.51713086586371,19.577550051104343,79.45671168062309,2
datadog,vm-scale-05,request_rate,api,centralus,rpm,2026-08-31 00:00:00,3086.2214345540274,2290.814730515172,3930.7030989462346,3
azure_cost,vm-scale-07,daily_cost,compute,eastus,usd,2026-08-31 00:00:00,120.37218507177552,84.9603534094816,175.8398346487006,6
datadog,vm-scale-07,request_rate,api,eastus,rpm,2026-08-31 00:00:00,3311.6404170218752,2416.5036715757715,4740.926045977615,5
datadog,vm-scale-04,request_rate,api,westeurope,rpm,2026-08-31 00:00:00,3066.178373465941,1277.315835870372,4197.678772274224,5
azure_monitor,vm-scale-05,cpu_utilization,compute,eastus,percent,2026-09-01 00:00:00,54.305820484809715,19.804880432241,81.39669888098038,6
azure_monitor,vm-scale-01,cpu_utilization,compute,westeurope,percent,2026-09-01 00:00:00,42.788568969451696,15.842250253831013,80.75698692081654,6
azure_monitor,vm-scale-08,cpu_utilization,compute,eastus,percent,2026-09-01 00:00:00,41.1288151806829,25.529499608794573,66.23376434663449,5
azure_monitor,vm-scale-05,cpu_utilization,compute,eastus,percent,2026-09-02 00:00:00,62.17979058462629,24.64418279720581,88.80168043149592,5
azure_monitor,vm-scale-01,cpu_utilization,compute,westeurope,percent,2026-09-02 00:00:00,54.493614418421586,22.540690623371276,74.74994491719703,4
azure_monitor,vm-scale-08,cpu_utilization,compute,eastus,percent,2026-09-02 00:00:00,52.6739954289985,18.677822634523782,78.28051787871385,3
azure_monitor,vm-scale-06,cpu_utilization,compute,westeurope,percent,2026-09-03 00:00:00,60.551301920204104,39.699510005941406,71.77830582815659,6
datadog,vm-scale-01,request_rate,api,westeurope,rpm,2026-09-03 00:00:00,3322.038936459693,264.4648110517063,4862.005756887985,5
azure_monitor,vm-scale-02,cpu_utilization,compute,centralus,percent,2026-09-03 00:00:00,61.19634827833902,60.421777424314435,61.97091913236361,2
azure_cost,vm-scale-03,daily_cost,compute,westeurope,usd,2026-09-03 00:00:00,129.88385353472304,42.42523668123475,217.34247038821135,2
azure_monitor,vm-scale-01,cpu_utilization,compute,centralus,percent,2026-09-04 00:00:00,53.19053605836717,35.29268756438846,68.80924052576273,4
azure_monitor,vm-scale-03,cpu_utilization,compute,eastus,percent,2026-09-04 00:00:00,45.459745665516486,16.755607803744745,83.88852089419868,6
azure_cost,vm-scale-05,daily_cost,compute,eastus,usd,2026-09-04 00:00:00,178.29625966656658,152.91622852254642,201.445350550332,3
azure_monitor,vm-scale-05,cpu_utilization,compute,centralus,percent,2026-09-04 00:00:00,35.203655045134134,19.835597825378244,60.28477539426783,6
azure_cost,vm-scale-08,daily_cost,compute,westeurope,usd,2026-09-04 00:00:00,83.21620580724024,61.739990538475,104.69242107600547,2
datadog,vm-scale-02,request_rate,api,centralus,rpm,2026-09-04 00:00:00,3768.4418698006557,3112.447183292368,4261.612721461372,3
azure_monitor,vm-scale-09,cpu_utilization,compute,centralus,percent,2026-09-04 00:00:00,67.10685413331645,54.96939649171941,77.14968194411844,3
azure_cost,vm-scale-03,daily_cost,compute,eastus,usd,2026-09-04 00:00:00,199.17174178328486,133.44440307737773,264.899080489192,2
datadog,vm-scale-01,request_rate,api,eastus,rpm,2026-09-04 00:00:00,2147.951572492548,718.7233304158636,4850.84555959102,3
datadog,vm-scale-02,request_rate,api,westeurope,rpm,2026-09-04 00:00:00,2514.6159064616813,1475.9291580524653,3553.302654870897,2
azure_cost,vm-scale-09,daily_cost,compute,westeurope,usd,2026-09-04 00:00:00,134.0108590166693,134.0108590166693,134.0108590166693,1
azure_cost,vm-prod-02,daily_cost,compute,centralus,usd,2026-07-12 00:00:00,148.39346749435802,143.4430040599865,153.34393092872955,2
azure_monitor,vm-prod-01,memory_utilization,compute,centralus,percent,2026-07-16 00:00:00,54.9672158470781,53.11153171959576,56.50076203748909,24
azure_monitor,vm-prod-02,memory_utilization,compute,centralus,percent,2026-06-17 00:00:00,60.06831395071527,59.01363115742055,60.99849397411152,264
datadog,svc-api-gateway,error_rate,api,eastus2,percent,2026-06-17 00:00:00,0.4886099715161415,0.3008334671369718,0.6989928922613298,264
azure_monitor,vm-prod-01,memory_utilization,compute,centralus,percent,2026-06-22 00:00:00,54.95225619070718,53.00289541801794,56.96584513878901,264
azure_monitor,vm-prod-02,memory_utilization,compute,centralus,percent,2026-06-26 00:00:00,59.97280278524163,59.011504135456484,60.97853587623747,264
datadog,svc-api-gateway,error_rate,api,eastus2,percent,2026-06-26 00:00:00,0.4975625843577138,0.3091704930553434,0.6996486521103311,264
azure_monitor,vm-dev-01,memory_utilization,development,centralus,percent,2026-06-30 00:00:00,12.019026546560442,11.014655956087118,12.997963259036915,264
azure_monitor,vm-prod-02,cpu_utilization,compute,centralus,percent,2026-06-30 00:00:00,62.27510723000026,59.256421864900226,64.82395336331565,264
azure_monitor,vm-prod-02,memory_utilization,compute,centralus,percent,2026-07-02 00:00:00,59.98001144067523,59.00901830967492,60.98071038610862,264
datadog,svc-api-gateway,error_rate,api,eastus2,percent,2026-07-02 00:00:00,0.518765906713416,0.30153931341936013,0.699812958631959,264
azure_monitor,vm-prod-01,cpu_utilization,compute,centralus,percent,2026-07-06 00:00:00,44.87365455097643,40.12585257403777,49.957998947148035,264
datadog,svc-api-gateway,request_rate,api,eastus2,rpm,2026-07-07 00:00:00,1200.8573648071317,1100.8453603515984,1298.4781677487754,283
azure_monitor,vm-prod-01,memory_utilization,compute,centralus,percent,2026-07-08 00:00:00,55.05340801035707,53.03729612429688,56.967423053310895,288
azure_monitor,vm-dev-01,cpu_utilization,development,centralus,percent,2026-07-09 00:00:00,7.815383086426119,6.022919540308879,9.998723930869879,288
datadog,svc-api-gateway,request_rate,api,eastus2,rpm,2026-07-10 00:00:00,1195.7897195058695,1100.0887619012626,1298.72436964178,288
azure_cost,vm-prod-02,daily_cost,compute,centralus,usd,2026-06-23 00:00:00,149.14719531936151,142.02338682101987,157.7022297407118,11
azure_cost,vm-dev-01,daily_cost,development,centralus,usd,2026-06-27 00:00:00,10.101904937720734,9.164019487681625,10.712072774369409,11
azure_cost,vm-prod-02,daily_cost,compute,centralus,usd,2026-06-29 00:00:00,149.55494669187502,142.17309751643035,157.59704450905286,11
azure_cost,svc-api-gateway,daily_cost,api,eastus2,usd,2026-06-30 00:00:00,49.98722039731835,48.05395103713947,51.80005558486982,11
azure_cost,vm-dev-01,daily_cost,development,centralus,usd,2026-07-04 00:00:00,10.275636594118206,9.585692673760846,10.934300341732627,11
azure_cost,vm-prod-01,daily_cost,compute,centralus,usd,2026-07-09 00:00:00,101.77032892796637,98.45870307624554,104.55352108859906,12
azure_monitor,vm-dev-01,memory_utilization,development,centralus,percent,2026-07-18 00:00:00,12.075397197388178,11.008232470395937,12.973272977370357,24
azure_monitor,vm-prod-02,cpu_utilization,compute,centralus,percent,2026-07-18 00:00:00,52.17828448456249,49.66003129647355,54.05432460735628,24
azure_monitor,vm-prod-02,memory_utilization,compute,centralus,percent,2026-07-19 00:00:00,59.99218907496331,59.0504657023133,60.94902791873221,24
datadog,svc-api-gateway,error_rate,api,eastus2,percent,2026-07-19 00:00:00,0.5130624193220622,0.3182786737649509,0.6920047258366111,24
azure_monitor,vm-prod-02,memory_utilization,compute,centralus,percent,2026-07-20 00:00:00,59.754451553922586,59.07379172794813,60.930180319081465,24
datadog,svc-api-gateway,error_rate,api,eastus2,percent,2026-07-20 00:00:00,0.4868357423281386,0.3039852802588743,0.6488190736176898,24
azure_monitor,vm-prod-01,memory_utilization,compute,centralus,percent,2026-07-22 00:00:00,55.21997965235295,53.3638319121963,56.99981716279096,24
azure_monitor,vm-dev-01,memory_utilization,development,centralus,percent,2026-07-27 00:00:00,11.925084113954282,11.055623569484503,12.995638170568384,24
azure_monitor,vm-prod-02,cpu_utilization,compute,centralus,percent,2026-07-27 00:00:00,65.33455100718015,63.74710578525697,67.29770255461335,24
azure_monitor,vm-prod-01,cpu_utilization,compute,centralus,percent,2026-07-28 00:00:00,46.24969598655983,40.25570109196417,49.9850585332699,24
azure_monitor,vm-dev-01,memory_utilization,development,centralus,percent,2026-07-30 00:00:00,12.019015093996897,11.129400248685863,12.967630524028065,24
azure_monitor,vm-prod-02,cpu_utilization,compute,centralus,percent,2026-07-30 00:00:00,69.82155296122782,67.20218974446018,72.38174009248732,24
azure_monitor,vm-prod-01,memory_utilization,compute,centralus,percent,2026-07-31 00:00:00,54.99133394489231,53.14307558718504,56.96110887554528,24
datadog,svc-api-gateway,request_rate,api,eastus2,rpm,2026-08-01 00:00:00,1184.4089379411432,1106.3244614820119,1272.205096631513,24
azure_monitor,vm-dev-01,memory_utilization,development,centralus,percent,2026-08-02 00:00:00,12.00459749187081,11.035174355252936,12.929237706803816,24
azure_monitor,vm-prod-02,cpu_utilization,compute,centralus,percent,2026-08-02 00:00:00,74.27868043941817,72.11423847514064,76.67093023526638,24
azure_monitor,vm-prod-01,cpu_utilization,compute,centralus,percent,2026-08-03 00:00:00,45.50102473970807,40.6864751391716,49.51513529379892,24
azure_cost,vm-prod-02,daily_cost,compute,centralus,usd,2026-07-13 00:00:00,142.61481642442922,142.61481642442922,142.61481642442922,1
azure_cost,svc-api-gateway,daily_cost,api,eastus2,usd,2026-07-17 00:00:00,49.1428426759036,49.1428426759036,49.1428426759036,1
azure_cost,svc-api-gateway,daily_cost,api,eastus2,usd,2026-07-18 00:00:00,48.14546178775693,48.14546178775693,48.14546178775693,1
azure_cost,vm-dev-01,daily_cost,development,centralus,usd,2026-07-23 00:00:00,9.864163695757352,9.864163695757352,9.864163695757352,1
azure_cost,svc-api-gateway,daily_cost,api,eastus2,usd,2026-07-27 00:00:00,50.81874566417858,50.81874566417858,50.81874566417858,1
azure_cost,svc-api-gateway,daily_cost,api,eastus2,usd,2026-07-30 00:00:00,49.77825070234797,49.77825070234797,49.77825070234797,1
azure_cost,svc-api-gateway,daily_cost,api,eastus2,usd,2026-08-02 00:00:00,51.392033060360845,51.392033060360845,51.392033060360845,1
azure_monitor,vm-scale-05,cpu_utilization,compute,westeurope,percent,2026-07-30 00:00:00,67.45641071563527,67.45641071563527,67.45641071563527,1
azure_cost,vm-scale-09,daily_cost,compute,eastus,usd,2026-07-30 00:00:00,168.2170095967381,100.49316262142948,235.94085657204675,2
datadog,vm-scale-03,request_rate,api,eastus,rpm,2026-07-30 00:00:00,2623.093440260202,850.7229409493128,3644.659606936156,3
datadog,vm-scale-04,request_rate,api,centralus,rpm,2026-07-30 00:00:00,371.9171360158798,210.5519149720792,533.2823570596804,2
datadog,vm-scale-05,request_rate,api,eastus,rpm,2026-07-30 00:00:00,3004.008629071632,1077.5692317576816,4930.448026385583,2
datadog,vm-scale-04,request_rate,api,eastus,rpm,2026-07-30 00:00:00,1705.733431296133,1705.733431296133,1705.733431296133,1
azure_cost,vm-scale-02,daily_cost,compute,westeurope,usd,2026-07-30 00:00:00,240.18721043706267,240.18721043706267,240.18721043706267,1
azure_cost,vm-scale-07,daily_cost,compute,centralus,usd,2026-07-31 00:00:00,106.9523242793797,77.08730884537036,178.84583428528677,5
azure_monitor,vm-scale-04,cpu_utilization,compute,westeurope,percent,2026-07-31 00:00:00,58.3157514719432,47.898692838836155,65.50846838040411,3
azure_cost,vm-scale-06,daily_cost,compute,eastus,usd,2026-07-31 00:00:00,217.86033723901122,185.9530213068438,249.76765317117864,2
azure_cost,vm-scale-03,daily_cost,compute,centralus,usd,2026-07-31 00:00:00,232.729852949979,232.729852949979,232.729852949979,1
azure_cost,vm-scale-02,daily_cost,compute,eastus,usd,2026-07-31 00:00:00,180.420390149986,120.4941772685821,240.34660303138986,2
azure_cost,vm-scale-01,daily_cost,compute,centralus,usd,2026-07-31 00:00:00,158.02056542413203,86.07124057104986,221.63195544053343,4
datadog,vm-scale-07,request_rate,api,westeurope,rpm,2026-07-31 00:00:00,4078.0639301135498,3342.588425109016,4813.539435118084,2
azure_monitor,vm-scale-06,cpu_utilization,compute,eastus,percent,2026-07-31 00:00:00,39.55302041787279,27.371369493364497,51.73467134238107,2
azure_cost,vm-scale-05,daily_cost,compute,centralus,usd,2026-07-31 00:00:00,165.32335162941064,165.32335162941064,165.32335162941064,1
azure_monitor,vm-scale-08,cpu_utilization,compute,eastus,percent,2026-08-01 00:00:00,50.96140257033779,21.31165939420891,90.27399225648261,5
azure_monitor,vm-scale-05,cpu_utilization,compute,eastus,percent,2026-08-01 00:00:00,40.49071664499225,34.34875143389508,46.63268185608942,2
azure_monitor,vm-scale-01,cpu_utilization,compute,westeurope,percent,2026-08-01 00:00:00,51.21105855740973,30.0449875494767,91.78879845181275,3
azure_cost,vm-scale-09,daily_cost,compute,centralus,usd,2026-08-02 00:00:00,164.5294854188503,110.35507806188147,193.0984538667028,3
datadog,vm-scale-04,request_rate,api,eastus,rpm,2026-08-02 00:00:00,3764.432681497962,2961.684823429629,4349.51726844123,4
azure_cost,vm-scale-02,daily_cost,compute,westeurope,usd,2026-08-02 00:00:00,210.95197141838995,143.62193272111108,256.4933085844217,4
datadog,vm-scale-05,request_rate,api,eastus,rpm,2026-08-02 00:00:00,3299.7287128901794,917.9620704899546,4967.254610283333,5
azure_monitor,vm-scale-05,cpu_utilization,compute,westeurope,percent,2026-08-02 00:00:00,52.02912043901748,44.67250021927648,59.385740658758486,2
azure_cost,vm-scale-09,daily_cost,compute,eastus,usd,2026-08-02 00:00:00,180.64501926542903,114.15093715875548,263.2725171619424,4
datadog,vm-scale-04,request_rate,api,centralus,rpm,2026-08-02 00:00:00,3389.2207859767623,2797.564697358043,4093.906676726969,3
azure_monitor,vm-scale-04,cpu_utilization,compute,centralus,percent,2026-08-02 00:00:00,40.268596794532314,22.457603040524194,66.57822411936456,4
datadog,vm-scale-03,request_rate,api,eastus,rpm,2026-08-02 00:00:00,2738.113454950259,910.5177327697703,4679.81884222447,3
datadog,vm-scale-06,request_rate,api,centralus,rpm,2026-08-03 00:00:00,3050.025951110661,639.5006479478262,4801.801031782135,4
datadog,vm-scale-06,request_rate,api,westeurope,rpm,2026-08-03 00:00:00,3578.4918893247404,3176.088310841756,3980.8954678077253,2
azure_cost,vm-scale-06,daily_cost,compute,centralus,usd,2026-08-03 00:00:00,182.75249476421027,43.796556708491366,270.99961524751234,3
azure_cost,vm-scale-08,daily_cost,compute,eastus,usd,2026-08-04 00:00:00,147.42179891631667,43.497454773951425,275.4408005849006,6
datadog,vm-scale-03,request_rate,api,westeurope,rpm,2026-08-04 00:00:00,2247.2931039620757,262.7147144519113,3812.87526359006,5
azure_monitor,vm-scale-04,cpu_utilization,compute,eastus,percent,2026-08-04 00:00:00,47.79033003342088,18.285973389910318,90.45997267920161,3
datadog,vm-scale-08,request_rate,api,westeurope,rpm,2026-08-04 00:00:00,3240.853499369789,2474.637747811048,3585.056699013994,4
azure_monitor,vm-scale-06,cpu_utilization,compute,centralus,percent,2026-08-04 00:00:00,39.37138471769684,39.37138471769684,39.37138471769684,1
azure_monitor,vm-scale-04,cpu_utilization,compute,eastus,percent,2026-08-05 00:00:00,61.47713327884709,32.3581887605164,81.20111915548648,7
datadog,vm-scale-03,request_rate,api,westeurope,rpm,2026-08-05 00:00:00,3958.7206905377097,3168.4148503971765,4616.409483335346,3
azure_monitor,vm-scale-06,cpu_utilization,compute,centralus,percent,2026-08-05 00:00:00,46.99502164719255,18.540618181120067,71.6466717030589,5
azure_cost,vm-scale-08,daily_cost,compute,eastus,usd,2026-08-05 00:00:00,169.7520351768188,44.55504202650606,235.85825888717918,3
datadog,vm-scale-08,request_rate,api,westeurope,rpm,2026-08-05 00:00:00,2907.254794979383,2251.8240843551675,3368.9571010177297,3
azure_cost,vm-scale-08,daily_cost,compute,centralus,usd,2026-08-06 00:00:00,133.0870182262855,58.83511137080436,179.9145742294802,5
azure_monitor,vm-scale-07,cpu_utilization,compute,eastus,percent,2026-08-06 00:00:00,30.34463144328792,26.78843236210762,36.073105124909105,3
datadog,vm-scale-05,request_rate,api,westeurope,rpm,2026-08-06 00:00:00,2254.886205568889,463.825543170612,4536.801412776833,6
datadog,vm-scale-09,request_rate,api,eastus,rpm,2026-08-06 00:00:00,1619.5363769565324,705.8985119000206,2964.8581945768133,4
azure_cost,vm-scale-06,daily_cost,compute,centralus,usd,2026-08-07 00:00:00,172.70680286154513,52.33245341572881,269.3256265661278,6
datadog,vm-scale-06,request_rate,api,westeurope,rpm,2026-08-07 00:00:00,2615.5588479411513,434.94362411449225,3835.2439964020223,4
datadog,vm-scale-06,request_rate,api,centralus,rpm,2026-08-07 00:00:00,3838.3217876432254,3335.3944509037183,4203.850007782868,4
azure_cost,vm-scale-09,daily_cost,compute,centralus,usd,2026-08-08 00:00:00,203.65399606863332,162.2524360990494,245.05555603821728,2
azure_cost,vm-scale-02,daily_cost,compute,westeurope,usd,2026-08-08 00:00:00,165.04940879596364,128.16402933019674,201.93478826173057,2
datadog,vm-scale-05,request_rate,api,eastus,rpm,2026-08-08 00:00:00,2867.352704401633,2330.816279701492,3659.4984062749127,3
azure_monitor,vm-scale-04,cpu_utilization,compute,centralus,percent,2026-08-08 00:00:00,38.072028133824396,32.44728716283166,42.48999081240439,3
azure_cost,vm-scale-09,daily_cost,compute,eastus,usd,2026-08-08 00:00:00,183.74706525726677,53.454244643391405,273.5494840171199,5
datadog,vm-scale-04,request_rate,api,centralus,rpm,2026-08-08 00:00:00,2316.290292332893,296.75942383855875,4466.619150093668,3
datadog,vm-scale-03,request_rate,api,eastus,rpm,2026-08-08 00:00:00,2511.8393152710137,995.8007835419093,4316.675294351159,3
datadog,vm-scale-04,request_rate,api,centralus,rpm,2026-08-09 00:00:00,2124.2258736459144,417.6294116676707,4053.1609903940202,8
azure_cost,vm-scale-02,daily_cost,compute,westeurope,usd,2026-08-09 00:00:00,185.4092890574519,148.42987100927957,220.8457204068415,3
datadog,vm-scale-04,request_rate,api,eastus,rpm,2026-08-09 00:00:00,2199.8143982360884,600.1353304513605,4102.034128393313,3
datadog,vm-scale-03,request_rate,api,eastus,rpm,2026-08-09 00:00:00,1777.6613738891585,319.76311080147656,2973.811858020716,10
azure_monitor,vm-scale-05,cpu_utilization,compute,westeurope,percent,2026-08-09 00:00:00,46.20403190932962,15.705120423809893,77.21133851174132,4
azure_cost,vm-scale-09,daily_cost,compute,centralus,usd,2026-08-09 00:00:00,153.14449731340915,77.78871331645115,254.07874577017344,4
datadog,vm-scale-05,request_rate,api,eastus,rpm,2026-08-09 00:00:00,2466.3467544036216,158.6738208599695,4382.8503300079965,4
azure_cost,vm-scale-09,daily_cost,compute,eastus,usd,2026-08-09 00:00:00,119.20925461460557,69.68202624098261,203.19643355223488,3
azure_monitor,vm-scale-04,cpu_utilization,compute,centralus,percent,2026-08-09 00:00:00,28.492215075018315,28.492215075018315,28.492215075018315,1
datadog,vm-scale-06,request_rate,api,westeurope,rpm,2026-08-10 00:00:00,3799.8057900407457,2587.811673890898,4963.172251301345,3
azure_cost,vm-scale-06,daily_cost,compute,centralus,usd,2026-08-10 00:00:00,192.79421078984205,134.89590640310985,247.33274809852844,3
azure_monitor,vm-scale-02,cpu_utilization,compute,eastus,percent,2026-08-11 00:00:00,57.969293120522856,20.09769784432222,90.45681186372605,5
azure_cost,vm-scale-04,daily_cost,compute,eastus,usd,2026-08-11 00:00:00,146.9416633731732,103.08318458255769,255.4593809167358,4
azure_monitor,vm-scale-09,cpu_utilization,compute,westeurope,percent,2026-08-11 00:00:00,38.71909807113123,36.715191774526936,40.72300436773551,2
datadog,vm-scale-06,request_rate,api,westeurope,rpm,2026-08-12 00:00:00,2937.2612501687945,160.87687084372058,4934.4975742763545,6
azure_cost,vm-scale-06,daily_cost,compute,centralus,usd,2026-08-12 00:00:00,163.21005096397812,100.96586859498824,270.77018709182676,3
datadog,vm-scale-06,request_rate,api,centralus,rpm,2026-08-12 00:00:00,2113.023928925136,283.81632655255635,4022.8085068999376,4
datadog,vm-scale-08,request_rate,api,eastus,rpm,2026-08-13 00:00:00,2088.9249575198533,643.6318559333595,4943.488746825354,3
datadog,vm-scale-05,request_rate,api,centralus,rpm,2026-08-13 00:00:00,1656.1944294361567,101.11737663078118,4129.620945271827,6
datadog,vm-scale-07,request_rate,api,eastus,rpm,2026-08-13 00:00:00,2473.1617417187936,296.93997790449873,4164.10857731875,4
azure_cost,vm-scale-07,daily_cost,compute,eastus,usd,2026-08-13 00:00:00,69.48406621081033,45.3850200163108,99.4489664449064,6
azure_monitor,vm-scale-02,cpu_utilization,compute,westeurope,percent,2026-08-13 00:00:00,56.22859246523075,24.061936962450112,88.39524796801138,2
datadog,vm-scale-04,request_rate,api,westeurope,rpm,2026-08-13 00:00:00,2317.91476512671,1605.5485069053384,3030.2810233480814,2
azure_monitor,vm-scale-06,cpu_utilization,compute,eastus,percent,2026-08-14 00:00:00,45.879439206444395,15.57052606298889,78.14787223326505,7
datadog,vm-scale-07,request_rate,api,westeurope,rpm,2026-08-14 00:00:00,3191.434418079953,1297.2872551274813,4650.074913850989,4
azure_cost,vm-scale-02,daily_cost,compute,eastus,usd,2026-08-14 00:00:00,158.68406015465922,47.117674639129625,257.48501717457077,4
azure_cost,vm-scale-05,daily_cost,compute,centralus,usd,2026-08-14 00:00:00,123.9776646421814,42.82785198180383,243.16512496127706,7
azure_cost,vm-scale-07,daily_cost,compute,centralus,usd,2026-08-14 00:00:00,156.33641461604915,120.33775283939723,192.3350763927011,2
azure_monitor,vm-scale-04,cpu_utilization,compute,westeurope,percent,2026-08-14 00:00:00,65.5014452037459,40.53822713124421,84.08544265507028,4
azure_cost,vm-scale-01,daily_cost,compute,centralus,usd,2026-08-14 00:00:00,127.52034553350978,49.88958727474223,260.2567897028849,4
azure_cost,vm-scale-03,daily_cost,compute,centralus,usd,2026-08-14 00:00:00,169.04955481549118,106.81608626757763,276.7380302052334,4
azure_cost,vm-scale-06,daily_cost,compute,eastus,usd,2026-08-14 00:00:00,259.3601694098398,259.3601694098398,259.3601694098398,1
azure_cost,vm-scale-03,daily_cost,compute,centralus,usd,2026-08-15 00:00:00,225.52805369639935,218.02099500060217,233.03511239219657,2
azure_cost,vm-scale-06,daily_cost,compute,eastus,usd,2026-08-15 00:00:00,167.83597137555364,53.83350170946608,274.9992503917857,10
azure_cost,vm-scale-02,daily_cost,compute,eastus,usd,2026-08-15 00:00:00,169.65248336676618,63.540189669988294,268.17443329418643,5
azure_cost,vm-scale-05,daily_cost,compute,centralus,usd,2026-08-15 00:00:00,170.67788626816264,114.83889027468464,265.67921006269637,4
azure_cost,vm-scale-01,daily_cost,compute,centralus,usd,2026-08-15 00:00:00,210.9269345713486,135.41713499346565,258.6064788797336,3
azure_monitor,vm-scale-04,cpu_utilization,compute,westeurope,percent,2026-08-15 00:00:00,44.35822982791042,44.35822982791042,44.35822982791042,1
azure_cost,vm-scale-07,daily_cost,compute,centralus,usd,2026-08-15 00:00:00,201.7372604585385,201.7372604585385,201.7372604585385,1
azure_monitor,vm-scale-06,cpu_utilization,compute,eastus,percent,2026-08-15 00:00:00,65.66460125823494,31.916097886856427,78.72410279919532,4
datadog,vm-scale-07,request_rate,api,westeurope,rpm,2026-08-15 00:00:00,2142.881139321806,1349.743986738822,3362.2590626247807,3
azure_monitor,vm-scale-02,cpu_utilization,compute,eastus,percent,2026-08-16 00:00:00,47.06995656594764,23.668958484633173,76.08547977577722,5
azure_monitor,vm-scale-09,cpu_utilization,compute,westeurope,percent,2026-08-16 00:00:00,55.58433690495068,35.78719430347131,91.11767378752737,3
azure_cost,vm-scale-04,daily_cost,compute,eastus,usd,2026-08-16 00:00:00,148.3909397452132,42.18943961481671,276.4181620235229,9
azure_monitor,vm-scale-07,cpu_utilization,compute,eastus,percent,2026-08-17 00:00:00,50.66650817571986,36.60043831107335,64.73257804036638,2
azure_cost,vm-scale-08,daily_cost,compute,centralus,usd,2026-08-17 00:00:00,186.59388741470772,150.53879911420862,248.53494165126148,4
datadog,vm-scale-05,request_rate,api,westeurope,rpm,2026-08-17 00:00:00,669.69326181885,669.69326181885,669.69326181885,1
datadog,vm-scale-09,request_rate,api,eastus,rpm,2026-08-17 00:00:00,1954.083130564607,752.1988232135163,4484.142993194558,4
datadog,vm-scale-09,request_rate,api,eastus,rpm,2026-08-18 00:00:00,1628.7655727006882,711.4697184473009,2907.1083585666547,5
azure_cost,vm-scale-08,daily_cost,compute,centralus,usd,2026-08-18 00:00:00,146.80700834478256,59.32283444747679,209.50075370675052,6
azure_monitor,vm-scale-07,cpu_utilization,compute,eastus,percent,2026-08-18 00:00:00,47.36763081338815,23.503329271384043,83.80599637291859,4
datadog,vm-scale-05,request_rate,api,westeurope,rpm,2026-08-18 00:00:00,2100.8343115678504,1094.4568490054112,3414.0099507899645,3
azure_monitor,vm-scale-06,cpu_utilization,compute,westeurope,percent,2026-08-19 00:00:00,57.706842586333586,17.088981552120174,89.28923964256465,5
datadog,vm-scale-01,request_rate,api,westeurope,rpm,2026-08-19 00:00:00,1914.7574537583823,330.765198414425,4526.738483134184,6
azure_cost,vm-scale-03,daily_cost,compute,westeurope,usd,2026-08-19 00:00:00,130.92347882150273,69.5999782732828,229.83047317772562,5
azure_monitor,vm-scale-02,cpu_utilization,compute,centralus,percent,2026-08-19 00:00:00,61.955204281625356,36.24376978964074,85.66048159366056,4
azure_monitor,vm-scale-02,cpu_utilization,compute,westeurope,percent,2026-08-20 00:00:00,67.40184291249842,47.43865974219302,89.03133551352273,4
datadog,vm-scale-04,request_rate,api,westeurope,rpm,2026-08-20 00:00:00,3176.826760163688,2359.174257706384,3994.4792626209914,2
datadog,vm-scale-07,request_rate,api,eastus,rpm,2026-08-20 00:00:00,1452.8904978737435,663.3289498362682,2242.4520459112186,2
datadog,vm-scale-05,request_rate,api,centralus,rpm,2026-08-20 00:00:00,1593.395935950009,1392.5088203708035,1794.2830515292146,2
azure_cost,vm-scale-07,daily_cost,compute,eastus,usd,2026-08-20 00:00:00,152.8140988671158,93.76977023103373,207.53723184012173,4
datadog,vm-scale-08,request_rate,api,eastus,rpm,2026-08-20 00:00:00,1825.8027698445258,498.67617990016674,2771.95472456692,3
datadog,vm-scale-09,request_rate,api,centralus,rpm,2026-08-21 00:00:00,3293.2192773072575,1665.1864477838042,4596.416516249228,5
datadog,vm-scale-08,request_rate,api,centralus,rpm,2026-08-21 00:00:00,2668.6464976034695,1088.8068653052421,3477.639133436753,3
azure_monitor,vm-scale-03,cpu_utilization,compute,centralus,percent,2026-08-21 00:00:00,39.2756506373948,39.2756506373948,39.2756506373948,1
azure_monitor,vm-scale-08,cpu_utilization,compute,centralus,percent,2026-08-21 00:00:00,70.95111142738267,47.79663941501345,90.46630059115917,3
azure_cost,vm-scale-02,daily_cost,compute,centralus,usd,2026-08-21 00:00:00,162.98759579968308,76.43693270812273,275.97149359110983,5
azure_cost,vm-scale-04,daily_cost,compute,westeurope,usd,2026-08-21 00:00:00,174.58683488836624,95.78634900869847,262.2992276472189,5
azure_monitor,vm-scale-08,cpu_utilization,compute,westeurope,percent,2026-08-21 00:00:00,44.15040675900597,17.152420407816933,64.44212838325669,3
azure_monitor,vm-scale-07,cpu_utilization,compute,centralus,percent,2026-08-22 00:00:00,64.51912298726236,47.449928271171956,81.58831770335279,2
azure_monitor,vm-scale-09,cpu_utilization,compute,eastus,percent,2026-08-22 00:00:00,66.73344665637016,43.051067017488464,85.89778567643859,3
azure_monitor,vm-scale-06,cpu_utilization,compute,centralus,percent,2026-08-23 00:00:00,48.414179510121514,36.65144720234126,77.8204917352555,4
datadog,vm-scale-03,request_rate,api,westeurope,rpm,2026-08-23 00:00:00,1978.2025924930174,610.8934892647803,3221.895825899403,4
azure_monitor,vm-scale-04,cpu_utilization,compute,eastus,percent,2026-08-23 00:00:00,60.903838700456255,33.840876674352785,82.07598240422513,6
azure_cost,vm-scale-08,daily_cost,compute,eastus,usd,2026-08-23 00:00:00,163.37765231139286,69.85588891230887,256.8994157104769,2
datadog,vm-scale-08,request_rate,api,westeurope,rpm,2026-08-23 00:00:00,1285.7591129826694,442.3211486835982,2393.115263145127,3
azure_monitor,vm-scale-07,cpu_utilization,compute,centralus,percent,2026-08-24 00:00:00,47.1258636397647,24.281693484917987,70.80774712216613,5
azure_monitor,vm-scale-09,cpu_utilization,compute,eastus,percent,2026-08-24 00:00:00,42.889944898118394,18.272795456455416,77.82291688329255,4
azure_cost,vm-scale-05,daily_cost,compute,westeurope,usd,2026-08-25 00:00:00,174.38020563373843,132.26527182900563,247.67729069851964,3
azure_cost,vm-scale-01,daily_cost,compute,westeurope,usd,2026-08-25 00:00:00,166.85708649560337,83.63922147902514,231.25770029632636,4
azure_cost,vm-scale-04,daily_cost,compute,centralus,usd,2026-08-25 00:00:00,218.56997888458628,172.2079700421447,244.0343264002946,3
datadog,vm-scale-06,request_rate,api,eastus,rpm,2026-08-26 00:00:00,1248.9108462300171,928.179238620333,1878.799212292891,3
datadog,vm-scale-09,request_rate,api,westeurope,rpm,2026-08-26 00:00:00,2307.286944633488,802.7196743868899,4198.541225997568,3
azure_cost,vm-scale-07,daily_cost,compute,westeurope,usd,2026-08-26 00:00:00,157.898205664866,69.14743845611616,274.10752068183353,5
datadog,vm-scale-03,request_rate,api,centralus,rpm,2026-08-26 00:00:00,2666.400482539507,598.8987483988474,4597.260982628513,4
azure_monitor,vm-scale-01,cpu_utilization,compute,eastus,percent,2026-08-26 00:00:00,61.626366325656385,41.63040047060173,78.8549094554836,5
azure_monitor,vm-scale-03,cpu_utilization,compute,westeurope,percent,2026-08-27 00:00:00,62.916739339133315,42.04058035088405,82.42221925856133,5
azure_cost,vm-scale-01,daily_cost,compute,eastus,usd,2026-08-27 00:00:00,167.55861075535302,59.191114321620155,275.9261071890859,2
datadog,vm-scale-03,request_rate,api,centralus,rpm,2026-08-28 00:00:00,2920.805187110851,1033.697997335267,4675.860342062971,4
datadog,vm-scale-06,request_rate,api,eastus,rpm,2026-08-28 00:00:00,3649.8770835456453,2924.9816991536204,4699.756945425667,6
datadog,vm-scale-09,request_rate,api,westeurope,rpm,2026-08-28 00:00:00,2810.620479896006,2532.243248841427,3088.9977109505858,2
azure_monitor,vm-scale-01,cpu_utilization,compute,eastus,percent,2026-08-28 00:00:00,57.31610348861333,44.42452146249107,72.78705239631637,3
azure_cost,vm-scale-07,daily_cost,compute,westeurope,usd,2026-08-28 00:00:00,170.84358004087875,139.279383151148,206.64584826861855,4
azure_monitor,vm-scale-07,cpu_utilization,compute,eastus,percent,2026-08-29 00:00:00,65.12919083539033,38.47299381229535,91.78538785848531,2
datadog,vm-scale-09,request_rate,api,eastus,rpm,2026-08-29 00:00:00,1611.3100284592274,168.93592069374478,3166.0886647988727,6
datadog,vm-scale-05,request_rate,api,westeurope,rpm,2026-08-29 00:00:00,3148.9026759272456,720.3983712016834,4978.027122011643,5
azure_cost,vm-scale-08,daily_cost,compute,centralus,usd,2026-08-29 00:00:00,124.28950923859192,41.47977684698401,260.90080851552784,7
azure_monitor,vm-scale-04,cpu_utilization,compute,westeurope,percent,2026-08-30 00:00:00,47.103533851159945,21.869102896618873,76.77679149617165,4
azure_cost,vm-scale-06,daily_cost,compute,eastus,usd,2026-08-30 00:00:00,222.44941422759112,119.65309317483002,278.11930330769644,3
azure_monitor,vm-scale-06,cpu_utilization,compute,eastus,percent,2026-08-30 00:00:00,65.63875124833903,22.376287627455312,91.39309838773463,7
azure_cost,vm-scale-03,daily_cost,compute,centralus,usd,2026-08-30 00:00:00,158.17693271639968,52.77550227231803,270.8615904361812,5
azure_cost,vm-scale-02,daily_cost,compute,eastus,usd,2026-08-30 00:00:00,127.3946239667615,74.17898722842682,180.61026070509618,2
azure_cost,vm-scale-07,daily_cost,compute,centralus,usd,2026-08-30 00:00:00,169.22895639840743,88.34871414019187,257.8071629281088,4
azure_cost,vm-scale-05,daily_cost,compute,centralus,usd,2026-08-30 00:00:00,181.9663902904183,93.04400273626723,270.90998207091184,4
datadog,vm-scale-07,request_rate,api,westeurope,rpm,2026-08-30 00:00:00,715.0574813709474,462.72609420183085,925.4703597486417,3
azure_cost,vm-scale-01,daily_cost,compute,centralus,usd,2026-08-30 00:00:00,177.57661542452718,177.57661542452718,177.57661542452718,1
azure_cost,vm-scale-08,daily_cost,compute,eastus,usd,2026-08-31 00:00:00,233.3805788202917,199.4362569486438,265.6994285159748,4
datadog,vm-scale-03,request_rate,api,westeurope,rpm,2026-08-31 00:00:00,2209.049473817022,1229.5023684860007,3789.0155731949776,7
datadog,vm-scale-08,request_rate,api,westeurope,rpm,2026-08-31 00:00:00,2536.7629583454423,408.3303141135418,4134.132881845206,4
azure_monitor,vm-scale-04,cpu_utilization,compute,eastus,percent,2026-08-31 00:00:00,27.75471272410403,15.89254117786317,38.13860904719811,4
azure_monitor,vm-scale-06,cpu_utilization,compute,centralus,percent,2026-08-31 00:00:00,44.13708841397608,26.314304820484896,61.95987200746726,2
azure_monitor,vm-scale-09,cpu_utilization,compute,eastus,percent,2026-09-01 00:00:00,54.76839429739116,25.732748457274035,71.84149025569388,6
azure_monitor,vm-scale-07,cpu_utilization,compute,centralus,percent,2026-09-01 00:00:00,54.9608419797079,28.476686689572976,81.44499726984283,2
azure_monitor,vm-scale-07,cpu_utilization,compute,centralus,percent,2026-09-02 00:00:00,71.81856998328506,56.08245940065052,84.90436796720418,7
azure_monitor,vm-scale-09,cpu_utilization,compute,eastus,percent,2026-09-02 00:00:00,46.886225088627526,15.662043547422694,87.99376103471806,5
azure_cost,vm-scale-01,daily_cost,compute,westeurope,usd,2026-09-03 00:00:00,204.1421477430752,74.25928151704973,255.50958017191425,4
azure_cost,vm-scale-04,daily_cost,compute,centralus,usd,2026-09-03 00:00:00,110.50670284797408,44.61679553535071,227.872164753153,4
azure_cost,vm-scale-05,daily_cost,compute,westeurope,usd,2026-09-03 00:00:00,119.68357034120464,119.68357034120464,119.68357034120464,1
azure_monitor,vm-scale-07,cpu_utilization,compute,eastus,percent,2026-09-04 00:00:00,29.59613719303543,29.59613719303543,29.59613719303543,1
datadog,vm-scale-05,request_rate,api,westeurope,rpm,2026-09-04 00:00:00,183.52708036555487,183.52708036555487,183.52708036555487,1
datadog,vm-scale-09,request_rate,api,eastus,rpm,2026-09-04 00:00:00,2635.2809279161434,591.0825581940808,4624.317534182618,3
azure_cost,vm-scale-08,daily_cost,compute,centralus,usd,2026-09-04 00:00:00,199.8936184348284,193.7257192866601,206.06151758299671,2
datadog,svc-api-gateway,request_rate,api,eastus2,rpm,2026-07-14 00:00:00,1180.7220780903092,1109.684299948125,1283.267584537326,24
azure_monitor,vm-prod-02,memory_utilization,compute,centralus,percent,2026-07-16 00:00:00,60.172749527719816,59.10140081447913,60.996683191973815,24
datadog,svc-api-gateway,error_rate,api,eastus2,percent,2026-07-16 00:00:00,0.535729810118158,0.3081662099362243,0.6909813584286464,24
azure_monitor,vm-dev-01,memory_utilization,development,centralus,percent,2026-07-17 00:00:00,12.100062662374564,11.044105952173984,12.983433864879458,24
azure_monitor,vm-prod-02,cpu_utilization,compute,centralus,percent,2026-07-17 00:00:00,50.465827227696025,47.91989433043905,52.775500197875246,24
azure_monitor,vm-dev-01,memory_utilization,development,centralus,percent,2026-06-12 00:00:00,12.081768955115155,11.005759149834422,12.997372918165553,174
azure_monitor,vm-prod-02,cpu_utilization,compute,centralus,percent,2026-06-12 00:00:00,35.54494951739075,33.146367712684345,37.886527644507694,174
azure_monitor,vm-prod-02,memory_utilization,compute,centralus,percent,2026-06-13 00:00:00,59.94315035929166,59.0006563968513,60.99960201680924,261
datadog,svc-api-gateway,error_rate,api,eastus2,percent,2026-06-13 00:00:00,0.49940567347385106,0.30044172834243915,0.698029043246401,261
azure_monitor,vm-prod-02,memory_utilization,compute,centralus,percent,2026-06-14 00:00:00,60.086903824432,59.00104923115124,60.99965976499058,264
datadog,svc-api-gateway,error_rate,api,eastus2,percent,2026-06-14 00:00:00,0.49934003369255925,0.301619575978854,0.6994630992709674,264
azure_monitor,vm-dev-01,memory_utilization,development,centralus,percent,2026-06-16 00:00:00,11.981081666862543,11.002260222957108,12.991541587841986,264
azure_monitor,vm-prod-02,cpu_utilization,compute,centralus,percent,2026-06-16 00:00:00,41.249245164591,37.89138061874767,43.910009041424885,264
datadog,svc-api-gateway,request_rate,api,eastus2,rpm,2026-06-19 00:00:00,1201.046273240177,1100.4176911296893,1299.9403676818154,264
azure_monitor,vm-prod-02,memory_utilization,compute,centralus,percent,2026-06-20 00:00:00,60.02005594110975,59.00060279608754,60.999934670899194,264
datadog,svc-api-gateway,error_rate,api,eastus2,percent,2026-06-20 00:00:00,0.5002512161099237,0.3011001437694035,0.6976831262268708,264
azure_monitor,vm-prod-01,memory_utilization,compute,centralus,percent,2026-06-21 00:00:00,55.01038490685153,53.022395001679755,56.993749200147356,264
azure_monitor,vm-dev-01,cpu_utilization,development,centralus,percent,2026-06-23 00:00:00,7.964637123264628,6.0004531090398014,9.99280554544534,264
azure_monitor,vm-dev-01,memory_utilization,development,centralus,percent,2026-06-25 00:00:00,12.048160102900821,11.01371196166833,12.996697323888966,264
azure_monitor,vm-prod-02,cpu_utilization,compute,centralus,percent,2026-06-25 00:00:00,54.66352685742094,51.35635435434383,57.42845116576059,264
azure_monitor,vm-dev-01,cpu_utilization,development,centralus,percent,2026-06-29 00:00:00,8.026488301717215,6.022546215037387,9.977149780403003,264
azure_monitor,vm-prod-01,memory_utilization,compute,centralus,percent,2026-07-03 00:00:00,54.952780010061254,53.02545550470777,56.97727905448818,264
azure_monitor,vm-dev-01,memory_utilization,development,centralus,percent,2026-07-05 00:00:00,11.951261370001241,11.0175130548479,12.993932177720367,264
azure_monitor,vm-prod-02,cpu_utilization,compute,centralus,percent,2026-07-05 00:00:00,69.73203564515238,66.58949182331489,72.422575659115,264
azure_monitor,vm-prod-01,cpu_utilization,compute,centralus,percent,2026-07-12 00:00:00,44.92730361603963,40.017720313513976,49.98760982156138,114
azure_cost,svc-api-gateway,daily_cost,api,eastus2,usd,2026-06-12 00:00:00,50.028303433825826,48.11709884315424,51.37883028864619,10
azure_cost,vm-dev-01,daily_cost,development,centralus,usd,2026-06-15 00:00:00,10.071944861640155,9.059783424856962,10.941384898009142,11
azure_cost,svc-api-gateway,daily_cost,api,eastus2,usd,2026-06-16 00:00:00,49.89946383261256,48.03342983617341,51.803846824268135,11
azure_cost,vm-prod-01,daily_cost,compute,centralus,usd,2026-06-23 00:00:00,100.7092938719135,95.81322715122269,103.98373118935925,11
azure_cost,svc-api-gateway,daily_cost,api,eastus2,usd,2026-06-25 00:00:00,49.99949874031045,48.37075589850781,51.57547980382468,11
azure_cost,vm-prod-01,daily_cost,compute,centralus,usd,2026-06-29 00:00:00,100.52816535759726,95.89481060403158,104.20873876460975,11
azure_cost,svc-api-gateway,daily_cost,api,eastus2,usd,2026-07-05 00:00:00,49.73008952709645,48.108909663515846,51.5494614390548,11
azure_cost,vm-prod-02,daily_cost,compute,centralus,usd,2026-07-09 00:00:00,149.14450709409041,143.40984668416584,157.2515298000258,12
azure_monitor,vm-prod-01,memory_utilization,compute,centralus,percent,2026-07-21 00:00:00,54.912983089140226,53.06565678567227,56.75012800604475,24
azure_monitor,vm-dev-01,memory_utilization,development,centralus,percent,2026-07-24 00:00:00,11.974188761955636,11.05372670735753,12.932039408217081,24
azure_monitor,vm-prod-02,cpu_utilization,compute,centralus,percent,2026-07-24 00:00:00,60.87884266605923,59.15412579240965,62.89299310414524,24
azure_monitor,vm-prod-02,memory_utilization,compute,centralus,percent,2026-07-25 00:00:00,60.12091077022194,59.000550403347034,60.91679514613801,24
datadog,svc-api-gateway,error_rate,api,eastus2,percent,2026-07-25 00:00:00,0.5153977036848391,0.34801159579092933,0.6784623123361748,24
azure_monitor,vm-prod-01,cpu_utilization,compute,centralus,percent,2026-07-26 00:00:00,45.17018738903576,40.463477989518026,49.51636025239707,24
azure_monitor,vm-prod-02,memory_utilization,compute,centralus,percent,2026-07-29 00:00:00,60.035745184077,59.12927481071542,60.94740568941124,24
datadog,svc-api-gateway,error_rate,api,eastus2,percent,2026-07-29 00:00:00,0.4975833821646935,0.313205622490333,0.6665659441879717,24
azure_monitor,vm-prod-02,memory_utilization,compute,centralus,percent,2026-08-04 00:00:00,59.97749972267653,59.01447605060839,60.92369973224567,24
datadog,svc-api-gateway,error_rate,api,eastus2,percent,2026-08-04 00:00:00,0.48318948176189463,0.3014137795337867,0.6943353187687284,24
azure_monitor,vm-prod-02,memory_utilization,compute,centralus,percent,2026-08-05 00:00:00,60.035873371341154,59.0095602932107,60.984444476338446,24
datadog,svc-api-gateway,error_rate,api,eastus2,percent,2026-08-05 00:00:00,0.4962455076778214,0.30354607897285624,0.689816016605933,24
azure_monitor,vm-dev-01,cpu_utilization,development,centralus,percent,2026-08-06 00:00:00,7.157274870316657,6.061058360501655,8.507807285793467,5
azure_cost,vm-prod-01,daily_cost,compute,centralus,usd,2026-07-13 00:00:00,98.3265497334957,98.3265497334957,98.3265497334957,1
azure_cost,svc-api-gateway,daily_cost,api,eastus2,usd,2026-07-24 00:00:00,51.943415250024124,51.943415250024124,51.943415250024124,1
azure_monitor,vm-scale-06,cpu_utilization,compute,westeurope,percent,2026-07-30 00:00:00,39.04656687498826,39.04656687498826,39.04656687498826,1
datadog,vm-scale-04,request_rate,api,westeurope,rpm,2026-07-31 00:00:00,2048.3487120493905,778.7293550904943,3278.3769821320666,7
azure_cost,vm-scale-07,daily_cost,compute,eastus,usd,2026-07-31 00:00:00,149.24778588862117,67.13596895100947,254.01283342674975,4
azure_monitor,vm-scale-02,cpu_utilization,compute,westeurope,percent,2026-07-31 00:00:00,82.16451847620296,82.16451847620296,82.16451847620296,1
datadog,vm-scale-05,request_rate,api,centralus,rpm,2026-07-31 00:00:00,3412.1388795040493,3389.6970859804933,3434.580673027606,2
datadog,vm-scale-07,request_rate,api,eastus,rpm,2026-07-31 00:00:00,2505.898846305155,293.51159957006405,4905.730444355653,5
datadog,vm-scale-08,request_rate,api,eastus,rpm,2026-07-31 00:00:00,1956.895738935358,1956.895738935358,1956.895738935358,1
azure_cost,vm-scale-01,daily_cost,compute,eastus,usd,2026-08-01 00:00:00,156.52081744932906,88.24064472409525,238.1865956783163,3
azure_monitor,vm-scale-03,cpu_utilization,compute,westeurope,percent,2026-08-01 00:00:00,64.70467017822955,54.009928761150746,82.16939377368628,5
azure_monitor,vm-scale-02,cpu_utilization,compute,centralus,percent,2026-08-02 00:00:00,42.655026837995464,35.55401808001032,49.75603559598061,2
datadog,vm-scale-01,request_rate,api,westeurope,rpm,2026-08-02 00:00:00,3318.789810307009,2221.869237472965,4332.114014134004,3
azure_monitor,vm-scale-06,cpu_utilization,compute,westeurope,percent,2026-08-02 00:00:00,82.54405287105939,68.77451477237344,89.15801580810893,4
azure_cost,vm-scale-03,daily_cost,compute,westeurope,usd,2026-08-02 00:00:00,121.58444233293007,121.4680920815906,121.70079258426954,2
azure_cost,vm-scale-05,daily_cost,compute,eastus,usd,2026-08-03 00:00:00,149.9250821985774,90.66428727226773,253.64405007921215,5
azure_cost,vm-scale-08,daily_cost,compute,westeurope,usd,2026-08-03 00:00:00,147.4745640304312,53.30016486659973,237.544285079392,5
azure_cost,vm-scale-09,daily_cost,compute,westeurope,usd,2026-08-03 00:00:00,165.66367027615615,139.7296579641416,191.56235475472485,3
azure_monitor,vm-scale-01,cpu_utilization,compute,centralus,percent,2026-08-03 00:00:00,39.55488413005314,15.512912831781419,88.58099370709343,4
datadog,vm-scale-02,request_rate,api,westeurope,rpm,2026-08-03 00:00:00,1974.065657478531,278.5163738941234,3998.272979950474,7
azure_monitor,vm-scale-05,cpu_utilization,compute,centralus,percent,2026-08-03 00:00:00,47.4715978118089,19.63948555371207,81.39649464844263,4
datadog,vm-scale-02,request_rate,api,centralus,rpm,2026-08-03 00:00:00,3402.6268239875417,3012.803370453783,3792.450277521301,2
azure_monitor,vm-scale-09,cpu_utilization,compute,centralus,percent,2026-08-03 00:00:00,59.06794240529532,30.49478996394295,81.8659024481641,3
azure_cost,vm-scale-03,daily_cost,compute,eastus,usd,2026-08-03 00:00:00,187.80786956729978,158.19557971431746,220.0549115929564,3
datadog,vm-scale-01,request_rate,api,centralus,rpm,2026-08-03 00:00:00,2189.0729145009395,2189.0729145009395,2189.0729145009395,1
azure_monitor,vm-scale-03,cpu_utilization,compute,eastus,percent,2026-08-03 00:00:00,38.53463424980558,24.915735306283956,46.348193339022465,3
azure_cost,vm-scale-04,daily_cost,compute,westeurope,usd,2026-08-04 00:00:00,112.94694982791245,44.09543900792774,246.6719168512878,5
azure_monitor,vm-scale-08,cpu_utilization,compute,westeurope,percent,2026-08-04 00:00:00,51.19468153230561,29.944811934519436,90.11504782370272,4
azure_cost,vm-scale-02,daily_cost,compute,centralus,usd,2026-08-04 00:00:00,165.6195256968149,116.26741876101646,252.4692110136533,4
azure_monitor,vm-scale-08,cpu_utilization,compute,centralus,percent,2026-08-04 00:00:00,58.721779494370104,32.37615248331461,73.8883847729779,4
datadog,vm-scale-09,request_rate,api,centralus,rpm,2026-08-04 00:00:00,2359.3362429571416,316.7842761054527,4401.888209808831,2
azure_monitor,vm-scale-03,cpu_utilization,compute,centralus,percent,2026-08-04 00:00:00,41.688843213562755,19.345594057120085,58.42227580486413,6
azure_monitor,vm-scale-08,cpu_utilization,compute,centralus,percent,2026-08-05 00:00:00,49.597271855222516,24.944259479641385,85.94054640357558,3
azure_monitor,vm-scale-03,cpu_utilization,compute,centralus,percent,2026-08-05 00:00:00,68.18724970706083,68.18724970706083,68.18724970706083,1
datadog,vm-scale-08,request_rate,api,centralus,rpm,2026-08-05 00:00:00,858.849298296556,336.0635950032995,1622.828886867632,3
azure_monitor,vm-scale-08,cpu_utilization,compute,westeurope,percent,2026-08-05 00:00:00,70.29020364409054,47.78389537325082,87.56024476143851,5
azure_cost,vm-scale-04,daily_cost,compute,westeurope,usd,2026-08-05 00:00:00,199.3742143687857,92.99810549133763,254.04675714615934,3
datadog,vm-scale-09,request_rate,api,centralus,rpm,2026-08-05 00:00:00,4331.543851308621,4331.543851308621,4331.543851308621,1
azure_cost,vm-scale-02,daily_cost,compute,centralus,usd,2026-08-05 00:00:00,163.36624807719897,163.36624807719897,163.36624807719897,1
datadog,vm-scale-03,request_rate,api,centralus,rpm,2026-08-06 00:00:00,2675.907121851953,381.21000432452183,4988.54348766573,6
datadog,vm-scale-06,request_rate,api,eastus,rpm,2026-08-06 00:00:00,2261.894901589074,515.6468425588691,3799.9936832837766,4
azure_cost,vm-scale-07,daily_cost,compute,westeurope,usd,2026-08-06 00:00:00,125.46340932456269,49.94104563767452,206.84538336343195,6
datadog,vm-scale-09,request_rate,api,westeurope,rpm,2026-08-06 00:00:00,1908.7276982562955,689.1305497643768,3421.735716181711,4
azure_monitor,vm-scale-01,cpu_utilization,compute,eastus,percent,2026-08-06 00:00:00,83.80363372560714,83.80363372560714,83.80363372560714,1
datadog,vm-scale-01,request_rate,api,centralus,rpm,2026-08-07 00:00:00,3111.0995248252525,1267.9130976318354,4168.498885050669,5
datadog,vm-scale-02,request_rate,api,westeurope,rpm,2026-08-07 00:00:00,4918.348702840097,4838.412357680295,4974.855065691821,3
azure_cost,vm-scale-05,daily_cost,compute,eastus,usd,2026-08-07 00:00:00,117.89433673698753,57.60370972415939,226.61043272580022,4
datadog,vm-scale-02,request_rate,api,centralus,rpm,2026-08-07 00:00:00,3296.9978255750357,3260.5342978035433,3333.461353346528,2
datadog,vm-scale-01,request_rate,api,eastus,rpm,2026-08-07 00:00:00,1355.3451935929681,712.5570320766452,2013.683904162243,4
azure_monitor,vm-scale-05,cpu_utilization,compute,centralus,percent,2026-08-07 00:00:00,60.41615176718443,60.41615176718443,60.41615176718443,1
azure_monitor,vm-scale-09,cpu_utilization,compute,centralus,percent,2026-08-07 00:00:00,54.743327280863774,35.287331397196,74.04204677592672,6
azure_monitor,vm-scale-03,cpu_utilization,compute,eastus,percent,2026-08-07 00:00:00,61.251146840085006,18.061373142072995,82.33177307537609,7
azure_cost,vm-scale-08,daily_cost,compute,westeurope,usd,2026-08-07 00:00:00,166.71362590127845,105.79038719647203,269.95893240516614,3
azure_monitor,vm-scale-01,cpu_utilization,compute,centralus,percent,2026-08-07 00:00:00,72.73104403238963,57.45947930610657,88.00260875867268,2
azure_cost,vm-scale-03,daily_cost,compute,eastus,usd,2026-08-07 00:00:00,178.04872887892213,53.22733646393629,247.61545287776505,3
azure_cost,vm-scale-09,daily_cost,compute,westeurope,usd,2026-08-07 00:00:00,214.69454958664872,166.1054541877054,263.28364498559205,2
azure_cost,vm-scale-03,daily_cost,compute,westeurope,usd,2026-08-08 00:00:00,113.40976317270973,45.46091364524449,227.68377059636737,3
datadog,vm-scale-01,request_rate,api,westeurope,rpm,2026-08-08 00:00:00,2361.024565719258,1919.5533445450508,2802.4957868934653,2
azure_monitor,vm-scale-06,cpu_utilization,compute,westeurope,percent,2026-08-08 00:00:00,57.59436279951328,47.27014395546358,66.4083201316416,4
azure_monitor,vm-scale-02,cpu_utilization,compute,centralus,percent,2026-08-08 00:00:00,46.22192010396154,32.09743781251785,60.34640239540523,2
azure_cost,vm-scale-03,daily_cost,compute,westeurope,usd,2026-08-09 00:00:00,126.31716533650646,80.34955556318637,196.95256335925995,4
datadog,vm-scale-01,request_rate,api,westeurope,rpm,2026-08-09 00:00:00,2340.236629998384,800.4569921023921,4893.004469057957,5
azure_monitor,vm-scale-02,cpu_utilization,compute,centralus,percent,2026-08-09 00:00:00,29.059794697621772,21.5986734267957,43.71609884532262,3
datadog,vm-scale-02,request_rate,api,centralus,rpm,2026-08-10 00:00:00,1983.4195244084847,915.9610408353022,2938.5128610392585,3
azure_cost,vm-scale-03,daily_cost,compute,eastus,usd,2026-08-10 00:00:00,156.3239406756979,50.08223433436391,243.13000777921914,5
azure_cost,vm-scale-09,daily_cost,compute,westeurope,usd,2026-08-10 00:00:00,171.63708702072935,57.90844343330349,262.77807522330954,3
azure_monitor,vm-scale-01,cpu_utilization,compute,centralus,percent,2026-08-10 00:00:00,49.29885935095467,16.307688332254582,90.07075011298119,3
azure_monitor,vm-scale-05,cpu_utilization,compute,centralus,percent,2026-08-10 00:00:00,48.05088023002579,21.220604774009146,75.31997258625205,7
azure_cost,vm-scale-05,daily_cost,compute,eastus,usd,2026-08-10 00:00:00,133.65067696629504,69.341444559003,265.53051501794596,5
azure_cost,vm-scale-08,daily_cost,compute,westeurope,usd,2026-08-10 00:00:00,211.2047232298309,108.95246354009005,265.97057435883835,5
datadog,vm-scale-01,request_rate,api,eastus,rpm,2026-08-10 00:00:00,2901.444391115006,1783.1771217812257,4288.63662370174,4
azure_monitor,vm-scale-09,cpu_utilization,compute,centralus,percent,2026-08-10 00:00:00,63.458883950901026,62.44209391008462,65.22951878401366,3
azure_monitor,vm-scale-03,cpu_utilization,compute,eastus,percent,2026-08-10 00:00:00,24.38887811382219,15.41220918885609,33.36554703878829,2
datadog,vm-scale-02,request_rate,api,westeurope,rpm,2026-08-10 00:00:00,2504.861078771607,546.5620588043287,4682.243913785204,7
datadog,vm-scale-01,request_rate,api,centralus,rpm,2026-08-10 00:00:00,3479.282135294976,2606.6298443831006,4316.086643638372,3
azure_monitor,vm-scale-07,cpu_utilization,compute,centralus,percent,2026-08-11 00:00:00,30.42698704443186,15.375082768663756,45.47889132019996,2
azure_monitor,vm-scale-09,cpu_utilization,compute,eastus,percent,2026-08-11 00:00:00,61.72616118237628,42.80024865716325,91.55164602825475,9
azure_cost,vm-scale-09,daily_cost,compute,westeurope,usd,2026-08-12 00:00:00,203.99884575900256,133.8787897267366,274.1189017912685,2
datadog,vm-scale-02,request_rate,api,centralus,rpm,2026-08-12 00:00:00,1277.4048067912877,1097.135820364318,1559.9144840418307,3
azure_cost,vm-scale-05,daily_cost,compute,eastus,usd,2026-08-12 00:00:00,188.02106676644988,174.2612692542317,196.37489323398344,3
azure_cost,vm-scale-08,daily_cost,compute,westeurope,usd,2026-08-12 00:00:00,142.1751464554793,80.79219234009477,229.09223835382315,4
azure_monitor,vm-scale-03,cpu_utilization,compute,eastus,percent,2026-08-12 00:00:00,60.63952647096012,30.62584040972046,86.53792579772852,5
azure_monitor,vm-scale-09,cpu_utilization,compute,centralus,percent,2026-08-12 00:00:00,48.43372626034963,16.659773097195654,66.48836790780774,3
datadog,vm-scale-02,request_rate,api,westeurope,rpm,2026-08-12 00:00:00,1354.9911393083623,880.9993099888808,1828.9829686278438,2
azure_cost,vm-scale-03,daily_cost,compute,eastus,usd,2026-08-12 00:00:00,231.87194247678616,231.87194247678616,231.87194247678616,1
azure_monitor,vm-scale-05,cpu_utilization,compute,centralus,percent,2026-08-12 00:00:00,70.18028354521424,44.07933996078732,91.60121273817889,3
azure_monitor,vm-scale-01,cpu_utilization,compute,centralus,percent,2026-08-12 00:00:00,76.87956086562157,71.37462316970121,87.7651604451751,3
azure_cost,vm-scale-01,daily_cost,compute,centralus,usd,2026-08-13 00:00:00,140.06975464573628,42.16658087515679,230.79580469656997,5
azure_cost,vm-scale-06,daily_cost,compute,eastus,usd,2026-08-13 00:00:00,119.50126962523143,61.590765259167185,177.4117739912957,2
azure_monitor,vm-scale-06,cpu_utilization,compute,eastus,percent,2026-08-13 00:00:00,49.71530264860078,22.105104658003203,81.22460450060893,8
azure_cost,vm-scale-05,daily_cost,compute,centralus,usd,2026-08-13 00:00:00,220.90494613890814,205.36277889434155,238.6234334618311,3
azure_cost,vm-scale-07,daily_cost,compute,centralus,usd,2026-08-13 00:00:00,120.7932296750671,71.94195402180085,182.61046149562443,4
azure_cost,vm-scale-02,daily_cost,compute,eastus,usd,2026-08-13 00:00:00,149.62904049665323,62.74923751152006,236.50884348178639,2
azure_cost,vm-scale-03,daily_cost,compute,centralus,usd,2026-08-13 00:00:00,149.12387510400941,70.16652713728382,234.54386978183982,7
datadog,vm-scale-07,request_rate,api,westeurope,rpm,2026-08-13 00:00:00,2901.9721412293025,194.305037931368,4969.699729949325,3
azure_monitor,vm-scale-04,cpu_utilization,compute,westeurope,percent,2026-08-13 00:00:00,81.36649091897661,81.36649091897661,81.36649091897661,1
datadog,vm-scale-05,request_rate,api,centralus,rpm,2026-08-14 00:00:00,2531.850585454928,102.33017766416171,4956.5485578879625,3
datadog,vm-scale-08,request_rate,api,eastus,rpm,2026-08-14 00:00:00,3098.2915374072063,1098.6698554437983,4475.164988567653,8
datadog,vm-scale-04,request_rate,api,westeurope,rpm,2026-08-14 00:00:00,4352.116734727975,4317.8123212465225,4386.421148209428,2
azure_monitor,vm-scale-02,cpu_utilization,compute,westeurope,percent,2026-08-14 00:00:00,47.06021889251233,31.464999755265705,62.65543802975896,2
azure_cost,vm-scale-07,daily_cost,compute,eastus,usd,2026-08-14 00:00:00,129.9287675311677,66.02521202173207,191.79728731535258,4
datadog,vm-scale-07,request_rate,api,eastus,rpm,2026-08-14 00:00:00,3312.8802187878246,1892.8010815929165,4732.959355982733,2
azure_monitor,vm-scale-02,cpu_utilization,compute,westeurope,percent,2026-08-15 00:00:00,55.90328801113915,18.970008100155393,83.11033808539533,9
datadog,vm-scale-07,request_rate,api,eastus,rpm,2026-08-15 00:00:00,2312.12580186633,645.7519759729497,3978.4996277597106,2
datadog,vm-scale-05,request_rate,api,centralus,rpm,2026-08-15 00:00:00,3479.233551579321,2174.5216405030214,4206.620701387778,4
datadog,vm-scale-08,request_rate,api,eastus,rpm,2026-08-15 00:00:00,3483.7311742039374,3065.975902019192,3901.486446388683,2
datadog,vm-scale-04,request_rate,api,westeurope,rpm,2026-08-15 00:00:00,3548.6998752645204,2435.979488630938,4661.4202618981035,2
azure_cost,vm-scale-07,daily_cost,compute,eastus,usd,2026-08-15 00:00:00,217.19909320545688,206.42999229722764,226.56003941445468,3
azure_monitor,vm-scale-09,cpu_utilization,compute,eastus,percent,2026-08-16 00:00:00,60.50234923142203,24.014572813341815,87.23444634710206,4
azure_monitor,vm-scale-07,cpu_utilization,compute,centralus,percent,2026-08-16 00:00:00,40.21748311037465,20.67290198949894,82.7550458969197,5
datadog,vm-scale-09,request_rate,api,westeurope,rpm,2026-08-17 00:00:00,2723.3439817112912,1219.103962599262,4897.244712009077,5
datadog,vm-scale-06,request_rate,api,eastus,rpm,2026-08-17 00:00:00,3123.55830449904,1023.8897516666219,4635.443191179368,4
azure_monitor,vm-scale-01,cpu_utilization,compute,eastus,percent,2026-08-17 00:00:00,62.43712476187517,36.36347251024783,88.5107770135025,2
datadog,vm-scale-03,request_rate,api,centralus,rpm,2026-08-17 00:00:00,2659.3665405886686,955.0146304315216,4810.41403984965,5
datadog,vm-scale-09,request_rate,api,westeurope,rpm,2026-08-18 00:00:00,3163.9205660765306,2052.5022882524017,4120.078202405714,3
datadog,vm-scale-03,request_rate,api,centralus,rpm,2026-08-18 00:00:00,1914.2669931194662,272.1280672864576,4356.637603403716,6
azure_cost,vm-scale-07,daily_cost,compute,westeurope,usd,2026-08-18 00:00:00,141.67958486054494,68.05236457861204,243.2655904814501,3
azure_monitor,vm-scale-01,cpu_utilization,compute,eastus,percent,2026-08-18 00:00:00,34.70460747472659,28.463672501138884,40.9455424483143,2
datadog,vm-scale-06,request_rate,api,eastus,rpm,2026-08-18 00:00:00,3657.281347070594,2889.336239598926,4425.226454542262,2
datadog,vm-scale-04,request_rate,api,centralus,rpm,2026-08-19 00:00:00,2844.549151297784,627.5579719395627,4085.064433901024,6
azure_cost,vm-scale-09,daily_cost,compute,centralus,usd,2026-08-19 00:00:00,166.63872882979558,64.22138534046982,269.0560723191213,2
datadog,vm-scale-03,request_rate,api,eastus,rpm,2026-08-19 00:00:00,3020.823227639581,2065.8763529838875,4515.833265981718,6
azure_cost,vm-scale-09,daily_cost,compute,eastus,usd,2026-08-19 00:00:00,120.35022618854285,79.06839102062264,161.63206135646305,2
azure_cost,vm-scale-02,daily_cost,compute,westeurope,usd,2026-08-19 00:00:00,256.9121523674449,235.1645131106428,278.65979162424696,2
azure_monitor,vm-scale-05,cpu_utilization,compute,westeurope,percent,2026-08-19 00:00:00,61.44627145640927,48.568099821658585,79.24652538044556,3
datadog,vm-scale-05,request_rate,api,eastus,rpm,2026-08-19 00:00:00,2221.237986963391,572.0471090359692,3473.836106728692,3
datadog,vm-scale-04,request_rate,api,eastus,rpm,2026-08-19 00:00:00,2702.925257656299,1561.5316130879457,4290.575048154481,5
azure_monitor,vm-scale-04,cpu_utilization,compute,centralus,percent,2026-08-19 00:00:00,69.38318310764116,68.80406395063343,69.96230226464888,2
datadog,vm-scale-07,request_rate,api,westeurope,rpm,2026-08-20 00:00:00,2716.3479469061726,195.8985781037751,4468.62152394543,4
azure_cost,vm-scale-06,daily_cost,compute,eastus,usd,2026-08-20 00:00:00,151.3727125601888,51.59117324185837,249.90513947249548,4
azure_cost,vm-scale-05,daily_cost,compute,centralus,usd,2026-08-20 00:00:00,168.00769035020986,59.771051422673665,233.51299257850056,3
azure_cost,vm-scale-02,daily_cost,compute,eastus,usd,2026-08-20 00:00:00,244.71984059058457,244.71984059058457,244.71984059058457,1
azure_cost,vm-scale-01,daily_cost,compute,centralus,usd,2026-08-20 00:00:00,115.74751532936382,43.083276742084905,188.41175391664274,2
azure_cost,vm-scale-07,daily_cost,compute,centralus,usd,2026-08-20 00:00:00,219.67060849300347,219.67060849300347,219.67060849300347,1
azure_monitor,vm-scale-04,cpu_utilization,compute,westeurope,percent,2026-08-20 00:00:00,45.528105490671486,23.13655818868238,61.44614262984391,3
azure_monitor,vm-scale-06,cpu_utilization,compute,eastus,percent,2026-08-20 00:00:00,60.8853673063765,42.14893314147341,77.14642309944597,6
azure_cost,vm-scale-03,daily_cost,compute,centralus,usd,2026-08-20 00:00:00,169.49402585349958,130.34016107026562,208.6478906367335,2
datadog,vm-scale-08,request_rate,api,westeurope,rpm,2026-08-21 00:00:00,1780.5760950263154,417.4358735911341,3761.62849526192,7
datadog,vm-scale-03,request_rate,api,westeurope,rpm,2026-08-21 00:00:00,1635.7723662657204,207.28966433623657,3490.440140816458,4
azure_monitor,vm-scale-06,cpu_utilization,compute,centralus,percent,2026-08-21 00:00:00,59.65104827875723,40.813301028443774,74.25899308639873,7
azure_monitor,vm-scale-04,cpu_utilization,compute,eastus,percent,2026-08-21 00:00:00,60.21755512681096,36.290236412754176,85.26638626311436,3
azure_cost,vm-scale-08,daily_cost,compute,eastus,usd,2026-08-21 00:00:00,63.32395322617616,63.32395322617616,63.32395322617616,1
azure_monitor,vm-scale-02,cpu_utilization,compute,eastus,percent,2026-08-22 00:00:00,67.41846569329238,67.41846569329238,67.41846569329238,1
azure_monitor,vm-scale-09,cpu_utilization,compute,westeurope,percent,2026-08-22 00:00:00,61.392026957156105,23.463140616024077,90.24955665068549,4
azure_cost,vm-scale-04,daily_cost,compute,eastus,usd,2026-08-22 00:00:00,160.49835953925452,93.2921846044002,208.57817988753152,4
azure_monitor,vm-scale-08,cpu_utilization,compute,westeurope,percent,2026-08-23 00:00:00,41.03445987258176,21.789208168358638,82.04982218374265,8
datadog,vm-scale-09,request_rate,api,centralus,rpm,2026-08-23 00:00:00,1755.8724486650942,213.60647942328143,3968.2499927735007,5
datadog,vm-scale-08,request_rate,api,centralus,rpm,2026-08-23 00:00:00,1784.3742983441189,222.98818711704106,4119.712992556249,6
azure_monitor,vm-scale-03,cpu_utilization,compute,centralus,percent,2026-08-23 00:00:00,50.59774711350755,26.83754691291663,82.02228160686703,6
azure_cost,vm-scale-02,daily_cost,compute,centralus,usd,2026-08-23 00:00:00,185.78657351473214,122.86811606456754,248.7050309648967,2
azure_cost,vm-scale-04,daily_cost,compute,westeurope,usd,2026-08-23 00:00:00,117.92279383189279,117.92279383189279,117.92279383189279,1
azure_cost,vm-scale-04,daily_cost,compute,eastus,usd,2026-08-24 00:00:00,211.2779407456231,159.44653195064234,260.6392567084355,4
azure_monitor,vm-scale-09,cpu_utilization,compute,westeurope,percent,2026-08-24 00:00:00,52.72073833688441,20.57344473673154,75.66598471945088,6
azure_monitor,vm-scale-02,cpu_utilization,compute,eastus,percent,2026-08-24 00:00:00,50.911117793466445,15.732651263635878,79.80395883085608,5
datadog,vm-scale-02,request_rate,api,eastus,rpm,2026-08-25 00:00:00,2320.890809482768,1400.1335344016074,4552.272725560049,4
datadog,vm-scale-07,request_rate,api,centralus,rpm,2026-08-25 00:00:00,3791.1521964199965,2245.8886834729547,4682.225144420113,3
azure_cost,vm-scale-06,daily_cost,compute,westeurope,usd,2026-08-25 00:00:00,110.86180710360112,67.23188966746376,172.18082117278277,7
azure_monitor,vm-scale-07,cpu_utilization,compute,westeurope,percent,2026-08-25 00:00:00,37.10773419474377,37.10773419474377,37.10773419474377,1
azure_cost,vm-scale-08,daily_cost,compute,centralus,usd,2026-08-26 00:00:00,242.78542248391088,211.77187918098764,273.7989657868341,2
datadog,vm-scale-09,request_rate,api,eastus,rpm,2026-08-26 00:00:00,2000.8194679448663,548.1144430742647,3675.326683787491,6
azure_monitor,vm-scale-07,cpu_utilization,compute,eastus,percent,2026-08-26 00:00:00,56.808323051015115,26.221665225639946,79.01373314374142,4
datadog,vm-scale-05,request_rate,api,westeurope,rpm,2026-08-26 00:00:00,3444.50395409138,2985.799254875388,4177.5649784720335,3
azure_monitor,vm-scale-08,cpu_utilization,compute,eastus,percent,2026-08-27 00:00:00,60.73365831545547,34.93948899146288,91.73326205510672,4
azure_monitor,vm-scale-05,cpu_utilization,compute,eastus,percent,2026-08-27 00:00:00,42.7514254145999,23.715174832748865,58.78952028827657,4
azure_monitor,vm-scale-01,cpu_utilization,compute,westeurope,percent,2026-08-27 00:00:00,58.37931206343912,20.272355106188115,84.46812472165867,3
azure_cost,vm-scale-08,daily_cost,compute,centralus,usd,2026-08-28 00:00:00,140.3331705343784,67.5627915108224,265.9537619928625,6
datadog,vm-scale-09,request_rate,api,eastus,rpm,2026-08-28 00:00:00,2226.5850059531595,807.9774152732451,3261.308040889316,4
datadog,vm-scale-05,request_rate,api,westeurope,rpm,2026-08-28 00:00:00,3114.8499656533895,1264.0702642749893,4826.461694802766,3
azure_monitor,vm-scale-07,cpu_utilization,compute,eastus,percent,2026-08-28 00:00:00,55.60977110711661,15.846864923496224,77.00363178450698,4
datadog,vm-scale-03,request_rate,api,centralus,rpm,2026-08-29 00:00:00,3570.1237156675697,1617.8607531424536,4924.78699669353,5
datadog,vm-scale-06,request_rate,api,eastus,rpm,2026-08-29 00:00:00,3447.1429752011004,613.9841250733998,4770.843820928676,6
azure_cost,vm-scale-07,daily_cost,compute,westeurope,usd,2026-08-29 00:00:00,137.72960565765982,85.15124216910206,232.0284062513769,3
azure_monitor,vm-scale-01,cpu_utilization,compute,eastus,percent,2026-08-29 00:00:00,65.69723224119386,40.682772474911786,90.71169200747593,2
datadog,vm-scale-09,request_rate,api,westeurope,rpm,2026-08-29 00:00:00,3789.4761133041507,3789.4761133041507,3789.4761133041507,1
datadog,vm-scale-04,request_rate,api,westeurope,rpm,2026-08-30 00:00:00,3272.199725054171,2081.758269692873,4462.641180415469,2
azure_cost,vm-scale-07,daily_cost,compute,eastus,usd,2026-08-30 00:00:00,80.0534345471034,80.0534345471034,80.0534345471034,1
datadog,vm-scale-07,request_rate,api,eastus,rpm,2026-08-30 00:00:00,2446.028905088373,1831.5233419459616,3367.653221041071,3
datadog,vm-scale-05,request_rate,api,centralus,rpm,2026-08-30 00:00:00,2488.1297223044676,815.5273383676667,4822.672814194144,10
azure_monitor,vm-scale-02,cpu_utilization,compute,westeurope,percent,2026-08-30 00:00:00,41.05986080263364,15.477643808853584,81.61295643685192,4
datadog,vm-scale-08,request_rate,api,eastus,rpm,2026-08-30 00:00:00,2706.380444030491,833.2151033827979,3868.172560343665,4
datadog,vm-scale-08,request_rate,api,centralus,rpm,2026-08-31 00:00:00,1381.0615258449743,163.43501934334836,2010.4293173415601,3
azure_cost,vm-scale-04,daily_cost,compute,westeurope,usd,2026-08-31 00:00:00,110.67715740658396,40.20306676040464,213.89198889168236,8
azure_cost,vm-scale-02,daily_cost,compute,centralus,usd,2026-08-31 00:00:00,184.36605856269003,94.56748164264444,236.57708422651262,7
azure_monitor,vm-scale-08,cpu_utilization,compute,centralus,percent,2026-08-31 00:00:00,64.78090727391287,64.78090727391287,64.78090727391287,1
azure_monitor,vm-scale-08,cpu_utilization,compute,westeurope,percent,2026-08-31 00:00:00,73.7560799310222,57.205102626415275,90.95253413275255,4
datadog,vm-scale-09,request_rate,api,centralus,rpm,2026-08-31 00:00:00,1760.5162008403267,387.4409925008373,3133.5914091798163,2
azure_monitor,vm-scale-03,cpu_utilization,compute,centralus,percent,2026-08-31 00:00:00,60.8061671876832,34.690254278127995,86.9220800972384,2
azure_monitor,vm-scale-09,cpu_utilization,compute,westeurope,percent,2026-09-01 00:00:00,75.92642063367721,67.54228147171017,84.31055979564425,2
azure_cost,vm-scale-04,daily_cost,compute,eastus,usd,2026-09-01 00:00:00,152.80272302434673,59.460002687695386,251.58928374861085,5
azure_monitor,vm-scale-02,cpu_utilization,compute,eastus,percent,2026-09-02 00:00:00,41.27867511862373,17.117004304740338,77.41951023589421,5
azure_monitor,vm-scale-09,cpu_utilization,compute,westeurope,percent,2026-09-02 00:00:00,53.371288204171776,30.844885270888497,67.9958368100142,3
azure_cost,vm-scale-04,daily_cost,compute,eastus,usd,2026-09-02 00:00:00,187.60032773434324,124.53154928969107,250.66910617899543,2
azure_monitor,vm-scale-07,cpu_utilization,compute,westeurope,percent,2026-09-03 00:00:00,35.63110478736893,17.739598291165496,69.91279538249583,3
datadog,vm-scale-02,request_rate,api,eastus,rpm,2026-09-03 00:00:00,2306.375424573008,400.10799254783467,4635.170987200697,3
azure_cost,vm-scale-06,daily_cost,compute,westeurope,usd,2026-09-03 00:00:00,145.1048555318143,80.89858522555342,264.054409624183,3
datadog,vm-scale-07,request_rate,api,centralus,rpm,2026-09-03 00:00:00,3929.810612672962,3929.810612672962,3929.810612672962,1
datadog,vm-scale-06,request_rate,api,eastus,rpm,2026-09-04 00:00:00,2423.931658542785,1556.8665138260951,3290.996803259475,2
datadog,vm-scale-09,request_rate,api,westeurope,rpm,2026-09-04 00:00:00,3510.4888251275133,3510.4888251275133,3510.4888251275133,1
azure_monitor,vm-scale-01,cpu_utilization,compute,eastus,percent,2026-09-04 00:00:00,61.170659716550624,61.170659716550624,61.170659716550624,1
datadog,vm-scale-03,request_rate,api,centralus,rpm,2026-09-04 00:00:00,3631.1530934001025,1957.9987838022032,4846.745954222098,3
azure_cost,vm-scale-07,daily_cost,compute,westeurope,usd,2026-09-04 00:00:00,101.1748288421508,69.08808502283372,144.79518804853376,3
azure_monitor,vm-dev-01,cpu_utilization,development,centralus,percent,2026-07-13 00:00:00,7.841897788501409,6.016535270336844,9.994309811138518,27
datadog,svc-api-gateway,request_rate,api,eastus2,rpm,2026-07-11 00:00:00,1202.9943839967482,1100.2572047736862,1340.8,300
azure_monitor,vm-prod-01,memory_utilization,compute,centralus,percent,2026-06-13 00:00:00,55.10304273611286,53.00426894352157,56.99895535836063,261
azure_monitor,vm-prod-01,memory_utilization,compute,centralus,percent,2026-06-14 00:00:00,55.0954532225424,53.01497061157033,56.99394131815467,264
datadog,svc-api-gateway,request_rate,api,eastus2,rpm,2026-06-18 00:00:00,1195.7843023012404,1100.0556129344545,1299.4266503368622,264
azure_monitor,vm-prod-01,memory_utilization,compute,centralus,percent,2026-06-20 00:00:00,55.042748028640176,53.00515719945795,56.98040191848866,264
azure_monitor,vm-prod-02,memory_utilization,compute,centralus,percent,2026-06-21 00:00:00,60.01972802015116,59.00880566687667,60.98846037754283,264
datadog,svc-api-gateway,error_rate,api,eastus2,percent,2026-06-21 00:00:00,0.48924464589641453,0.3002320047824999,0.6974344652758575,264
azure_monitor,vm-prod-01,cpu_utilization,compute,centralus,percent,2026-06-23 00:00:00,44.76089072453886,40.039873251407656,49.98533465345881,264
azure_monitor,vm-dev-01,memory_utilization,development,centralus,percent,2026-06-27 00:00:00,12.040447224513656,11.007939393864373,12.99819229710766,264
azure_monitor,vm-prod-02,cpu_utilization,compute,centralus,percent,2026-06-27 00:00:00,57.663711418626235,54.40047641412863,60.38537671142079,264
azure_monitor,vm-prod-01,cpu_utilization,compute,centralus,percent,2026-06-29 00:00:00,45.03430705347587,40.01949625971807,49.995893438357726,264
datadog,svc-api-gateway,request_rate,api,eastus2,rpm,2026-07-01 00:00:00,1203.7219766298902,1100.1178979820088,1298.207054777763,264
azure_monitor,vm-prod-02,memory_utilization,compute,centralus,percent,2026-07-03 00:00:00,60.000986520347205,59.02071028344869,60.97971697049817,264
datadog,svc-api-gateway,error_rate,api,eastus2,percent,2026-07-03 00:00:00,0.5077682374291709,0.3013114178111231,0.6995786897648594,264
azure_monitor,vm-dev-01,memory_utilization,development,centralus,percent,2026-07-04 00:00:00,12.06153467579326,11.00767713501426,12.989747100484307,264
azure_monitor,vm-prod-02,cpu_utilization,compute,centralus,percent,2026-07-04 00:00:00,68.19951180025203,64.9918165193101,70.88452356039618,264
azure_monitor,vm-dev-01,cpu_utilization,development,centralus,percent,2026-07-12 00:00:00,8.106173061867784,6.0769225937356515,9.954775963242486,114
azure_cost,svc-api-gateway,daily_cost,api,eastus2,usd,2026-06-27 00:00:00,49.3173634298598,48.10275365934762,51.71711389365472,11
azure_cost,vm-dev-01,daily_cost,development,centralus,usd,2026-06-30 00:00:00,9.846009634344677,9.11032053309053,10.798665704596225,11
azure_cost,svc-api-gateway,daily_cost,api,eastus2,usd,2026-07-04 00:00:00,50.524810457978404,48.62468911399414,51.769518034893,11
azure_cost,vm-prod-02,daily_cost,compute,centralus,usd,2026-07-06 00:00:00,149.05364568480996,143.7391870152356,156.29180943503047,11
azure_monitor,vm-prod-02,memory_utilization,compute,centralus,percent,2026-07-21 00:00:00,60.01117883576961,59.09383897496758,60.79737318102578,24
datadog,svc-api-gateway,error_rate,api,eastus2,percent,2026-07-21 00:00:00,0.4934322660642862,0.3046940553169022,0.6968646631194764,24
azure_monitor,vm-dev-01,memory_utilization,development,centralus,percent,2026-07-23 00:00:00,11.88970793005373,11.003445943529261,12.98267202066715,24
azure_monitor,vm-prod-02,cpu_utilization,compute,centralus,percent,2026-07-23 00:00:00,59.857710369363794,57.4181940379757,62.05718541117664,24
azure_monitor,vm-prod-01,memory_utilization,compute,centralus,percent,2026-07-25 00:00:00,54.79275876958806,53.067136834644124,56.905029455440975,24
azure_monitor,vm-dev-01,cpu_utilization,development,centralus,percent,2026-07-26 00:00:00,8.066282499903604,6.1095842457907175,9.733656977411952,24
azure_monitor,vm-prod-01,memory_utilization,compute,centralus,percent,2026-07-29 00:00:00,54.8973225403872,53.168354179522915,56.91469601769165,24
azure_monitor,vm-prod-01,memory_utilization,compute,centralus,percent,2026-08-04 00:00:00,55.13870400190603,53.280654197470334,56.58976094463186,24
azure_monitor,vm-prod-01,memory_utilization,compute,centralus,percent,2026-08-05 00:00:00,55.27916428640928,53.46980601058408,56.963956476401485,24
azure_monitor,vm-prod-01,cpu_utilization,compute,centralus,percent,2026-08-06 00:00:00,47.91436022703595,43.638078580212586,49.93213087691575,5
azure_cost,vm-dev-01,daily_cost,development,centralus,usd,2026-07-17 00:00:00,9.848581754607938,9.848581754607938,9.848581754607938,1
azure_cost,vm-dev-01,daily_cost,development,centralus,usd,2026-07-18 00:00:00,10.701690778470594,10.701690778470594,10.701690778470594,1
azure_cost,svc-api-gateway,daily_cost,api,eastus2,usd,2026-07-23 00:00:00,51.110975803063006,51.110975803063006,51.110975803063006,1
azure_cost,vm-prod-01,daily_cost,compute,centralus,usd,2026-07-26 00:00:00,96.57024190551373,96.57024190551373,96.57024190551373,1
azure_cost,vm-dev-01,daily_cost,development,centralus,usd,2026-07-27 00:00:00,10.907643815568248,10.907643815568248,10.907643815568248,1
azure_cost,vm-prod-02,daily_cost,compute,centralus,usd,2026-07-28 00:00:00,151.9926718555246,151.9926718555246,151.9926718555246,1
azure_cost,vm-dev-01,daily_cost,development,centralus,usd,2026-07-30 00:00:00,9.187877838585752,9.187877838585752,9.187877838585752,1
azure_cost,vm-dev-01,daily_cost,development,centralus,usd,2026-08-02 00:00:00,10.769941778183485,10.769941778183485,10.769941778183485,1
azure_cost,vm-prod-02,daily_cost,compute,centralus,usd,2026-08-03 00:00:00,142.60869387152277,142.60869387152277,142.60869387152277,1
azure_cost,vm-scale-05,daily_cost,compute,westeurope,usd,2026-07-30 00:00:00,91.72255780247156,91.72255780247156,91.72255780247156,1
datadog,vm-scale-08,request_rate,api,westeurope,rpm,2026-07-31 00:00:00,2429.3482237267704,1094.201962632771,3419.073311283038,5
azure_cost,vm-scale-08,daily_cost,compute,eastus,usd,2026-07-31 00:00:00,125.1570179590508,80.6004963514988,179.62823724376995,3
azure_monitor,vm-scale-06,cpu_utilization,compute,centralus,percent,2026-07-31 00:00:00,50.07944475758996,50.07944475758996,50.07944475758996,1
azure_monitor,vm-scale-04,cpu_utilization,compute,eastus,percent,2026-07-31 00:00:00,19.825434253585442,18.104280579031638,21.546587928139246,2
datadog,vm-scale-03,request_rate,api,westeurope,rpm,2026-07-31 00:00:00,4057.5172563960346,3677.1084244448166,4437.9260883472525,2
azure_cost,vm-scale-04,daily_cost,compute,eastus,usd,2026-08-01 00:00:00,99.61856441150246,53.42373261120939,154.36068725146544,6
azure_monitor,vm-scale-02,cpu_utilization,compute,eastus,percent,2026-08-01 00:00:00,72.26739841535999,72.26739841535999,72.26739841535999,1
azure_monitor,vm-scale-09,cpu_utilization,compute,westeurope,percent,2026-08-01 00:00:00,47.69849578497536,47.69849578497536,47.69849578497536,1
azure_cost,vm-scale-04,daily_cost,compute,centralus,usd,2026-08-02 00:00:00,177.86072554569182,117.24125187070075,273.1858061566685,3
azure_cost,vm-scale-05,daily_cost,compute,westeurope,usd,2026-08-02 00:00:00,75.60305923849204,54.68126621103771,116.5854432772474,4
azure_cost,vm-scale-01,daily_cost,compute,westeurope,usd,2026-08-02 00:00:00,221.4086282489879,209.72397662324445,233.09327987473134,2
azure_cost,vm-scale-08,daily_cost,compute,centralus,usd,2026-08-03 00:00:00,143.675409176111,125.23575758546549,176.92986386180715,3
azure_monitor,vm-scale-07,cpu_utilization,compute,eastus,percent,2026-08-03 00:00:00,50.76184636667542,17.637918345452064,85.49895472164306,7
datadog,vm-scale-09,request_rate,api,eastus,rpm,2026-08-03 00:00:00,2365.3376601735517,228.55318121022125,4051.5020717874427,3
datadog,vm-scale-05,request_rate,api,westeurope,rpm,2026-08-03 00:00:00,2240.2022921974385,1090.0608984365335,3390.343685958344,2
azure_cost,vm-scale-05,daily_cost,compute,centralus,usd,2026-08-04 00:00:00,99.62634381383295,52.62663763285101,189.04793954389405,7
azure_cost,vm-scale-03,daily_cost,compute,centralus,usd,2026-08-04 00:00:00,192.7799716521778,121.455373041348,271.03585479829655,7
azure_cost,vm-scale-01,daily_cost,compute,centralus,usd,2026-08-04 00:00:00,107.39090417874509,55.42330861058631,164.2034048195066,3
azure_cost,vm-scale-02,daily_cost,compute,eastus,usd,2026-08-04 00:00:00,176.54358091610803,141.83462898022222,247.86389141429476,5
datadog,vm-scale-07,request_rate,api,westeurope,rpm,2026-08-04 00:00:00,2929.443621215951,622.5667702742393,4565.113251266511,7
azure_monitor,vm-scale-06,cpu_utilization,compute,eastus,percent,2026-08-04 00:00:00,29.061889087649018,16.875803456738545,57.08696352360864,5
azure_monitor,vm-scale-04,cpu_utilization,compute,westeurope,percent,2026-08-04 00:00:00,53.62147370660841,30.927496962657784,90.60215455895244,4
azure_cost,vm-scale-07,daily_cost,compute,centralus,usd,2026-08-04 00:00:00,175.5755259066125,92.01423998866836,256.95995994877836,6
azure_cost,vm-scale-06,daily_cost,compute,eastus,usd,2026-08-04 00:00:00,230.85604105858394,220.07015627173922,241.64192584542866,2
azure_monitor,vm-scale-04,cpu_utilization,compute,westeurope,percent,2026-08-05 00:00:00,31.772234184513763,22.026752668073332,36.87979370908481,3
datadog,vm-scale-07,request_rate,api,westeurope,rpm,2026-08-05 00:00:00,1467.277214897049,1091.737254909463,1776.5401961926107,3
azure_cost,vm-scale-06,daily_cost,compute,eastus,usd,2026-08-05 00:00:00,188.55030978823885,72.49832531870832,279.93008051741504,8
azure_cost,vm-scale-03,daily_cost,compute,centralus,usd,2026-08-05 00:00:00,167.578112793102,84.31851560166766,274.0744275427761,6
azure_cost,vm-scale-01,daily_cost,compute,centralus,usd,2026-08-05 00:00:00,173.75591142489813,74.48073130212154,231.1793562694762,3
azure_cost,vm-scale-07,daily_cost,compute,centralus,usd,2026-08-05 00:00:00,126.71562559007582,51.93684789380175,216.33760013468896,6
azure_cost,vm-scale-05,daily_cost,compute,centralus,usd,2026-08-05 00:00:00,155.66563038079966,67.70415606873706,258.0820099537468,5
azure_monitor,vm-scale-06,cpu_utilization,compute,eastus,percent,2026-08-05 00:00:00,48.355951013839004,29.986681121838835,66.72522090583917,2
azure_cost,vm-scale-02,daily_cost,compute,eastus,usd,2026-08-05 00:00:00,212.42195469361502,153.83127344531056,271.0126359419195,2
azure_cost,vm-scale-06,daily_cost,compute,centralus,usd,2026-08-06 00:00:00,199.458006720498,113.06275631675047,250.83097483097086,6
datadog,vm-scale-06,request_rate,api,centralus,rpm,2026-08-06 00:00:00,1537.0122425555155,684.7842153527815,2392.4864623313815,4
datadog,vm-scale-06,request_rate,api,westeurope,rpm,2026-08-06 00:00:00,3456.7485982017442,2688.2298372313426,4725.014827437223,4
azure_cost,vm-scale-08,daily_cost,compute,centralus,usd,2026-08-07 00:00:00,143.64180647066058,57.07250773844959,227.61147994608586,8
datadog,vm-scale-05,request_rate,api,westeurope,rpm,2026-08-07 00:00:00,2224.0546871527335,1078.951729970041,2944.2398360390657,5
azure_monitor,vm-scale-07,cpu_utilization,compute,eastus,percent,2026-08-07 00:00:00,82.74294603406545,77.41515761708175,86.88323609151217,4
datadog,vm-scale-09,request_rate,api,eastus,rpm,2026-08-07 00:00:00,3681.4677768508377,3681.4677768508377,3681.4677768508377,1
azure_cost,vm-scale-04,daily_cost,compute,centralus,usd,2026-08-08 00:00:00,123.98125477461782,103.78749240719492,144.17501714204073,2
azure_cost,vm-scale-05,daily_cost,compute,westeurope,usd,2026-08-08 00:00:00,188.64350690341118,151.26322443652242,243.03440956640668,7
azure_cost,vm-scale-01,daily_cost,compute,westeurope,usd,2026-08-08 00:00:00,205.2034860995309,145.26737980656708,262.8565742176895,5
azure_cost,vm-scale-04,daily_cost,compute,centralus,usd,2026-08-09 00:00:00,176.75855352058667,104.10466814395886,228.6728885810226,6
azure_cost,vm-scale-01,daily_cost,compute,westeurope,usd,2026-08-09 00:00:00,142.56000240059907,66.99774671503286,257.9219969243522,3
azure_cost,vm-scale-05,daily_cost,compute,westeurope,usd,2026-08-09 00:00:00,194.37865319977672,118.73084293944844,260.50039388384954,3
azure_cost,vm-scale-08,daily_cost,compute,centralus,usd,2026-08-10 00:00:00,185.0135089846825,156.6230498056404,224.45059709099792,6
azure_monitor,vm-scale-07,cpu_utilization,compute,eastus,percent,2026-08-10 00:00:00,31.98229432829972,16.091020860417487,42.371605207074026,3
datadog,vm-scale-05,request_rate,api,westeurope,rpm,2026-08-10 00:00:00,148.17367924579136,148.17367924579136,148.17367924579136,1
datadog,vm-scale-09,request_rate,api,eastus,rpm,2026-08-10 00:00:00,4860.239945206783,4860.239945206783,4860.239945206783,1
azure_monitor,vm-scale-05,cpu_utilization,compute,eastus,percent,2026-08-11 00:00:00,58.91391595872635,35.82015233408883,83.5387095436625,4
azure_monitor,vm-scale-01,cpu_utilization,compute,westeurope,percent,2026-08-11 00:00:00,67.31525830636353,48.35084557141276,85.06571755988533,5
azure_monitor,vm-scale-08,cpu_utilization,compute,eastus,percent,2026-08-11 00:00:00,57.68045564608991,24.047507401216926,91.3134038909629,2
datadog,vm-scale-09,request_rate,api,eastus,rpm,2026-08-12 00:00:00,2952.658400244261,1697.688708059544,4500.209346496607,5
azure_cost,vm-scale-08,daily_cost,compute,centralus,usd,2026-08-12 00:00:00,217.5375951322411,198.57343328551352,236.50175697896867,2
datadog,vm-scale-05,request_rate,api,westeurope,rpm,2026-08-12 00:00:00,1979.9125207739914,227.31875612876192,4238.768140316379,6
azure_monitor,vm-scale-07,cpu_utilization,compute,eastus,percent,2026-08-12 00:00:00,57.68063641018325,57.68063641018325,57.68063641018325,1
datadog,vm-scale-09,request_rate,api,centralus,rpm,2026-08-13 00:00:00,2342.9034732967325,457.7833612404316,4989.053372861286,6
azure_cost,vm-scale-02,daily_cost,compute,centralus,usd,2026-08-13 00:00:00,114.57956238895177,64.57098414722611,191.30910743305736,3
azure_monitor,vm-scale-08,cpu_utilization,compute,centralus,percent,2026-08-13 00:00:00,52.68620677099751,38.328168692890586,72.12955040809334,3
azure_monitor,vm-scale-08,cpu_utilization,compute,westeurope,percent,2026-08-13 00:00:00,41.77316902002658,26.22261374451373,65.3762959991917,3
azure_cost,vm-scale-04,daily_cost,compute,westeurope,usd,2026-08-13 00:00:00,122.97222820081609,53.262241787601184,192.68221461403098,2
azure_monitor,vm-scale-03,cpu_utilization,compute,centralus,percent,2026-08-13 00:00:00,43.97625226646327,34.42748165402686,50.21254901807228,3
datadog,vm-scale-08,request_rate,api,centralus,rpm,2026-08-13 00:00:00,2405.0161172121225,1995.1450754342516,2912.4438353762016,3
azure_monitor,vm-scale-06,cpu_utilization,compute,centralus,percent,2026-08-14 00:00:00,59.39215584287051,48.39407638314868,69.3868938998275,4
datadog,vm-scale-03,request_rate,api,westeurope,rpm,2026-08-14 00:00:00,4801.530059851547,4801.530059851547,4801.530059851547,1
azure_monitor,vm-scale-04,cpu_utilization,compute,eastus,percent,2026-08-14 00:00:00,71.70131084535524,48.226902499189826,89.02136661239966,4
azure_cost,vm-scale-08,daily_cost,compute,eastus,usd,2026-08-14 00:00:00,169.40535535469138,169.40535535469138,169.40535535469138,1
datadog,vm-scale-08,request_rate,api,westeurope,rpm,2026-08-14 00:00:00,2720.4687977793437,1507.9826251274635,3932.954970431224,2
datadog,vm-scale-03,request_rate,api,westeurope,rpm,2026-08-15 00:00:00,3092.2113756012072,1919.1350913340711,4936.026165219564,3
azure_monitor,vm-scale-06,cpu_utilization,compute,centralus,percent,2026-08-15 00:00:00,68.42801525251153,48.42326785424595,88.4327626507771,2
datadog,vm-scale-08,request_rate,api,westeurope,rpm,2026-08-15 00:00:00,1033.2435987196423,285.3187319554969,2566.087761501246,6
azure_monitor,vm-scale-04,cpu_utilization,compute,eastus,percent,2026-08-15 00:00:00,46.85847269866419,16.596135411510012,77.12080998581837,2
azure_cost,vm-scale-08,daily_cost,compute,eastus,usd,2026-08-15 00:00:00,224.5922989435167,181.2230140628569,267.96158382417656,2
azure_monitor,vm-scale-05,cpu_utilization,compute,eastus,percent,2026-08-16 00:00:00,54.42678282837825,23.096108926783703,83.98052191900499,5
azure_monitor,vm-scale-01,cpu_utilization,compute,westeurope,percent,2026-08-16 00:00:00,52.68197241014377,31.252088519919063,69.78841095964876,3
azure_monitor,vm-scale-08,cpu_utilization,compute,eastus,percent,2026-08-16 00:00:00,19.075433675916777,19.075433675916777,19.075433675916777,1
datadog,vm-scale-06,request_rate,api,westeurope,rpm,2026-08-17 00:00:00,2556.959540863668,218.96007433634048,4832.11817010996,7
azure_cost,vm-scale-06,daily_cost,compute,centralus,usd,2026-08-17 00:00:00,201.46547097877743,53.11162181560196,272.0527319704162,5
datadog,vm-scale-06,request_rate,api,centralus,rpm,2026-08-17 00:00:00,3537.811006431993,1087.4512640342887,4924.171259653018,3
datadog,vm-scale-06,request_rate,api,centralus,rpm,2026-08-18 00:00:00,3611.1960130551647,3556.397434646634,3689.998565969463,3
azure_cost,vm-scale-06,daily_cost,compute,centralus,usd,2026-08-18 00:00:00,157.50767665377668,80.98213949921166,258.9659832344687,6
datadog,vm-scale-06,request_rate,api,westeurope,rpm,2026-08-18 00:00:00,2420.8742916114866,919.4032215255442,4717.790638758894,4
datadog,vm-scale-02,request_rate,api,eastus,rpm,2026-08-19 00:00:00,2731.9768909822205,859.6707759550025,4210.638440158409,5
datadog,vm-scale-07,request_rate,api,centralus,rpm,2026-08-19 00:00:00,4012.885155240374,3260.3718125832474,4863.269591872821,4
azure_monitor,vm-scale-07,cpu_utilization,compute,westeurope,percent,2026-08-19 00:00:00,59.38399525088761,46.63881952104386,70.47134451345474,3
azure_monitor,vm-scale-08,cpu_utilization,compute,westeurope,percent,2026-08-20 00:00:00,67.32809300020656,15.910203259470961,87.62391192488249,4
azure_monitor,vm-scale-03,cpu_utilization,compute,centralus,percent,2026-08-20 00:00:00,62.12431994967606,43.10849657143323,74.06592556510401,3
azure_cost,vm-scale-04,daily_cost,compute,westeurope,usd,2026-08-20 00:00:00,134.73403551683919,65.84977267860467,258.7069440654728,7
azure_monitor,vm-scale-08,cpu_utilization,compute,centralus,percent,2026-08-20 00:00:00,40.3430004678912,32.385729658458786,48.30027127732362,2
azure_cost,vm-scale-02,daily_cost,compute,centralus,usd,2026-08-20 00:00:00,143.28787375653897,40.84930462398928,258.8303469715788,4
datadog,vm-scale-08,request_rate,api,centralus,rpm,2026-08-20 00:00:00,2392.705810372957,1098.7560279288764,4969.350044630209,3
datadog,vm-scale-09,request_rate,api,centralus,rpm,2026-08-20 00:00:00,1325.0803612761056,1325.0803612761056,1325.0803612761056,1
azure_monitor,vm-scale-02,cpu_utilization,compute,westeurope,percent,2026-08-21 00:00:00,53.45425338965746,18.831179343665138,77.70198548547377,5
azure_cost,vm-scale-07,daily_cost,compute,eastus,usd,2026-08-21 00:00:00,188.65261955239384,56.32945611917464,278.9120538877751,3
datadog,vm-scale-05,request_rate,api,centralus,rpm,2026-08-21 00:00:00,1667.7846331975263,196.66687241314764,4164.525542374007,8
datadog,vm-scale-08,request_rate,api,eastus,rpm,2026-08-21 00:00:00,2968.429406866256,1984.9072952532981,4206.216243881063,3
datadog,vm-scale-07,request_rate,api,eastus,rpm,2026-08-21 00:00:00,1778.204560031717,768.4200886832411,2282.832035683443,4
datadog,vm-scale-04,request_rate,api,westeurope,rpm,2026-08-21 00:00:00,2203.5265667260383,173.7641805857786,4233.288952866298,2
azure_cost,vm-scale-01,daily_cost,compute,eastus,usd,2026-08-22 00:00:00,161.07251610417754,41.79817949718405,278.32671569020283,6
azure_monitor,vm-scale-03,cpu_utilization,compute,westeurope,percent,2026-08-22 00:00:00,44.712948072760426,32.54815807057784,56.877738074943004,2
azure_monitor,vm-scale-04,cpu_utilization,compute,westeurope,percent,2026-08-23 00:00:00,58.031607313161906,48.9742492983138,65.44264642989967,3
azure_cost,vm-scale-03,daily_cost,compute,centralus,usd,2026-08-23 00:00:00,242.2783642049108,242.2783642049108,242.2783642049108,1
azure_cost,vm-scale-06,daily_cost,compute,eastus,usd,2026-08-23 00:00:00,107.32739493619145,42.92122363974241,170.9992991388984,4
azure_cost,vm-scale-02,daily_cost,compute,eastus,usd,2026-08-23 00:00:00,97.2514811210457,84.43511024598672,107.91020295093858,3
azure_cost,vm-scale-07,daily_cost,compute,centralus,usd,2026-08-23 00:00:00,169.40006105389585,111.15664665660682,226.29691828107156,4
azure_monitor,vm-scale-06,cpu_utilization,compute,eastus,percent,2026-08-23 00:00:00,62.38449907952568,37.364474762291536,89.37173725563486,3
datadog,vm-scale-07,request_rate,api,westeurope,rpm,2026-08-23 00:00:00,3015.941439877148,1409.0152610875784,4946.913139631169,4
azure_cost,vm-scale-05,daily_cost,compute,centralus,usd,2026-08-23 00:00:00,257.24420014827865,242.48905454460785,271.9993457519495,2
azure_cost,vm-scale-01,daily_cost,compute,centralus,usd,2026-08-23 00:00:00,142.89630186690795,142.89630186690795,142.89630186690795,1
azure_monitor,vm-scale-03,cpu_utilization,compute,westeurope,percent,2026-08-24 00:00:00,71.71976575756882,58.296306077973654,84.27655153182509,3
azure_cost,vm-scale-01,daily_cost,compute,eastus,usd,2026-08-24 00:00:00,151.25090842858256,145.95909357876627,156.54272327839885,2
datadog,vm-scale-03,request_rate,api,eastus,rpm,2026-08-25 00:00:00,3192.729060621979,2091.065242909406,4294.392878334552,2
datadog,vm-scale-04,request_rate,api,eastus,rpm,2026-08-25 00:00:00,3079.2480187488295,1415.9520963267553,4893.519932617019,5
azure_monitor,vm-scale-05,cpu_utilization,compute,westeurope,percent,2026-08-25 00:00:00,55.28886066936147,20.008126272331836,72.43281860476998,4
datadog,vm-scale-05,request_rate,api,eastus,rpm,2026-08-25 00:00:00,2461.4060186990573,1630.2489583140994,3166.7464751070693,3
azure_cost,vm-scale-02,daily_cost,compute,westeurope,usd,2026-08-25 00:00:00,201.99333260637928,118.00288397080354,258.47200131255806,4
azure_cost,vm-scale-09,daily_cost,compute,centralus,usd,2026-08-25 00:00:00,239.56877803705316,230.79691211414433,248.34064395996202,2
azure_monitor,vm-scale-04,cpu_utilization,compute,centralus,percent,2026-08-25 00:00:00,37.33511327895688,24.021618237833515,49.55205934589662,4
datadog,vm-scale-04,request_rate,api,centralus,rpm,2026-08-25 00:00:00,3211.0024735455413,1873.8010540864116,4548.203893004671,2
azure_cost,vm-scale-09,daily_cost,compute,eastus,usd,2026-08-25 00:00:00,151.1085684104508,55.17821435993092,272.0469992483104,5
datadog,vm-scale-02,request_rate,api,westeurope,rpm,2026-08-26 00:00:00,2952.757328653555,1486.0032842184262,3713.7287712901057,3
azure_cost,vm-scale-03,daily_cost,compute,eastus,usd,2026-08-26 00:00:00,141.98011703039606,40.62080113599358,265.07499823702096,4
azure_cost,vm-scale-08,daily_cost,compute,westeurope,usd,2026-08-26 00:00:00,241.1583884006675,212.61516012869376,277.84729126215836,3
azure_monitor,vm-scale-01,cpu_utilization,compute,centralus,percent,2026-08-26 00:00:00,56.51625631278413,34.75922408704221,87.54017869428333,4
azure_cost,vm-scale-09,daily_cost,compute,westeurope,usd,2026-08-26 00:00:00,211.77003224042483,162.13895291542428,269.9358545473582,6
datadog,vm-scale-01,request_rate,api,centralus,rpm,2026-08-26 00:00:00,2421.1986447989216,1570.7096557699533,3786.3895221688626,6
azure_monitor,vm-scale-05,cpu_utilization,compute,centralus,percent,2026-08-26 00:00:00,48.06066610923168,30.316475069179475,89.77794465667647,6
datadog,vm-scale-01,request_rate,api,eastus,rpm,2026-08-26 00:00:00,3190.3163320157432,983.1255996821552,4678.943084040768,3
datadog,vm-scale-02,request_rate,api,centralus,rpm,2026-08-26 00:00:00,798.3692313972007,798.3692313972007,798.3692313972007,1
azure_cost,vm-scale-05,daily_cost,compute,eastus,usd,2026-08-26 00:00:00,214.47177086875067,158.28037265622146,264.670499540251,3
azure_monitor,vm-scale-03,cpu_utilization,compute,eastus,percent,2026-08-26 00:00:00,59.49946546008909,59.1792890208905,59.81964189928768,2
azure_monitor,vm-scale-09,cpu_utilization,compute,eastus,percent,2026-08-27 00:00:00,52.09887095512997,22.219150636448163,90.05680068233623,4
azure_monitor,vm-scale-07,cpu_utilization,compute,centralus,percent,2026-08-27 00:00:00,54.059272464493006,54.059272464493006,54.059272464493006,1
azure_cost,vm-scale-08,daily_cost,compute,westeurope,usd,2026-08-28 00:00:00,217.8347439965331,158.46935172842404,265.9423481929372,3
datadog,vm-scale-02,request_rate,api,centralus,rpm,2026-08-28 00:00:00,1762.4383677208268,1338.6884793092684,2475.3034754578243,3
azure_cost,vm-scale-03,daily_cost,compute,eastus,usd,2026-08-28 00:00:00,138.36423524931598,45.10461022570983,231.62386027292214,2
azure_monitor,vm-scale-01,cpu_utilization,compute,centralus,percent,2026-08-28 00:00:00,42.02276343351117,17.9609885213317,64.55749252224655,4
datadog,vm-scale-01,request_rate,api,centralus,rpm,2026-08-28 00:00:00,3102.4124585009313,1775.1672297912637,3789.9994144020543,4
azure_cost,vm-scale-09,daily_cost,compute,westeurope,usd,2026-08-28 00:00:00,162.0527963218802,87.25459324289542,203.56446959051303,3
azure_monitor,vm-scale-09,cpu_utilization,compute,centralus,percent,2026-08-28 00:00:00,53.651465001142995,45.24194070734701,62.060989294938985,2
datadog,vm-scale-02,request_rate,api,westeurope,rpm,2026-08-28 00:00:00,386.29116591872264,137.57621953640174,635.0061123010436,2
azure_cost,vm-scale-05,daily_cost,compute,eastus,usd,2026-08-28 00:00:00,207.9674621336,175.05284285577608,240.91380754800258,4
azure_monitor,vm-scale-05,cpu_utilization,compute,centralus,percent,2026-08-28 00:00:00,70.03030650976552,25.747107550183358,88.95257283034579,4
datadog,vm-scale-01,request_rate,api,eastus,rpm,2026-08-28 00:00:00,1457.9151751714035,1067.2329118256007,1930.1277001290712,3
azure_monitor,vm-scale-03,cpu_utilization,compute,eastus,percent,2026-08-28 00:00:00,22.77844083258381,22.77844083258381,22.77844083258381,1
azure_cost,vm-scale-06,daily_cost,compute,centralus,usd,2026-08-29 00:00:00,154.45297247635494,72.77753863721358,231.24565983676354,4
datadog,vm-scale-06,request_rate,api,centralus,rpm,2026-08-29 00:00:00,1648.827583354073,1648.827583354073,1648.827583354073,1
datadog,vm-scale-06,request_rate,api,westeurope,rpm,2026-08-29 00:00:00,1792.6750828646673,820.1305298578548,3140.3606409252848,4
datadog,vm-scale-08,request_rate,api,westeurope,rpm,2026-08-30 00:00:00,2643.1116225383744,727.7857346220776,4282.635478550848,6
azure_cost,vm-scale-08,daily_cost,compute,eastus,usd,2026-08-30 00:00:00,118.64652689384312,46.71615005673403,260.3986689948392,5
datadog,vm-scale-03,request_rate,api,westeurope,rpm,2026-08-30 00:00:00,3598.2838409718547,1138.6917607174394,4853.148006193028,3
azure_monitor,vm-scale-06,cpu_utilization,compute,centralus,percent,2026-08-30 00:00:00,33.52065317003747,17.387058538893175,49.65424780118176,2
azure_monitor,vm-scale-04,cpu_utilization,compute,eastus,percent,2026-08-30 00:00:00,51.002684974509705,51.002684974509705,51.002684974509705,1
azure_cost,vm-scale-07,daily_cost,compute,centralus,usd,2026-08-31 00:00:00,178.04415722067168,82.8683027734745,246.6519032712611,7
azure_cost,vm-scale-02,daily_cost,compute,eastus,usd,2026-08-31 00:00:00,159.23788742298953,102.5194986374689,229.76748883194855,5
azure_cost,vm-scale-01,daily_cost,compute,centralus,usd,2026-08-31 00:00:00,160.0234538243337,96.6586936032372,237.46276073040863,4
azure_monitor,vm-scale-06,cpu_utilization,compute,eastus,percent,2026-08-31 00:00:00,26.962076787155862,16.135799984087747,37.78835359022398,2
azure_cost,vm-scale-03,daily_cost,compute,centralus,usd,2026-08-31 00:00:00,120.48374514665572,51.1480752579337,187.1009738108095,3
datadog,vm-scale-07,request_rate,api,westeurope,rpm,2026-08-31 00:00:00,1188.9017368006862,403.95446107114935,1910.0821326238508,4
azure_cost,vm-scale-06,daily_cost,compute,eastus,usd,2026-08-31 00:00:00,165.1173813068293,116.36486859718634,213.86989401647224,2
azure_cost,vm-scale-05,daily_cost,compute,centralus,usd,2026-08-31 00:00:00,157.52782512109587,64.00599278502592,251.3613054809885,4
azure_monitor,vm-scale-04,cpu_utilization,compute,westeurope,percent,2026-08-31 00:00:00,17.998115226181138,17.998115226181138,17.998115226181138,1
azure_monitor,vm-scale-03,cpu_utilization,compute,westeurope,percent,2026-09-01 00:00:00,49.026491607568566,21.574455338888686,88.24729495863211,4
azure_cost,vm-scale-01,daily_cost,compute,eastus,usd,2026-09-01 00:00:00,160.22544635584538,73.77938037251315,274.3159622652354,4
azure_monitor,vm-scale-03,cpu_utilization,compute,westeurope,percent,2026-09-02 00:00:00,26.172579086205445,24.949062841584148,27.65955254963236,3
azure_cost,vm-scale-01,daily_cost,compute,eastus,usd,2026-09-02 00:00:00,129.14555561059962,129.14555561059962,129.14555561059962,1
datadog,vm-scale-03,request_rate,api,eastus,rpm,2026-09-03 00:00:00,1343.2759497865047,201.3652694348285,3477.870502959236,3
datadog,vm-scale-05,request_rate,api,eastus,rpm,2026-09-03 00:00:00,2366.8343688761715,1382.379524724105,3145.828618824123,4
azure_cost,vm-scale-09,daily_cost,compute,eastus,usd,2026-09-03 00:00:00,190.37987626967103,74.84493474053025,258.66928553483757,4
azure_monitor,vm-scale-05,cpu_utilization,compute,westeurope,percent,2026-09-03 00:00:00,47.54848989061788,15.769029102144817,72.51457962187793,7
azure_monitor,vm-scale-04,cpu_utilization,compute,centralus,percent,2026-09-03 00:00:00,45.00032745149296,22.610139617311116,81.32068583764963,3
datadog,vm-scale-04,request_rate,api,eastus,rpm,2026-09-03 00:00:00,1559.6086404911503,879.8032817753602,2412.1245117381213,3
datadog,vm-scale-04,request_rate,api,centralus,rpm,2026-09-03 00:00:00,2684.257041433145,1140.8177091437733,4110.65763796748,4
azure_cost,vm-scale-02,daily_cost,compute,westeurope,usd,2026-09-03 00:00:00,81.09597949514534,81.09597949514534,81.09597949514534,1
azure_cost,vm-scale-09,daily_cost,compute,centralus,usd,2026-09-03 00:00:00,189.6530592527826,175.29086582858082,204.01525267698443,2
azure_cost,vm-scale-06,daily_cost,compute,centralus,usd,2026-09-04 00:00:00,183.7490780060838,57.95155054225588,269.7759799986187,5
datadog,vm-scale-06,request_rate,api,westeurope,rpm,2026-09-04 00:00:00,2558.1534398407134,451.7488038036481,4468.703117015327,6
azure_monitor,vm-prod-01,cpu_utilization,compute,centralus,percent,2026-07-13 00:00:00,44.523384956277035,40.18706125607328,49.83545787566115,27
azure_cost,vm-prod-01,daily_cost,compute,centralus,usd,2026-07-12 00:00:00,201.8479620416378,103.69592408327559,300.0,2
datadog,svc-api-gateway,request_rate,api,eastus2,rpm,2026-07-15 00:00:00,1208.2218539934122,1102.3030405415434,1290.5676916977598,24
